SnO2_Rpm,Spiro_Oxid_Dur,gpr_predicted,rf_predicted,knn_predicted,ensemble_mean_prediction,ensemble_std_prediction,ensemble_upper_score,exceeds_best_observed_ensemble_mean,exceeds_best_observed_ensemble_upper
3500.0,3.0,15.864736553428843,16.04755666666666,16.136666666666667,16.01631996225406,0.11319097548922717,16.129510937743287,False,False
3500.0,3.5,15.526368823586873,16.04755666666666,16.136666666666667,15.9035307189734,0.26916348133141266,16.17269420030481,False,False
3500.0,4.0,15.52636842105263,16.04755666666666,16.136666666666667,15.90353058479532,0.2691636693467383,16.17269425414206,False,False
3500.0,4.5,15.52636842105263,16.04755666666666,16.136666666666667,15.90353058479532,0.2691636693467383,16.17269425414206,False,False
3500.0,5.0,15.52636842105263,16.45601333333336,16.136666666666667,16.039682807017552,0.38567198282710863,16.42535478984466,False,False
3500.0,5.5,15.52636929586062,16.45601333333336,16.136666666666667,16.039683098620216,0.38567159471534795,16.425354693335564,False,False
3500.0,6.0,16.261727340288353,16.45601333333336,16.136666666666667,16.284802446762793,0.1313897986448137,16.416192245407608,False,False
3500.0,6.5,15.52636929586062,16.45601333333336,16.136666666666667,16.039683098620216,0.38567159471534795,16.425354693335564,False,False
3500.0,7.0,15.52636842105263,16.45601333333336,16.136666666666667,16.039682807017552,0.38567198282710863,16.42535478984466,False,False
3500.0,7.5,15.52636842105263,16.45601333333336,16.136666666666667,16.039682807017552,0.38567198282710863,16.42535478984466,False,False
3500.0,8.0,15.52636842105263,16.452490000000022,16.136666666666667,16.038508362573108,0.38440567481494103,16.42291403738805,False,False
3500.0,8.5,15.52636842105263,16.452490000000022,16.136666666666667,16.038508362573108,0.38440567481494103,16.42291403738805,False,False
3500.0,9.0,15.52636842105263,16.452490000000022,16.136666666666667,16.038508362573108,0.38440567481494103,16.42291403738805,False,False
3500.0,9.5,15.52636842105263,14.589543333333276,14.732999999999999,14.949637251461967,0.41199440553308614,15.361631656995053,False,False
3500.0,10.0,15.52636842105263,14.589543333333276,14.732999999999999,14.949637251461967,0.41199440553308614,15.361631656995053,False,False
3500.0,10.5,15.52636842105263,14.589543333333276,14.732999999999999,14.949637251461967,0.41199440553308614,15.361631656995053,False,False
3500.0,11.0,15.52636842105263,14.589543333333276,15.581666666666665,15.232526140350856,0.455217634091763,15.68774377444262,False,False
3500.0,11.5,15.526367409221585,14.589543333333276,15.581666666666665,15.232525803073841,0.4552174163801677,15.687743219454008,False,False
3500.0,12.0,14.675828654147095,14.589543333333276,15.581666666666665,14.949012884715678,0.44873852446582635,15.397751409181504,False,False
3500.0,12.5,15.526367409221585,14.571603333333279,15.581666666666665,15.226545803073842,0.4636641967134525,15.690209999787294,False,False
3500.0,13.0,15.52636842105263,14.571603333333279,15.581666666666665,15.226546140350857,0.463664414808848,15.690210555159705,False,False
3500.0,13.5,15.52636842105263,14.571603333333279,14.485,14.860990584795303,0.4718197276312011,15.332810312426504,False,False
3500.0,14.0,15.52636842105263,14.571603333333279,14.485,14.860990584795303,0.4718197276312011,15.332810312426504,False,False
3500.0,14.5,15.52636842105263,14.571603333333279,14.485,14.860990584795303,0.4718197276312011,15.332810312426504,False,False
3500.0,15.0,15.52636842105263,14.571603333333279,15.275666666666666,15.124546140350859,0.40416345974321694,15.528709600094075,False,False
3500.0,15.5,15.52636842105263,15.4660866666667,15.275666666666666,15.422707251461999,0.10684622177277803,15.529553473234778,False,False
3500.0,16.0,15.52636842105263,15.4660866666667,15.275666666666666,15.422707251461999,0.10684622177277803,15.529553473234778,False,False
3500.0,16.5,15.52636842105263,15.4660866666667,15.275666666666666,15.422707251461999,0.10684622177277803,15.529553473234778,False,False
3500.0,17.0,15.52636842105263,15.4660866666667,15.182999999999998,15.39181836257311,0.14969369590099194,15.541512058474101,False,False
3500.0,17.5,15.526368519242421,15.4660866666667,15.182999999999998,15.39181839530304,0.14969372531983038,15.54151212062287,False,False
3500.0,18.0,15.608906233981575,15.4660866666667,15.182999999999998,15.41933096688276,0.17699077496262713,15.596321741845387,False,False
3500.0,18.5,15.526368519242421,15.488213333333373,15.182999999999998,15.399193950858598,0.15366375162201049,15.552857702480608,False,False
3500.0,19.0,15.52636842105263,15.488213333333373,15.182999999999998,15.399193918128667,0.15366372453420354,15.55285764266287,False,False
3500.0,19.5,15.52636842105263,15.488213333333373,15.379333333333333,15.464638362573112,0.06229854835074805,15.52693691092386,False,False
3500.0,20.0,15.52636842105263,15.488213333333373,15.379333333333333,15.464638362573112,0.06229854835074805,15.52693691092386,False,False
3500.0,20.5,15.52636842105263,15.488213333333373,15.379333333333333,15.464638362573112,0.06229854835074805,15.52693691092386,False,False
3500.0,21.0,15.52636842105263,15.488213333333373,15.379333333333333,15.464638362573112,0.06229854835074805,15.52693691092386,False,False
3500.0,21.5,15.52636842105263,15.107590000000018,15.142666666666665,15.25887502923977,0.18968768916963086,15.4485627184094,False,False
3500.0,22.0,15.52636842105263,15.107590000000018,15.142666666666665,15.25887502923977,0.18968768916963086,15.4485627184094,False,False
3500.0,22.5,15.52636842105263,15.107590000000018,15.142666666666665,15.25887502923977,0.18968768916963086,15.4485627184094,False,False
3500.0,23.0,15.52636842105263,15.107590000000018,15.142666666666665,15.25887502923977,0.18968768916963086,15.4485627184094,False,False
3500.0,23.5,15.526368132261558,15.107590000000018,15.142666666666665,15.258874932976079,0.18968755342069923,15.448562486396778,False,False
3500.0,24.0,15.283612189609126,15.107590000000018,15.142666666666665,15.17795628542527,0.07607001469169476,15.254026300116964,False,False
3550.0,3.0,15.864736623915356,16.04755666666666,16.136666666666667,16.01631998574956,0.11319094402445228,16.129510929774014,False,False
3550.0,3.5,15.526368823586957,16.04755666666666,16.136666666666667,15.903530718973428,0.2691634813313737,16.172694200304804,False,False
3550.0,4.0,15.52636842105263,16.04755666666666,16.136666666666667,15.90353058479532,0.2691636693467383,16.17269425414206,False,False
3550.0,4.5,15.52636842105263,16.04755666666666,16.136666666666667,15.90353058479532,0.2691636693467383,16.17269425414206,False,False
3550.0,5.0,15.52636842105263,16.45601333333336,16.136666666666667,16.039682807017552,0.38567198282710863,16.42535478984466,False,False
3550.0,5.5,15.526369295860599,16.45601333333336,16.136666666666667,16.039683098620205,0.3856715947153574,16.425354693335564,False,False
3550.0,6.0,16.261727322363164,16.45601333333336,16.136666666666667,16.28480244078773,0.13138979969417405,16.4161922404819,False,False
3550.0,6.5,15.526369295860599,16.45601333333336,16.136666666666667,16.039683098620205,0.3856715947153574,16.425354693335564,False,False
3550.0,7.0,15.52636842105263,16.45601333333336,16.136666666666667,16.039682807017552,0.38567198282710863,16.42535478984466,False,False
3550.0,7.5,15.52636842105263,16.45601333333336,16.136666666666667,16.039682807017552,0.38567198282710863,16.42535478984466,False,False
3550.0,8.0,15.52636842105263,16.452490000000022,16.136666666666667,16.038508362573108,0.38440567481494103,16.42291403738805,False,False
3550.0,8.5,15.52636842105263,16.452490000000022,16.136666666666667,16.038508362573108,0.38440567481494103,16.42291403738805,False,False
3550.0,9.0,15.52636842105263,16.452490000000022,16.136666666666667,16.038508362573108,0.38440567481494103,16.42291403738805,False,False
3550.0,9.5,15.52636842105263,14.589543333333276,14.732999999999999,14.949637251461967,0.41199440553308614,15.361631656995053,False,False
3550.0,10.0,15.52636842105263,14.589543333333276,14.732999999999999,14.949637251461967,0.41199440553308614,15.361631656995053,False,False
3550.0,10.5,15.52636842105263,14.589543333333276,14.732999999999999,14.949637251461967,0.41199440553308614,15.361631656995053,False,False
3550.0,11.0,15.52636842105263,14.589543333333276,14.732999999999999,14.949637251461967,0.41199440553308614,15.361631656995053,False,False
3550.0,11.5,15.526367409221466,14.589543333333276,14.732999999999999,14.949636914184914,0.41199393339515067,15.361630847580065,False,False
3550.0,12.0,14.675828553045134,14.589543333333276,15.581666666666665,14.949012851015025,0.4487385449822018,15.397751395997227,False,False
3550.0,12.5,15.526367409221466,14.571603333333279,14.485,14.860990247518247,0.47181925199047814,15.332809499508725,False,False
3550.0,13.0,15.52636842105263,14.571603333333279,14.485,14.860990584795303,0.4718197276312011,15.332810312426504,False,False
3550.0,13.5,15.52636842105263,14.571603333333279,14.485,14.860990584795303,0.4718197276312011,15.332810312426504,False,False
3550.0,14.0,15.52636842105263,14.571603333333279,14.485,14.860990584795303,0.4718197276312011,15.332810312426504,False,False
3550.0,14.5,15.52636842105263,14.571603333333279,14.485,14.860990584795303,0.4718197276312011,15.332810312426504,False,False
3550.0,15.0,15.52636842105263,14.571603333333279,15.275666666666666,15.124546140350859,0.40416345974321694,15.528709600094075,False,False
3550.0,15.5,15.52636842105263,15.4660866666667,15.275666666666666,15.422707251461999,0.10684622177277803,15.529553473234778,False,False
3550.0,16.0,15.52636842105263,15.4660866666667,15.275666666666666,15.422707251461999,0.10684622177277803,15.529553473234778,False,False
3550.0,16.5,15.52636842105263,15.4660866666667,15.275666666666666,15.422707251461999,0.10684622177277803,15.529553473234778,False,False
3550.0,17.0,15.52636842105263,15.4660866666667,15.275666666666666,15.422707251461999,0.10684622177277803,15.529553473234778,False,False
3550.0,17.5,15.526368519242435,15.4660866666667,15.275666666666666,15.422707284191935,0.1068462535270492,15.529553537718984,False,False
3550.0,18.0,15.608906245691525,15.4660866666667,15.182999999999998,15.419330970786076,0.17699077914347963,15.596321749929556,False,False
3550.0,18.5,15.526368519242435,15.488213333333373,15.379333333333333,15.464638395303048,0.062298580782022855,15.526936976085072,False,False
3550.0,19.0,15.52636842105263,15.488213333333373,15.379333333333333,15.464638362573112,0.06229854835074805,15.52693691092386,False,False
3550.0,19.5,15.52636842105263,15.488213333333373,15.379333333333333,15.464638362573112,0.06229854835074805,15.52693691092386,False,False
3550.0,20.0,15.52636842105263,15.488213333333373,15.379333333333333,15.464638362573112,0.06229854835074805,15.52693691092386,False,False
3550.0,20.5,15.52636842105263,15.488213333333373,15.379333333333333,15.464638362573112,0.06229854835074805,15.52693691092386,False,False
3550.0,21.0,15.52636842105263,15.488213333333373,15.379333333333333,15.464638362573112,0.06229854835074805,15.52693691092386,False,False
3550.0,21.5,15.52636842105263,15.107590000000018,15.142666666666665,15.25887502923977,0.18968768916963086,15.4485627184094,False,False
3550.0,22.0,15.52636842105263,15.107590000000018,15.142666666666665,15.25887502923977,0.18968768916963086,15.4485627184094,False,False
3550.0,22.5,15.52636842105263,15.107590000000018,15.142666666666665,15.25887502923977,0.18968768916963086,15.4485627184094,False,False
3550.0,23.0,15.52636842105263,15.107590000000018,15.142666666666665,15.25887502923977,0.18968768916963086,15.4485627184094,False,False
3550.0,23.5,15.526368132261595,15.107590000000018,15.142666666666665,15.258874932976092,0.18968755342071678,15.448562486396808,False,False
3550.0,24.0,15.283612219915048,15.107590000000018,15.142666666666665,15.177956295527244,0.07607002872262641,15.25402632424987,False,False
3600.0,3.0,15.864736691359518,16.04755666666666,16.136666666666667,16.01632000823095,0.11319091391776608,16.129510922148715,False,False
3600.0,3.5,15.526368823587038,16.04755666666666,16.136666666666667,15.903530718973457,0.2691634813313355,16.172694200304793,False,False
3600.0,4.0,15.52636842105263,16.04755666666666,16.136666666666667,15.90353058479532,0.2691636693467383,16.17269425414206,False,False
3600.0,4.5,15.52636842105263,16.04755666666666,16.136666666666667,15.90353058479532,0.2691636693467383,16.17269425414206,False,False
3600.0,5.0,15.52636842105263,16.45601333333336,16.136666666666667,16.039682807017552,0.38567198282710863,16.42535478984466,False,False
3600.0,5.5,15.52636929586057,16.45601333333336,16.136666666666667,16.0396830986202,0.38567159471537005,16.425354693335567,False,False
3600.0,6.0,16.261727297826127,16.45601333333336,16.136666666666667,16.284802432608718,0.13138980113060023,16.416192233739316,False,False
3600.0,6.5,15.52636929586057,16.45601333333336,16.136666666666667,16.0396830986202,0.38567159471537005,16.425354693335567,False,False
3600.0,7.0,15.52636842105263,16.45601333333336,16.136666666666667,16.039682807017552,0.38567198282710863,16.42535478984466,False,False
3600.0,7.5,15.52636842105263,16.45601333333336,16.136666666666667,16.039682807017552,0.38567198282710863,16.42535478984466,False,False
3600.0,8.0,15.52636842105263,16.452490000000022,16.136666666666667,16.038508362573108,0.38440567481494103,16.42291403738805,False,False
3600.0,8.5,15.52636842105263,16.452490000000022,16.136666666666667,16.038508362573108,0.38440567481494103,16.42291403738805,False,False
3600.0,9.0,15.52636842105263,16.452490000000022,16.136666666666667,16.038508362573108,0.38440567481494103,16.42291403738805,False,False
3600.0,9.5,15.52636842105263,14.589543333333276,14.732999999999999,14.949637251461967,0.41199440553308614,15.361631656995053,False,False
3600.0,10.0,15.52636842105263,14.589543333333276,14.732999999999999,14.949637251461967,0.41199440553308614,15.361631656995053,False,False
3600.0,10.5,15.52636842105263,14.589543333333276,14.732999999999999,14.949637251461967,0.41199440553308614,15.361631656995053,False,False
3600.0,11.0,15.52636842105263,14.589543333333276,14.732999999999999,14.949637251461967,0.41199440553308614,15.361631656995053,False,False
3600.0,11.5,15.526367409221354,14.589543333333276,14.732999999999999,14.949636914184877,0.4119939333950985,15.361630847579976,False,False
3600.0,12.0,14.6758284595906,14.589543333333276,14.485,14.583457264307958,0.07802416473788111,14.661481429045839,False,False
3600.0,12.5,15.526367409221354,14.571603333333279,14.485,14.860990247518211,0.47181925199042557,15.332809499508636,False,False
3600.0,13.0,15.52636842105263,14.571603333333279,14.485,14.860990584795303,0.4718197276312011,15.332810312426504,False,False
3600.0,13.5,15.52636842105263,14.571603333333279,14.485,14.860990584795303,0.4718197276312011,15.332810312426504,False,False
3600.0,14.0,15.52636842105263,14.571603333333279,14.485,14.860990584795303,0.4718197276312011,15.332810312426504,False,False
3600.0,14.5,15.52636842105263,14.571603333333279,14.485,14.860990584795303,0.4718197276312011,15.332810312426504,False,False
3600.0,15.0,15.52636842105263,14.571603333333279,15.275666666666666,15.124546140350859,0.40416345974321694,15.528709600094075,False,False
3600.0,15.5,15.52636842105263,15.4660866666667,15.275666666666666,15.422707251461999,0.10684622177277803,15.529553473234778,False,False
3600.0,16.0,15.52636842105263,15.4660866666667,15.275666666666666,15.422707251461999,0.10684622177277803,15.529553473234778,False,False
3600.0,16.5,15.52636842105263,15.4660866666667,15.275666666666666,15.422707251461999,0.10684622177277803,15.529553473234778,False,False
3600.0,17.0,15.52636842105263,15.4660866666667,15.275666666666666,15.422707251461999,0.10684622177277803,15.529553473234778,False,False
3600.0,17.5,15.526368519242448,15.4660866666667,15.275666666666666,15.422707284191938,0.10684625352705322,15.529553537718991,False,False
3600.0,18.0,15.60890625665935,15.4660866666667,15.379333333333333,15.484775418886462,0.09464982435540004,15.579425243241863,False,False
3600.0,18.5,15.526368519242448,15.488213333333373,15.379333333333333,15.464638395303053,0.062298580782026956,15.52693697608508,False,False
3600.0,19.0,15.52636842105263,15.488213333333373,15.379333333333333,15.464638362573112,0.06229854835074805,15.52693691092386,False,False
3600.0,19.5,15.52636842105263,15.488213333333373,15.379333333333333,15.464638362573112,0.06229854835074805,15.52693691092386,False,False
3600.0,20.0,15.52636842105263,15.488213333333373,15.379333333333333,15.464638362573112,0.06229854835074805,15.52693691092386,False,False
3600.0,20.5,15.52636842105263,15.488213333333373,15.379333333333333,15.464638362573112,0.06229854835074805,15.52693691092386,False,False
3600.0,21.0,15.52636842105263,15.488213333333373,15.142666666666665,15.385749473684223,0.17258986254580064,15.558339336230024,False,False
3600.0,21.5,15.52636842105263,15.107590000000018,15.142666666666665,15.25887502923977,0.18968768916963086,15.4485627184094,False,False
3600.0,22.0,15.52636842105263,15.107590000000018,15.142666666666665,15.25887502923977,0.18968768916963086,15.4485627184094,False,False
3600.0,22.5,15.52636842105263,15.107590000000018,15.142666666666665,15.25887502923977,0.18968768916963086,15.4485627184094,False,False
3600.0,23.0,15.52636842105263,15.107590000000018,15.142666666666665,15.25887502923977,0.18968768916963086,15.4485627184094,False,False
3600.0,23.5,15.526368132261632,15.107590000000018,15.142666666666665,15.258874932976106,0.1896875534207343,15.44856248639684,False,False
3600.0,24.0,15.28361225240367,15.107590000000018,15.142666666666665,15.177956306356784,0.07607004376409725,15.254026350120881,False,False
3650.0,3.0,15.864736755761328,16.04755666666666,16.489,16.133764474142662,0.26204323953527564,16.39580771367794,False,False
3650.0,3.5,15.526368823587115,16.04755666666666,16.489,16.020975163417926,0.39344175993128144,16.414416923349208,False,False
3650.0,4.0,15.52636842105263,16.04755666666666,16.136666666666667,15.90353058479532,0.2691636693467383,16.17269425414206,False,False
3650.0,4.5,15.52636842105263,16.04755666666666,16.136666666666667,15.90353058479532,0.2691636693467383,16.17269425414206,False,False
3650.0,5.0,15.52636842105263,16.45601333333336,16.136666666666667,16.039682807017552,0.38567198282710863,16.42535478984466,False,False
3650.0,5.5,15.526369295860533,16.45601333333336,16.136666666666667,16.039683098620188,0.3856715947153866,16.425354693335574,False,False
3650.0,6.0,16.261727266677244,16.45601333333336,16.136666666666667,16.284802422225756,0.1313898029540928,16.41619222517985,False,False
3650.0,6.5,15.526369295860533,16.45601333333336,16.136666666666667,16.039683098620188,0.3856715947153866,16.425354693335574,False,False
3650.0,7.0,15.52636842105263,16.45601333333336,16.136666666666667,16.039682807017552,0.38567198282710863,16.42535478984466,False,False
3650.0,7.5,15.52636842105263,16.45601333333336,16.136666666666667,16.039682807017552,0.38567198282710863,16.42535478984466,False,False
3650.0,8.0,15.52636842105263,16.452490000000022,16.136666666666667,16.038508362573108,0.38440567481494103,16.42291403738805,False,False
3650.0,8.5,15.52636842105263,16.452490000000022,16.136666666666667,16.038508362573108,0.38440567481494103,16.42291403738805,False,False
3650.0,9.0,15.52636842105263,16.452490000000022,14.732999999999999,15.570619473684218,0.7026758768067835,16.273295350491,False,False
3650.0,9.5,15.52636842105263,14.589543333333276,14.732999999999999,14.949637251461967,0.41199440553308614,15.361631656995053,False,False
3650.0,10.0,15.52636842105263,14.589543333333276,14.732999999999999,14.949637251461967,0.41199440553308614,15.361631656995053,False,False
3650.0,10.5,15.52636842105263,14.589543333333276,14.732999999999999,14.949637251461967,0.41199440553308614,15.361631656995053,False,False
3650.0,11.0,15.52636842105263,14.589543333333276,14.732999999999999,14.949637251461967,0.41199440553308614,15.361631656995053,False,False
3650.0,11.5,15.526367409221253,14.589543333333276,14.732999999999999,14.949636914184843,0.41199393339505125,15.361630847579894,False,False
3650.0,12.0,14.675828373783494,14.589543333333276,14.485,14.58345723570559,0.07802413087613165,14.661481366581722,False,False
3650.0,12.5,15.526367409221253,14.571603333333279,14.485,14.860990247518176,0.4718192519903779,15.332809499508553,False,False
3650.0,13.0,15.52636842105263,14.571603333333279,14.485,14.860990584795303,0.4718197276312011,15.332810312426504,False,False
3650.0,13.5,15.52636842105263,14.571603333333279,14.485,14.860990584795303,0.4718197276312011,15.332810312426504,False,False
3650.0,14.0,15.52636842105263,14.571603333333279,14.485,14.860990584795303,0.4718197276312011,15.332810312426504,False,False
3650.0,14.5,15.52636842105263,14.571603333333279,14.485,14.860990584795303,0.4718197276312011,15.332810312426504,False,False
3650.0,15.0,15.52636842105263,14.571603333333279,14.485,14.860990584795303,0.4718197276312011,15.332810312426504,False,False
3650.0,15.5,15.52636842105263,15.4660866666667,15.275666666666666,15.422707251461999,0.10684622177277803,15.529553473234778,False,False
3650.0,16.0,15.52636842105263,15.4660866666667,15.275666666666666,15.422707251461999,0.10684622177277803,15.529553473234778,False,False
3650.0,16.5,15.52636842105263,15.4660866666667,15.275666666666666,15.422707251461999,0.10684622177277803,15.529553473234778,False,False
3650.0,17.0,15.52636842105263,15.4660866666667,15.275666666666666,15.422707251461999,0.10684622177277803,15.529553473234778,False,False
3650.0,17.5,15.52636851924246,15.4660866666667,15.275666666666666,15.422707284191942,0.10684625352705725,15.529553537719,False,False
3650.0,18.0,15.608906266885054,15.4660866666667,15.379333333333333,15.48477542229503,0.09464982882564986,15.57942525112068,False,False
3650.0,18.5,15.52636851924246,15.488213333333373,15.379333333333333,15.464638395303055,0.062298580782031064,15.526936976085086,False,False
3650.0,19.0,15.52636842105263,15.488213333333373,15.379333333333333,15.464638362573112,0.06229854835074805,15.52693691092386,False,False
3650.0,19.5,15.52636842105263,15.488213333333373,15.379333333333333,15.464638362573112,0.06229854835074805,15.52693691092386,False,False
3650.0,20.0,15.52636842105263,15.488213333333373,15.379333333333333,15.464638362573112,0.06229854835074805,15.52693691092386,False,False
3650.0,20.5,15.52636842105263,15.488213333333373,15.379333333333333,15.464638362573112,0.06229854835074805,15.52693691092386,False,False
3650.0,21.0,15.52636842105263,15.488213333333373,15.142666666666665,15.385749473684223,0.17258986254580064,15.558339336230024,False,False
3650.0,21.5,15.52636842105263,15.107590000000018,15.142666666666665,15.25887502923977,0.18968768916963086,15.4485627184094,False,False
3650.0,22.0,15.52636842105263,15.107590000000018,15.142666666666665,15.25887502923977,0.18968768916963086,15.4485627184094,False,False
3650.0,22.5,15.52636842105263,15.107590000000018,15.142666666666665,15.25887502923977,0.18968768916963086,15.4485627184094,False,False
3650.0,23.0,15.52636842105263,15.107590000000018,15.142666666666665,15.25887502923977,0.18968768916963086,15.4485627184094,False,False
3650.0,23.5,15.526368132261675,15.107590000000018,15.142666666666665,15.25887493297612,0.18968755342075436,15.448562486396874,False,False
3650.0,24.0,15.283612287074995,15.107590000000018,15.142666666666665,15.17795631791389,0.07607005981610895,15.25402637773,False,False
3700.0,3.0,15.864736817120784,16.04755666666666,16.489,16.133764494595813,0.2620432185369677,16.39580771313278,False,False
3700.0,3.5,15.526368823587188,16.04755666666666,16.489,16.020975163417948,0.3934417599312509,16.414416923349197,False,False
3700.0,4.0,15.52636842105263,16.04755666666666,16.489,16.020975029239764,0.3934419286103079,16.414416957850072,False,False
3700.0,4.5,15.52636842105263,16.04755666666666,16.489,16.020975029239764,0.3934419286103079,16.414416957850072,False,False
3700.0,5.0,15.52636842105263,16.45601333333336,16.136666666666667,16.039682807017552,0.38567198282710863,16.42535478984466,False,False
3700.0,5.5,15.526369295860487,16.45601333333336,16.136666666666667,16.03968309862017,0.3856715947154071,16.425354693335578,False,False
3700.0,6.0,16.261727228916513,16.45601333333336,16.136666666666667,16.284802409638846,0.13138980516465304,16.416192214803498,False,False
3700.0,6.5,15.526369295860487,16.45601333333336,16.136666666666667,16.03968309862017,0.3856715947154071,16.425354693335578,False,False
3700.0,7.0,15.52636842105263,16.45601333333336,16.136666666666667,16.039682807017552,0.38567198282710863,16.42535478984466,False,False
3700.0,7.5,15.52636842105263,16.45601333333336,16.136666666666667,16.039682807017552,0.38567198282710863,16.42535478984466,False,False
3700.0,8.0,15.52636842105263,16.452490000000022,16.136666666666667,16.038508362573108,0.38440567481494103,16.42291403738805,False,False
3700.0,8.5,15.52636842105263,16.452490000000022,16.136666666666667,16.038508362573108,0.38440567481494103,16.42291403738805,False,False
3700.0,9.0,15.52636842105263,16.452490000000022,14.732999999999999,15.570619473684218,0.7026758768067835,16.273295350491,False,False
3700.0,9.5,15.52636842105263,14.589543333333276,14.732999999999999,14.949637251461967,0.41199440553308614,15.361631656995053,False,False
3700.0,10.0,15.52636842105263,14.589543333333276,14.732999999999999,14.949637251461967,0.41199440553308614,15.361631656995053,False,False
3700.0,10.5,15.52636842105263,14.589543333333276,14.732999999999999,14.949637251461967,0.41199440553308614,15.361631656995053,False,False
3700.0,11.0,15.52636842105263,14.589543333333276,14.732999999999999,14.949637251461967,0.41199440553308614,15.361631656995053,False,False
3700.0,11.5,15.526367409221159,14.589543333333276,14.732999999999999,14.94963691418481,0.4119939333950073,15.361630847579816,False,False
3700.0,12.0,14.67582829562382,14.589543333333276,14.485,14.583457209652366,0.07802410003226588,14.661481309684632,False,False
3700.0,12.5,15.526367409221159,14.571603333333279,14.485,14.860990247518146,0.4718192519903337,15.33280949950848,False,False
3700.0,13.0,15.52636842105263,14.571603333333279,14.485,14.860990584795303,0.4718197276312011,15.332810312426504,False,False
3700.0,13.5,15.52636842105263,14.571603333333279,14.485,14.860990584795303,0.4718197276312011,15.332810312426504,False,False
3700.0,14.0,15.52636842105263,14.571603333333279,14.485,14.860990584795303,0.4718197276312011,15.332810312426504,False,False
3700.0,14.5,15.52636842105263,14.571603333333279,14.485,14.860990584795303,0.4718197276312011,15.332810312426504,False,False
3700.0,15.0,15.52636842105263,14.571603333333279,14.485,14.860990584795303,0.4718197276312011,15.332810312426504,False,False
3700.0,15.5,15.52636842105263,15.4660866666667,15.275666666666666,15.422707251461999,0.10684622177277803,15.529553473234778,False,False
3700.0,16.0,15.52636842105263,15.4660866666667,15.275666666666666,15.422707251461999,0.10684622177277803,15.529553473234778,False,False
3700.0,16.5,15.52636842105263,15.4660866666667,15.275666666666666,15.422707251461999,0.10684622177277803,15.529553473234778,False,False
3700.0,17.0,15.52636842105263,15.4660866666667,15.275666666666666,15.422707251461999,0.10684622177277803,15.529553473234778,False,False
3700.0,17.5,15.526368519242471,15.4660866666667,15.275666666666666,15.422707284191945,0.10684625352706069,15.529553537719007,False,False
3700.0,18.0,15.608906276368636,15.4660866666667,15.379333333333333,15.484775425456222,0.09464983297147542,15.579425258427698,False,False
3700.0,18.5,15.526368519242471,15.488213333333373,15.379333333333333,15.46463839530306,0.06229858078203458,15.526936976085095,False,False
3700.0,19.0,15.52636842105263,15.488213333333373,15.379333333333333,15.464638362573112,0.06229854835074805,15.52693691092386,False,False
3700.0,19.5,15.52636842105263,15.488213333333373,15.379333333333333,15.464638362573112,0.06229854835074805,15.52693691092386,False,False
3700.0,20.0,15.52636842105263,15.488213333333373,15.379333333333333,15.464638362573112,0.06229854835074805,15.52693691092386,False,False
3700.0,20.5,15.52636842105263,15.488213333333373,15.379333333333333,15.464638362573112,0.06229854835074805,15.52693691092386,False,False
3700.0,21.0,15.52636842105263,15.488213333333373,15.142666666666665,15.385749473684223,0.17258986254580064,15.558339336230024,False,False
3700.0,21.5,15.52636842105263,15.107590000000018,15.142666666666665,15.25887502923977,0.18968768916963086,15.4485627184094,False,False
3700.0,22.0,15.52636842105263,15.107590000000018,15.142666666666665,15.25887502923977,0.18968768916963086,15.4485627184094,False,False
3700.0,22.5,15.52636842105263,15.107590000000018,15.142666666666665,15.25887502923977,0.18968768916963086,15.4485627184094,False,False
3700.0,23.0,15.52636842105263,15.107590000000018,15.142666666666665,15.25887502923977,0.18968768916963086,15.4485627184094,False,False
3700.0,23.5,15.526368132261718,15.107590000000018,15.142666666666665,15.258874932976134,0.1896875534207744,15.44856248639691,False,False
3700.0,24.0,15.283612323929018,15.107590000000018,15.142666666666665,15.177956330198567,0.07607007687865905,15.254026407077227,False,False
3750.0,3.0,15.864736875437885,16.04755666666666,16.489,16.133764514034848,0.26204319857980996,16.39580771261466,False,False
3750.0,3.5,15.526368823587257,16.04755666666666,16.489,16.020975163417972,0.3934417599312219,16.414416923349194,False,False
3750.0,4.0,15.52636842105263,16.04755666666666,16.489,16.020975029239764,0.3934419286103079,16.414416957850072,False,False
3750.0,4.5,15.52636842105263,16.04755666666666,16.489,16.020975029239764,0.3934419286103079,16.414416957850072,False,False
3750.0,5.0,15.52636842105263,16.45601333333336,16.489,16.157127251461997,0.44621710459445474,16.603344356056454,False,False
3750.0,5.5,15.526369295860436,16.45601333333336,16.136666666666667,16.039683098620156,0.38567159471542994,16.425354693335585,False,False
3750.0,6.0,16.261727184543936,16.45601333333336,16.136666666666667,16.284802394847986,0.13138980776228196,16.41619220261027,False,False
3750.0,6.5,15.526369295860436,16.45601333333336,16.136666666666667,16.039683098620156,0.38567159471542994,16.425354693335585,False,False
3750.0,7.0,15.52636842105263,16.45601333333336,16.136666666666667,16.039682807017552,0.38567198282710863,16.42535478984466,False,False
3750.0,7.5,15.52636842105263,16.45601333333336,16.136666666666667,16.039682807017552,0.38567198282710863,16.42535478984466,False,False
3750.0,8.0,15.52636842105263,16.452490000000022,16.136666666666667,16.038508362573108,0.38440567481494103,16.42291403738805,False,False
3750.0,8.5,15.52636842105263,16.452490000000022,16.136666666666667,16.038508362573108,0.38440567481494103,16.42291403738805,False,False
3750.0,9.0,15.52636842105263,16.452490000000022,15.04,15.672952807017552,0.5858880647823159,16.25884087179987,False,False
3750.0,9.5,15.52636842105263,14.589543333333276,15.04,15.051970584795301,0.38255089632653244,15.434521481121834,False,False
3750.0,10.0,15.52636842105263,14.589543333333276,15.04,15.051970584795301,0.38255089632653244,15.434521481121834,False,False
3750.0,10.5,15.52636842105263,14.589543333333276,15.04,15.051970584795301,0.38255089632653244,15.434521481121834,False,False
3750.0,11.0,15.52636842105263,14.589543333333276,15.04,15.051970584795301,0.38255089632653244,15.434521481121834,False,False
3750.0,11.5,15.526367409221075,14.589543333333276,15.04,15.051970247518119,0.3825504780722764,15.434520725590396,False,False
3750.0,12.0,14.675828225111578,14.589543333333276,15.04,14.768457186148284,0.19521423351996042,14.963671419668245,False,False
3750.0,12.5,15.526367409221075,14.571603333333279,14.427,14.841656914184783,0.48774916881009345,15.329406082994877,False,False
3750.0,13.0,15.52636842105263,14.571603333333279,14.427,14.84165725146197,0.48774964228548784,15.329406893747457,False,False
3750.0,13.5,15.52636842105263,14.571603333333279,14.427,14.84165725146197,0.48774964228548784,15.329406893747457,False,False
3750.0,14.0,15.52636842105263,14.571603333333279,14.427,14.84165725146197,0.48774964228548784,15.329406893747457,False,False
3750.0,14.5,15.52636842105263,14.571603333333279,14.427,14.84165725146197,0.48774964228548784,15.329406893747457,False,False
3750.0,15.0,15.52636842105263,14.571603333333279,14.427,14.84165725146197,0.48774964228548784,15.329406893747457,False,False
3750.0,15.5,15.52636842105263,15.4660866666667,15.275666666666666,15.422707251461999,0.10684622177277803,15.529553473234778,False,False
3750.0,16.0,15.52636842105263,15.4660866666667,15.275666666666666,15.422707251461999,0.10684622177277803,15.529553473234778,False,False
3750.0,16.5,15.52636842105263,15.4660866666667,15.275666666666666,15.422707251461999,0.10684622177277803,15.529553473234778,False,False
3750.0,17.0,15.52636842105263,15.4660866666667,15.275666666666666,15.422707251461999,0.10684622177277803,15.529553473234778,False,False
3750.0,17.5,15.526368519242482,15.4660866666667,15.275666666666666,15.422707284191949,0.10684625352706414,15.529553537719012,False,False
3750.0,18.0,15.608906285110091,15.4660866666667,15.379333333333333,15.484775428370043,0.09464983679287436,15.579425265162916,False,False
3750.0,18.5,15.526368519242482,15.488213333333373,15.379333333333333,15.464638395303062,0.06229858078203811,15.5269369760851,False,False
3750.0,19.0,15.52636842105263,15.488213333333373,15.379333333333333,15.464638362573112,0.06229854835074805,15.52693691092386,False,False
3750.0,19.5,15.52636842105263,15.488213333333373,15.379333333333333,15.464638362573112,0.06229854835074805,15.52693691092386,False,False
3750.0,20.0,15.52636842105263,15.488213333333373,15.379333333333333,15.464638362573112,0.06229854835074805,15.52693691092386,False,False
3750.0,20.5,15.52636842105263,15.488213333333373,15.379333333333333,15.464638362573112,0.06229854835074805,15.52693691092386,False,False
3750.0,21.0,15.52636842105263,15.488213333333373,15.142666666666665,15.385749473684223,0.17258986254580064,15.558339336230024,False,False
3750.0,21.5,15.52636842105263,15.107590000000018,15.142666666666665,15.25887502923977,0.18968768916963086,15.4485627184094,False,False
3750.0,22.0,15.52636842105263,15.107590000000018,15.142666666666665,15.25887502923977,0.18968768916963086,15.4485627184094,False,False
3750.0,22.5,15.52636842105263,15.107590000000018,15.142666666666665,15.25887502923977,0.18968768916963086,15.4485627184094,False,False
3750.0,23.0,15.52636842105263,15.107590000000018,15.142666666666665,15.25887502923977,0.18968768916963086,15.4485627184094,False,False
3750.0,23.5,15.526368132261764,15.107590000000018,15.142666666666665,15.258874932976148,0.1896875534207961,15.448562486396945,False,False
3750.0,24.0,15.283612362965743,15.107590000000018,15.142666666666665,15.177956343210809,0.07607009495174842,15.254026438162558,False,False
3800.0,3.0,15.864736930712631,16.094813333333327,16.489,16.149516754681986,0.2577730825738774,16.407289837255863,False,False
3800.0,3.5,15.526368823587323,16.094813333333327,16.489,16.036727385640216,0.3951330395701928,16.43186042521041,False,False
3800.0,4.0,15.52636842105263,16.094813333333327,16.489,16.036727251461986,0.39513321287640857,16.431860464338396,False,False
3800.0,4.5,15.52636842105263,16.094813333333327,16.489,16.036727251461986,0.39513321287640857,16.431860464338396,False,False
3800.0,5.0,15.52636842105263,16.739653333333358,16.489,16.251673918128663,0.5229772598270493,16.77465117795571,False,False
3800.0,5.5,15.526369295860375,16.739653333333358,16.489,16.251674209731245,0.5229768554099393,16.774651065141185,False,False
3800.0,6.0,16.261727133559518,16.739653333333358,15.542333333333334,16.181237933408735,0.49210613970680417,16.67334407311554,False,False
3800.0,6.5,15.526369295860375,16.739653333333358,15.542333333333334,15.936118654175688,0.5682221971962923,16.504340851371982,False,False
3800.0,7.0,15.52636842105263,16.739653333333358,15.542333333333334,15.936118362573106,0.5682224074732476,16.504340770046355,False,False
3800.0,7.5,15.52636842105263,16.739653333333358,15.542333333333334,15.936118362573106,0.5682224074732476,16.504340770046355,False,False
3800.0,8.0,15.52636842105263,16.73018666666669,15.542333333333334,15.932962807017551,0.5637600739093622,16.496722880926914,False,False
3800.0,8.5,15.52636842105263,16.73018666666669,15.542333333333334,15.932962807017551,0.5637600739093622,16.496722880926914,False,False
3800.0,9.0,15.52636842105263,16.73018666666669,15.542333333333334,15.932962807017551,0.5637600739093622,16.496722880926914,False,False
3800.0,9.5,15.52636842105263,13.831036666666632,15.040000000000001,14.799135029239755,0.712764285469784,15.51189931470954,False,False
3800.0,10.0,15.52636842105263,13.831036666666632,15.04,14.799135029239755,0.7127642854697838,15.511899314709538,False,False
3800.0,10.5,15.52636842105263,13.831036666666632,15.04,14.799135029239755,0.7127642854697838,15.511899314709538,False,False
3800.0,11.0,15.52636842105263,13.831036666666632,15.04,14.799135029239755,0.7127642854697838,15.511899314709538,False,False
3800.0,11.5,15.526367409221,13.831036666666632,15.04,14.799134691962545,0.712763941345927,15.511898633308471,False,False
3800.0,12.0,14.675828162246773,13.831036666666632,15.04,14.515621609637803,0.506390949076745,15.022012558714549,False,False
3800.0,12.5,15.526367409221,13.8067133333333,14.427,14.586693580851433,0.7110691785394536,15.297762759390887,False,False
3800.0,13.0,15.52636842105263,13.8067133333333,14.427,14.586693918128644,0.7110696242493664,15.29776354237801,False,False
3800.0,13.5,15.52636842105263,13.8067133333333,14.427,14.586693918128644,0.7110696242493664,15.29776354237801,False,False
3800.0,14.0,15.52636842105263,13.8067133333333,14.427,14.586693918128644,0.7110696242493664,15.29776354237801,False,False
3800.0,14.5,15.52636842105263,13.8067133333333,14.427,14.586693918128644,0.7110696242493664,15.29776354237801,False,False
3800.0,15.0,15.52636842105263,13.8067133333333,14.681333333333333,14.67147169590642,0.7020808804780728,15.373552576384494,False,False
3800.0,15.5,15.52636842105263,15.16132000000006,14.681333333333333,15.123007251462008,0.34604621550172104,15.469053466963729,False,False
3800.0,16.0,15.52636842105263,15.16132000000006,14.681333333333333,15.123007251462008,0.34604621550172104,15.469053466963729,False,False
3800.0,16.5,15.52636842105263,15.16132000000006,14.681333333333333,15.123007251462008,0.34604621550172104,15.469053466963729,False,False
3800.0,17.0,15.52636842105263,15.16132000000006,14.681333333333333,15.123007251462008,0.34604621550172104,15.469053466963729,False,False
3800.0,17.5,15.526368519242492,15.16132000000006,14.681333333333333,15.123007284191962,0.3460462536526738,15.469053537844635,False,False
3800.0,18.0,15.608906293109424,15.16132000000006,15.235333333333335,15.335186542147605,0.1958934573141315,15.531079999461737,False,False
3800.0,18.5,15.526368519242492,15.257573333333394,15.235333333333335,15.339758395303074,0.1322652843531125,15.472023679656186,False,False
3800.0,19.0,15.52636842105263,15.257573333333394,15.235333333333335,15.33975836257312,0.1322652381751545,15.472023600748274,False,False
3800.0,19.5,15.52636842105263,15.257573333333394,15.235333333333335,15.33975836257312,0.1322652381751545,15.472023600748274,False,False
3800.0,20.0,15.52636842105263,15.257573333333394,15.235333333333335,15.33975836257312,0.1322652381751545,15.472023600748274,False,False
3800.0,20.5,15.52636842105263,15.257573333333394,15.235333333333335,15.33975836257312,0.1322652381751545,15.472023600748274,False,False
3800.0,21.0,15.52636842105263,15.257573333333394,15.084666666666669,15.289536140350897,0.18173483564658666,15.471270975997484,False,False
3800.0,21.5,15.52636842105263,14.815410000000035,15.084666666666669,15.142148362573112,0.29307971400241994,15.435228076575532,False,False
3800.0,22.0,15.52636842105263,14.815410000000035,15.084666666666665,15.14214836257311,0.29307971400242017,15.43522807657553,False,False
3800.0,22.5,15.52636842105263,14.815410000000035,15.084666666666665,15.14214836257311,0.29307971400242017,15.43522807657553,False,False
3800.0,23.0,15.52636842105263,14.815410000000035,15.084666666666665,15.14214836257311,0.29307971400242017,15.43522807657553,False,False
3800.0,23.5,15.526368132261814,14.815410000000035,15.084666666666665,15.142148266309505,0.2930795878032834,15.435227854112789,False,False
3800.0,24.0,15.283612404185163,14.815410000000035,15.084666666666665,15.061229690283954,0.19185991715772951,15.253089607441684,False,False
3850.0,3.0,15.864736982945017,16.094813333333327,16.489,16.14951677209278,0.2577730633389634,16.407289835431744,False,False
3850.0,3.5,15.526368823587385,16.094813333333327,16.489,16.036727385640237,0.395133039570166,16.431860425210402,False,False
3850.0,4.0,15.52636842105263,16.094813333333327,16.489,16.036727251461986,0.39513321287640857,16.431860464338396,False,False
3850.0,4.5,15.52636842105263,16.094813333333327,16.489,16.036727251461986,0.39513321287640857,16.431860464338396,False,False
3850.0,5.0,15.52636842105263,16.739653333333358,16.489,16.251673918128663,0.5229772598270493,16.77465117795571,False,False
3850.0,5.5,15.526369295860306,16.739653333333358,16.489,16.25167420973122,0.5229768554099713,16.774651065141192,False,False
3850.0,6.0,16.261727075963258,16.739653333333358,15.542333333333334,16.181237914209984,0.4921061365666443,16.673344050776628,False,False
3850.0,6.5,15.526369295860306,16.739653333333358,15.542333333333334,15.936118654175665,0.568222197196309,16.504340851371975,False,False
3850.0,7.0,15.52636842105263,16.739653333333358,15.542333333333334,15.936118362573106,0.5682224074732476,16.504340770046355,False,False
3850.0,7.5,15.52636842105263,16.739653333333358,15.542333333333334,15.936118362573106,0.5682224074732476,16.504340770046355,False,False
3850.0,8.0,15.52636842105263,16.73018666666669,15.542333333333334,15.932962807017551,0.5637600739093622,16.496722880926914,False,False
3850.0,8.5,15.52636842105263,16.73018666666669,15.542333333333334,15.932962807017551,0.5637600739093622,16.496722880926914,False,False
3850.0,9.0,15.52636842105263,16.73018666666669,15.542333333333334,15.932962807017551,0.5637600739093622,16.496722880926914,False,False
3850.0,9.5,15.52636842105263,13.831036666666632,15.040000000000001,14.799135029239755,0.712764285469784,15.51189931470954,False,False
3850.0,10.0,15.52636842105263,13.831036666666632,15.040000000000001,14.799135029239755,0.712764285469784,15.51189931470954,False,False
3850.0,10.5,15.52636842105263,13.831036666666632,15.040000000000001,14.799135029239755,0.712764285469784,15.51189931470954,False,False
3850.0,11.0,15.52636842105263,13.831036666666632,15.04,14.799135029239755,0.7127642854697838,15.511899314709538,False,False
3850.0,11.5,15.526367409220935,13.831036666666632,15.04,14.799134691962522,0.7127639413459047,15.511898633308427,False,False
3850.0,12.0,14.675828107029403,13.831036666666632,15.04,14.515621591232012,0.5063909432537187,15.02201253448573,False,False
3850.0,12.5,15.526367409220935,13.8067133333333,14.427,14.586693580851412,0.7110691785394246,15.297762759390837,False,False
3850.0,13.0,15.52636842105263,13.8067133333333,14.427,14.586693918128644,0.7110696242493664,15.29776354237801,False,False
3850.0,13.5,15.52636842105263,13.8067133333333,14.427,14.586693918128644,0.7110696242493664,15.29776354237801,False,False
3850.0,14.0,15.52636842105263,13.8067133333333,14.427,14.586693918128644,0.7110696242493664,15.29776354237801,False,False
3850.0,14.5,15.52636842105263,13.8067133333333,14.427,14.586693918128644,0.7110696242493664,15.29776354237801,False,False
3850.0,15.0,15.52636842105263,13.8067133333333,14.681333333333333,14.67147169590642,0.7020808804780728,15.373552576384494,False,False
3850.0,15.5,15.52636842105263,15.16132000000006,14.681333333333333,15.123007251462008,0.34604621550172104,15.469053466963729,False,False
3850.0,16.0,15.52636842105263,15.16132000000006,14.681333333333333,15.123007251462008,0.34604621550172104,15.469053466963729,False,False
3850.0,16.5,15.52636842105263,15.16132000000006,14.681333333333333,15.123007251462008,0.34604621550172104,15.469053466963729,False,False
3850.0,17.0,15.52636842105263,15.16132000000006,14.681333333333333,15.123007251462008,0.34604621550172104,15.469053466963729,False,False
3850.0,17.5,15.5263685192425,15.16132000000006,14.681333333333333,15.123007284191964,0.34604625365267655,15.46905353784464,False,False
3850.0,18.0,15.608906300366632,15.16132000000006,15.235333333333335,15.335186544566676,0.19589346069427027,15.531080005260947,False,False
3850.0,18.5,15.5263685192425,15.257573333333394,15.235333333333335,15.339758395303077,0.13226528435311583,15.472023679656193,False,False
3850.0,19.0,15.52636842105263,15.257573333333394,15.235333333333335,15.33975836257312,0.1322652381751545,15.472023600748274,False,False
3850.0,19.5,15.52636842105263,15.257573333333394,15.235333333333335,15.33975836257312,0.1322652381751545,15.472023600748274,False,False
3850.0,20.0,15.52636842105263,15.257573333333394,15.235333333333335,15.33975836257312,0.1322652381751545,15.472023600748274,False,False
3850.0,20.5,15.52636842105263,15.257573333333394,15.235333333333335,15.33975836257312,0.1322652381751545,15.472023600748274,False,False
3850.0,21.0,15.52636842105263,15.257573333333394,15.235333333333335,15.33975836257312,0.1322652381751545,15.472023600748274,False,False
3850.0,21.5,15.52636842105263,14.815410000000035,15.084666666666669,15.142148362573112,0.29307971400241994,15.435228076575532,False,False
3850.0,22.0,15.52636842105263,14.815410000000035,15.084666666666669,15.142148362573112,0.29307971400241994,15.435228076575532,False,False
3850.0,22.5,15.52636842105263,14.815410000000035,15.084666666666669,15.142148362573112,0.29307971400241994,15.435228076575532,False,False
3850.0,23.0,15.52636842105263,14.815410000000035,15.084666666666665,15.14214836257311,0.29307971400242017,15.43522807657553,False,False
3850.0,23.5,15.526368132261865,14.815410000000035,15.084666666666665,15.14214826630952,0.29307958780330595,15.435227854112826,False,False
3850.0,24.0,15.283612447587283,14.815410000000035,15.084666666666665,15.061229704751327,0.19185993392670245,15.253089638678029,False,False
3900.0,3.0,15.864737032135043,16.079813333333327,16.489,16.144516788489458,0.25892851792692045,16.40344530641638,False,False
3900.0,3.5,15.526368823587443,16.079813333333327,16.489,16.031727385640256,0.39446071982265574,16.426188105462913,False,False
3900.0,4.0,15.52636842105263,16.079813333333327,16.489,16.031727251461987,0.39446089172352655,16.426188143185513,False,False
3900.0,4.5,15.52636842105263,16.079813333333327,16.489,16.031727251461987,0.39446089172352655,16.426188143185513,False,False
3900.0,5.0,15.52636842105263,16.724653333333354,16.489,16.246673918128664,0.5183390976418437,16.765013015770506,False,False
3900.0,5.5,15.52636929586023,16.724653333333354,16.489,16.246674209731196,0.5183386924188816,16.76501290215008,False,False
3900.0,6.0,16.261727011755156,16.724653333333354,16.489,16.491793448362838,0.1889992016170037,16.680792649979843,False,False
3900.0,6.5,15.52636929586023,16.724653333333354,15.542333333333334,15.93111865417564,0.5611516003675322,16.492270254543172,False,False
3900.0,7.0,15.52636842105263,16.724653333333354,15.542333333333334,15.931118362573107,0.5611518106957232,16.49227017326883,False,False
3900.0,7.5,15.52636842105263,16.724653333333354,15.542333333333334,15.931118362573107,0.5611518106957232,16.49227017326883,False,False
3900.0,8.0,15.52636842105263,16.715186666666686,15.542333333333334,15.92796280701755,0.5566894846660893,16.48465229168364,False,False
3900.0,8.5,15.52636842105263,16.715186666666686,15.542333333333334,15.92796280701755,0.5566894846660893,16.48465229168364,False,False
3900.0,9.0,15.52636842105263,16.715186666666686,15.542333333333334,15.92796280701755,0.5566894846660893,16.48465229168364,False,False
3900.0,9.5,15.52636842105263,13.831036666666632,15.040000000000001,14.799135029239755,0.712764285469784,15.51189931470954,False,False
3900.0,10.0,15.52636842105263,13.831036666666632,15.040000000000001,14.799135029239755,0.712764285469784,15.51189931470954,False,False
3900.0,10.5,15.52636842105263,13.831036666666632,15.040000000000001,14.799135029239755,0.712764285469784,15.51189931470954,False,False
3900.0,11.0,15.52636842105263,13.831036666666632,15.040000000000001,14.799135029239755,0.712764285469784,15.51189931470954,False,False
3900.0,11.5,15.526367409220878,13.831036666666632,15.040000000000001,14.799134691962502,0.7127639413458856,15.511898633308387,False,False
3900.0,12.0,14.675828059459473,13.831036666666632,15.04,14.515621575375368,0.506390938237165,15.022012513612534,False,False
3900.0,12.5,15.526367409220878,13.8067133333333,14.427,14.586693580851394,0.7110691785393995,15.297762759390794,False,False
3900.0,13.0,15.52636842105263,13.8067133333333,14.427,14.586693918128644,0.7110696242493664,15.29776354237801,False,False
3900.0,13.5,15.52636842105263,13.8067133333333,14.427,14.586693918128644,0.7110696242493664,15.29776354237801,False,False
3900.0,14.0,15.52636842105263,13.8067133333333,14.427,14.586693918128644,0.7110696242493664,15.29776354237801,False,False
3900.0,14.5,15.52636842105263,13.8067133333333,14.427,14.586693918128644,0.7110696242493664,15.29776354237801,False,False
3900.0,15.0,15.52636842105263,13.8067133333333,14.681333333333333,14.67147169590642,0.7020808804780728,15.373552576384494,False,False
3900.0,15.5,15.52636842105263,15.16132000000006,14.681333333333333,15.123007251462008,0.34604621550172104,15.469053466963729,False,False
3900.0,16.0,15.52636842105263,15.16132000000006,14.681333333333333,15.123007251462008,0.34604621550172104,15.469053466963729,False,False
3900.0,16.5,15.52636842105263,15.16132000000006,14.681333333333333,15.123007251462008,0.34604621550172104,15.469053466963729,False,False
3900.0,17.0,15.52636842105263,15.16132000000006,14.681333333333333,15.123007251462008,0.34604621550172104,15.469053466963729,False,False
3900.0,17.5,15.526368519242508,15.16132000000006,14.681333333333333,15.123007284191969,0.34604625365268,15.46905353784465,False,False
3900.0,18.0,15.608906306881718,15.16132000000006,15.235333333333335,15.33518654673837,0.19589346372875574,15.531080010467127,False,False
3900.0,18.5,15.526368519242508,15.257573333333394,15.235333333333335,15.339758395303079,0.13226528435312,15.472023679656198,False,False
3900.0,19.0,15.52636842105263,15.257573333333394,15.235333333333335,15.33975836257312,0.1322652381751545,15.472023600748274,False,False
3900.0,19.5,15.52636842105263,15.257573333333394,15.235333333333335,15.33975836257312,0.1322652381751545,15.472023600748274,False,False
3900.0,20.0,15.52636842105263,15.257573333333394,15.235333333333335,15.33975836257312,0.1322652381751545,15.472023600748274,False,False
3900.0,20.5,15.52636842105263,15.257573333333394,15.235333333333335,15.33975836257312,0.1322652381751545,15.472023600748274,False,False
3900.0,21.0,15.52636842105263,15.257573333333394,15.084666666666669,15.289536140350897,0.18173483564658666,15.471270975997484,False,False
3900.0,21.5,15.52636842105263,14.815410000000035,15.084666666666669,15.142148362573112,0.29307971400241994,15.435228076575532,False,False
3900.0,22.0,15.52636842105263,14.815410000000035,15.084666666666669,15.142148362573112,0.29307971400241994,15.435228076575532,False,False
3900.0,22.5,15.52636842105263,14.815410000000035,15.084666666666669,15.142148362573112,0.29307971400241994,15.435228076575532,False,False
3900.0,23.0,15.52636842105263,14.815410000000035,15.084666666666669,15.142148362573112,0.29307971400241994,15.435228076575532,False,False
3900.0,23.5,15.52636813226192,14.815410000000035,15.084666666666669,15.142148266309542,0.29307958780332977,15.435227854112872,False,False
3900.0,24.0,15.283612493172097,14.815410000000035,15.084666666666665,15.061229719946267,0.1918599515389887,15.253089671485256,False,False
3950.0,3.0,15.86473707828271,16.079813333333327,16.489,16.144516803872012,0.2589285013056243,16.403445305177637,False,False
3950.0,3.5,15.526368823587498,16.079813333333327,16.489,16.031727385640277,0.39446071982263226,16.42618810546291,False,False
3950.0,4.0,15.52636842105263,16.079813333333327,16.489,16.031727251461987,0.39446089172352655,16.426188143185513,False,False
3950.0,4.5,15.52636842105263,16.079813333333327,16.489,16.031727251461987,0.39446089172352655,16.426188143185513,False,False
3950.0,5.0,15.52636842105263,16.724653333333354,16.489,16.246673918128664,0.5183390976418437,16.765013015770506,False,False
3950.0,5.5,15.526369295860146,16.724653333333354,16.489,16.246674209731168,0.5183386924189204,16.76501290215009,False,False
3950.0,6.0,16.261726940935215,16.724653333333354,15.392333333333333,16.126237869200633,0.5522904501676859,16.67852831936832,False,False
3950.0,6.5,15.526369295860146,16.724653333333354,15.392333333333333,15.88111865417561,0.5989738313810486,16.48009248555666,False,False
3950.0,7.0,15.52636842105263,16.724653333333354,15.392333333333333,15.881118362573106,0.5989740040862092,16.480092366659317,False,False
3950.0,7.5,15.52636842105263,16.724653333333354,15.392333333333333,15.881118362573106,0.5989740040862092,16.480092366659317,False,False
3950.0,8.0,15.52636842105263,16.715186666666686,15.392333333333333,15.877962807017552,0.5945301756060981,16.47249298262365,False,False
3950.0,8.5,15.52636842105263,16.715186666666686,15.542333333333334,15.92796280701755,0.5566894846660893,16.48465229168364,False,False
3950.0,9.0,15.52636842105263,16.715186666666686,15.542333333333334,15.92796280701755,0.5566894846660893,16.48465229168364,False,False
3950.0,9.5,15.52636842105263,13.831036666666632,15.040000000000001,14.799135029239755,0.712764285469784,15.51189931470954,False,False
3950.0,10.0,15.52636842105263,13.831036666666632,15.040000000000001,14.799135029239755,0.712764285469784,15.51189931470954,False,False
3950.0,10.5,15.52636842105263,13.831036666666632,15.040000000000001,14.799135029239755,0.712764285469784,15.51189931470954,False,False
3950.0,11.0,15.52636842105263,13.831036666666632,15.040000000000001,14.799135029239755,0.712764285469784,15.51189931470954,False,False
3950.0,11.5,15.52636740922083,13.831036666666632,15.040000000000001,14.799134691962488,0.7127639413458693,15.511898633308357,False,False
3950.0,12.0,14.675828019536981,13.831036666666632,15.236333333333334,14.581066006512316,0.5776097642702503,15.158675770782565,False,False
3950.0,12.5,15.52636740922083,13.8067133333333,14.427,14.586693580851376,0.7110691785393785,15.297762759390755,False,False
3950.0,13.0,15.52636842105263,13.8067133333333,14.427,14.586693918128644,0.7110696242493664,15.29776354237801,False,False
3950.0,13.5,15.52636842105263,13.8067133333333,14.427,14.586693918128644,0.7110696242493664,15.29776354237801,False,False
3950.0,14.0,15.52636842105263,13.8067133333333,14.427,14.586693918128644,0.7110696242493664,15.29776354237801,False,False
3950.0,14.5,15.52636842105263,13.8067133333333,14.427,14.586693918128644,0.7110696242493664,15.29776354237801,False,False
3950.0,15.0,15.52636842105263,13.8067133333333,14.681333333333333,14.67147169590642,0.7020808804780728,15.373552576384494,False,False
3950.0,15.5,15.52636842105263,15.16132000000006,14.681333333333333,15.123007251462008,0.34604621550172104,15.469053466963729,False,False
3950.0,16.0,15.52636842105263,15.16132000000006,14.681333333333333,15.123007251462008,0.34604621550172104,15.469053466963729,False,False
3950.0,16.5,15.52636842105263,15.16132000000006,14.681333333333333,15.123007251462008,0.34604621550172104,15.469053466963729,False,False
3950.0,17.0,15.52636842105263,15.16132000000006,14.681333333333333,15.123007251462008,0.34604621550172104,15.469053466963729,False,False
3950.0,17.5,15.526368519242515,15.16132000000006,14.681333333333333,15.12300728419197,0.34604625365268277,15.469053537844653,False,False
3950.0,18.0,15.608906312654678,15.16132000000006,14.386666666666668,15.052297659773801,0.5048972443692752,15.557194904143076,False,False
3950.0,18.5,15.526368519242515,15.257573333333394,15.235333333333335,15.33975839530308,0.13226528435312335,15.472023679656203,False,False
3950.0,19.0,15.52636842105263,15.257573333333394,15.235333333333335,15.33975836257312,0.1322652381751545,15.472023600748274,False,False
3950.0,19.5,15.52636842105263,15.257573333333394,15.235333333333335,15.33975836257312,0.1322652381751545,15.472023600748274,False,False
3950.0,20.0,15.52636842105263,15.257573333333394,15.235333333333335,15.33975836257312,0.1322652381751545,15.472023600748274,False,False
3950.0,20.5,15.52636842105263,15.257573333333394,15.235333333333335,15.33975836257312,0.1322652381751545,15.472023600748274,False,False
3950.0,21.0,15.52636842105263,15.257573333333394,15.235333333333335,15.33975836257312,0.1322652381751545,15.472023600748274,False,False
3950.0,21.5,15.52636842105263,14.815410000000035,15.084666666666669,15.142148362573112,0.29307971400241994,15.435228076575532,False,False
3950.0,22.0,15.52636842105263,14.815410000000035,15.084666666666669,15.142148362573112,0.29307971400241994,15.435228076575532,False,False
3950.0,22.5,15.52636842105263,14.815410000000035,15.084666666666669,15.142148362573112,0.29307971400241994,15.435228076575532,False,False
3950.0,23.0,15.52636842105263,14.815410000000035,15.084666666666669,15.142148362573112,0.29307971400241994,15.435228076575532,False,False
3950.0,23.5,15.526368132261977,14.815410000000035,15.084666666666669,15.142148266309562,0.29307958780335464,15.435227854112917,False,False
3950.0,24.0,15.283612540939606,14.815410000000035,15.084666666666669,15.061229735868771,0.19185996999458851,15.25308970586336,False,False
4000.0,3.0,15.864737121388014,16.079813333333327,16.363,16.102516818240446,0.20404747849601307,16.306564296736457,False,False
4000.0,3.5,15.52636882358755,16.079813333333327,16.363,15.989727385640293,0.347442599398456,16.33716998503875,False,False
4000.0,4.0,15.52636842105263,16.079813333333327,16.363,15.989727251461986,0.34744277834216997,16.337170029804156,False,False
4000.0,4.5,15.52636842105263,16.079813333333327,16.819,16.141727251461987,0.5295275250425441,16.67125477650453,False,False
4000.0,5.0,15.52636842105263,16.724653333333354,15.392333333333333,15.881118362573106,0.5989740040862092,16.480092366659317,False,False
4000.0,5.5,15.526369295860054,16.724653333333354,15.392333333333333,15.88111865417558,0.5989738313810669,16.480092485556646,False,False
4000.0,6.0,16.261726863503437,16.724653333333354,15.392333333333333,16.12623784339004,0.5522904438357773,16.678528287225816,False,False
4000.0,6.5,15.526369295860054,16.724653333333354,15.392333333333333,15.88111865417558,0.5989738313810669,16.480092485556646,False,False
4000.0,7.0,15.52636842105263,16.724653333333354,15.392333333333333,15.881118362573106,0.5989740040862092,16.480092366659317,False,False
4000.0,7.5,15.52636842105263,16.724653333333354,15.392333333333333,15.881118362573106,0.5989740040862092,16.480092366659317,False,False
4000.0,8.0,15.52636842105263,16.715186666666686,15.392333333333333,15.877962807017552,0.5945301756060981,16.47249298262365,False,False
4000.0,8.5,15.52636842105263,16.715186666666686,15.392333333333333,15.877962807017552,0.5945301756060981,16.47249298262365,False,False
4000.0,9.0,15.52636842105263,16.715186666666686,15.392333333333333,15.877962807017552,0.5945301756060981,16.47249298262365,False,False
4000.0,9.5,15.52636842105263,13.831036666666632,15.392333333333333,14.9165794736842,0.7695426089938807,15.68612208267808,False,False
4000.0,10.0,15.52636842105263,13.831036666666632,15.296333333333335,14.8845794736842,0.7508632232567823,15.635442696940983,False,False
4000.0,10.5,15.52636842105263,13.831036666666632,15.296333333333335,14.8845794736842,0.7508632232567823,15.635442696940983,False,False
4000.0,11.0,15.52636842105263,13.831036666666632,15.236333333333334,14.8645794736842,0.7403549322140017,15.604934405898202,False,False
4000.0,11.5,15.526367409220793,13.831036666666632,15.236333333333334,14.864579136406919,0.7403546307284606,15.60493376713538,False,False
4000.0,12.0,14.67582798726193,13.831036666666632,15.236333333333334,14.581065995753965,0.5776097625052476,15.158675758259212,False,False
4000.0,12.5,15.526367409220793,13.8067133333333,15.236333333333334,14.856471358629143,0.7516754064748702,15.608146765104014,False,False
4000.0,13.0,15.52636842105263,13.8067133333333,15.236333333333334,14.856471695906421,0.7516757070577867,15.608147402964208,False,False
4000.0,13.5,15.52636842105263,13.8067133333333,14.683333333333332,14.672138362573087,0.7020908776445236,15.37422924021761,False,False
4000.0,14.0,15.52636842105263,13.8067133333333,14.683333333333332,14.672138362573087,0.7020908776445236,15.37422924021761,False,False
4000.0,14.5,15.52636842105263,13.8067133333333,14.683333333333332,14.672138362573087,0.7020908776445236,15.37422924021761,False,False
4000.0,15.0,15.52636842105263,13.8067133333333,14.683333333333332,14.672138362573087,0.7020908776445236,15.37422924021761,False,False
4000.0,15.5,15.52636842105263,15.16132000000006,14.681333333333333,15.123007251462008,0.34604621550172104,15.469053466963729,False,False
4000.0,16.0,15.52636842105263,15.16132000000006,14.681333333333333,15.123007251462008,0.34604621550172104,15.469053466963729,False,False
4000.0,16.5,15.52636842105263,15.16132000000006,14.681333333333333,15.123007251462008,0.34604621550172104,15.469053466963729,False,False
4000.0,17.0,15.52636842105263,15.16132000000006,14.386666666666665,15.024785029239785,0.47519215125251807,15.499977180492303,False,False
4000.0,17.5,15.52636851924252,15.16132000000006,14.386666666666665,15.02478506196975,0.47519218580024036,15.49997724776999,False,False
4000.0,18.0,15.608906317685513,15.16132000000006,14.386666666666668,15.052297661450746,0.504897246217972,15.557194907668718,False,False
4000.0,18.5,15.52636851924252,15.257573333333394,14.386666666666668,15.056869506414195,0.4864439658009381,15.543313472215132,False,False
4000.0,19.0,15.52636842105263,15.257573333333394,14.386666666666668,15.05686947368423,0.48644393421110255,15.543313407895333,False,False
4000.0,19.5,15.52636842105263,15.257573333333394,15.235333333333335,15.33975836257312,0.1322652381751545,15.472023600748274,False,False
4000.0,20.0,15.52636842105263,15.257573333333394,15.235333333333335,15.33975836257312,0.1322652381751545,15.472023600748274,False,False
4000.0,20.5,15.52636842105263,15.257573333333394,15.235333333333335,15.33975836257312,0.1322652381751545,15.472023600748274,False,False
4000.0,21.0,15.52636842105263,15.257573333333394,15.235333333333335,15.33975836257312,0.1322652381751545,15.472023600748274,False,False
4000.0,21.5,15.52636842105263,14.815410000000035,15.185666666666668,15.175815029239779,0.2903311444843548,15.466146173724134,False,False
4000.0,22.0,15.52636842105263,14.815410000000035,15.185666666666668,15.175815029239779,0.2903311444843548,15.466146173724134,False,False
4000.0,22.5,15.52636842105263,14.815410000000035,15.185666666666668,15.175815029239779,0.2903311444843548,15.466146173724134,False,False
4000.0,23.0,15.52636842105263,14.815410000000035,15.185666666666668,15.175815029239779,0.2903311444843548,15.466146173724134,False,False
4000.0,23.5,15.526368132262036,14.815410000000035,15.185666666666668,15.175814932976246,0.29033102825326607,15.466145961229513,False,False
4000.0,24.0,15.283612590889808,14.815410000000035,15.185666666666668,15.094896419185504,0.20163142099685713,15.296527840182362,False,False
4050.0,3.0,15.864737161450954,16.09762666666666,16.363,16.10845460937254,0.2035589960792193,16.31201360545176,False,False
4050.0,3.5,15.526368823587596,16.09762666666666,16.363,15.995665163418087,0.34907978309151844,16.344744946509607,False,False
4050.0,4.0,15.52636842105263,16.09762666666666,16.363,15.995665029239765,0.3490799634783529,16.34474499271812,False,False
4050.0,4.5,15.52636842105263,16.09762666666666,16.819,16.147665029239764,0.5288994725022514,16.676564501742014,False,False
4050.0,5.0,15.52636842105263,16.90745666666668,16.819,16.417608362573105,0.6312356245177686,17.048843987090873,False,False
4050.0,5.5,15.526369295859952,16.90745666666668,16.819,16.41760865417554,0.6312352128050394,17.04884386698058,False,False
4050.0,6.0,16.26172677945982,16.90745666666668,15.392333333333333,16.187172259819942,0.6207889931916409,16.807961253011584,False,False
4050.0,6.5,15.526369295859952,16.90745666666668,15.392333333333333,15.942053098619988,0.6848330437464645,16.626886142366452,False,False
4050.0,7.0,15.52636842105263,16.90745666666668,15.392333333333333,15.942052807017548,0.684833220745051,16.6268860277626,False,False
4050.0,7.5,15.52636842105263,16.90745666666668,15.392333333333333,15.942052807017548,0.684833220745051,16.6268860277626,False,False
4050.0,8.0,15.52636842105263,16.897990000000014,15.392333333333333,15.938897251461993,0.6803849530026573,16.61928220446465,False,False
4050.0,8.5,15.52636842105263,16.897990000000014,15.392333333333333,15.938897251461993,0.6803849530026573,16.61928220446465,False,False
4050.0,9.0,15.52636842105263,16.897990000000014,15.392333333333333,15.938897251461993,0.6803849530026573,16.61928220446465,False,False
4050.0,9.5,15.52636842105263,13.888226666666649,15.296333333333335,14.903642807017539,0.7241231428237093,15.627765949841248,False,False
4050.0,10.0,15.52636842105263,13.888226666666649,15.296333333333335,14.903642807017539,0.7241231428237093,15.627765949841248,False,False
4050.0,10.5,15.52636842105263,13.888226666666649,15.296333333333335,14.903642807017539,0.7241231428237093,15.627765949841248,False,False
4050.0,11.0,15.52636842105263,13.888226666666649,15.296333333333335,14.903642807017539,0.7241231428237093,15.627765949841248,False,False
4050.0,11.5,15.526367409220763,13.888226666666649,15.296333333333335,14.903642469740248,0.7241228527747895,15.627765322515037,False,False
4050.0,12.0,14.675827962634322,13.888226666666649,15.236333333333334,14.600129320878102,0.5529590759122494,15.153088396790352,False,False
4050.0,12.5,15.526367409220763,13.86269999999998,14.683333333333332,14.690800247518025,0.6792098979605781,15.370010145478602,False,False
4050.0,13.0,15.52636842105263,13.86269999999998,14.683333333333332,14.690800584795314,0.679210312880702,15.370010897676016,False,False
4050.0,13.5,15.52636842105263,13.86269999999998,14.683333333333332,14.690800584795314,0.679210312880702,15.370010897676016,False,False
4050.0,14.0,15.52636842105263,13.86269999999998,14.683333333333332,14.690800584795314,0.679210312880702,15.370010897676016,False,False
4050.0,14.5,15.52636842105263,13.86269999999998,14.683333333333332,14.690800584795314,0.679210312880702,15.370010897676016,False,False
4050.0,15.0,15.52636842105263,13.86269999999998,14.683333333333332,14.690800584795314,0.679210312880702,15.370010897676016,False,False
4050.0,15.5,15.52636842105263,15.239170000000055,14.891,15.218846140350896,0.2597858760222956,15.478632016373192,False,False
4050.0,16.0,15.52636842105263,15.239170000000055,14.891,15.218846140350896,0.2597858760222956,15.478632016373192,False,False
4050.0,16.5,15.52636842105263,15.239170000000055,14.891,15.218846140350896,0.2597858760222956,15.478632016373192,False,False
4050.0,17.0,15.52636842105263,15.239170000000055,14.891,15.218846140350896,0.2597858760222956,15.478632016373192,False,False
4050.0,17.5,15.526368519242526,15.239170000000055,14.891,15.21884617308086,0.2597859147664875,15.478632087847348,False,False
4050.0,18.0,15.608906321974224,15.239170000000055,14.386666666666668,15.078247662880315,0.5117873534256472,15.590035016305963,False,False
4050.0,18.5,15.526368519242526,15.33539666666672,15.445,15.43558839530308,0.07824745297787525,15.513835848280955,False,False
4050.0,19.0,15.52636842105263,15.33539666666672,15.445,15.435588362573116,0.07824741500564963,15.513835777578766,False,False
4050.0,19.5,15.52636842105263,15.33539666666672,15.445,15.435588362573116,0.07824741500564963,15.513835777578766,False,False
4050.0,20.0,15.52636842105263,15.33539666666672,15.445,15.435588362573116,0.07824741500564963,15.513835777578766,False,False
4050.0,20.5,15.52636842105263,15.33539666666672,15.445,15.435588362573116,0.07824741500564963,15.513835777578766,False,False
4050.0,21.0,15.52636842105263,15.33539666666672,15.185666666666668,15.349143918128673,0.1394301773947253,15.488574095523399,False,False
4050.0,21.5,15.52636842105263,14.856196666666701,15.185666666666668,15.189410584795333,0.27360928077143665,15.46301986556677,False,False
4050.0,22.0,15.52636842105263,14.856196666666701,15.185666666666668,15.189410584795333,0.27360928077143665,15.46301986556677,False,False
4050.0,22.5,15.52636842105263,14.856196666666701,15.185666666666668,15.189410584795333,0.27360928077143665,15.46301986556677,False,False
4050.0,23.0,15.52636842105263,14.856196666666701,15.185666666666668,15.189410584795333,0.27360928077143665,15.46301986556677,False,False
4050.0,23.5,15.526368132262098,14.856196666666701,15.185666666666668,15.189410488531822,0.27360916222011405,15.463019650751935,False,False
4050.0,24.0,15.283612643022703,14.856196666666701,15.185666666666668,15.108491992118692,0.1828260594203833,15.291318051539076,False,False
4100.0,3.0,15.86473719847153,16.09762666666666,16.363,16.108454621712728,0.20355898130453393,16.312013603017263,False,False
4100.0,3.5,15.52636882358764,16.09762666666666,16.363,15.995665163418101,0.34907978309149856,16.3447449465096,False,False
4100.0,4.0,15.52636842105263,16.09762666666666,16.363,15.995665029239765,0.3490799634783529,16.34474499271812,False,False
4100.0,4.5,15.52636842105263,16.09762666666666,16.819,16.147665029239764,0.5288994725022514,16.676564501742014,False,False
4100.0,5.0,15.52636842105263,16.90745666666668,16.819,16.417608362573105,0.6312356245177686,17.048843987090873,False,False
4100.0,5.5,15.526369295859846,16.90745666666668,16.819,16.41760865417551,0.6312352128050895,17.0488438669806,False,False
4100.0,6.0,16.261726688804377,16.90745666666668,16.819,16.662727785157017,0.2858409288706576,16.948568714027676,False,False
4100.0,6.5,15.526369295859846,16.90745666666668,15.392333333333333,15.942053098619953,0.6848330437464861,16.626886142366438,False,False
4100.0,7.0,15.52636842105263,16.90745666666668,15.392333333333333,15.942052807017548,0.684833220745051,16.6268860277626,False,False
4100.0,7.5,15.52636842105263,16.90745666666668,15.392333333333333,15.942052807017548,0.684833220745051,16.6268860277626,False,False
4100.0,8.0,15.52636842105263,16.897990000000014,15.392333333333333,15.938897251461993,0.6803849530026573,16.61928220446465,False,False
4100.0,8.5,15.52636842105263,16.897990000000014,15.392333333333333,15.938897251461993,0.6803849530026573,16.61928220446465,False,False
4100.0,9.0,15.52636842105263,16.897990000000014,15.392333333333333,15.938897251461993,0.6803849530026573,16.61928220446465,False,False
4100.0,9.5,15.52636842105263,13.888226666666649,15.296333333333335,14.903642807017539,0.7241231428237093,15.627765949841248,False,False
4100.0,10.0,15.52636842105263,13.888226666666649,15.296333333333335,14.903642807017539,0.7241231428237093,15.627765949841248,False,False
4100.0,10.5,15.52636842105263,13.888226666666649,15.296333333333335,14.903642807017539,0.7241231428237093,15.627765949841248,False,False
4100.0,11.0,15.52636842105263,13.888226666666649,15.296333333333335,14.903642807017539,0.7241231428237093,15.627765949841248,False,False
4100.0,11.5,15.526367409220743,13.888226666666649,15.296333333333335,14.903642469740243,0.7241228527747838,15.627765322515026,False,False
4100.0,12.0,14.675827945654156,13.888226666666649,15.296333333333331,14.620129315218044,0.576204737486097,15.196334052704142,False,False
4100.0,12.5,15.526367409220743,13.86269999999998,14.683333333333332,14.690800247518018,0.6792098979605701,15.370010145478588,False,False
4100.0,13.0,15.52636842105263,13.86269999999998,14.683333333333332,14.690800584795314,0.679210312880702,15.370010897676016,False,False
4100.0,13.5,15.52636842105263,13.86269999999998,14.683333333333332,14.690800584795314,0.679210312880702,15.370010897676016,False,False
4100.0,14.0,15.52636842105263,13.86269999999998,14.683333333333332,14.690800584795314,0.679210312880702,15.370010897676016,False,False
4100.0,14.5,15.52636842105263,13.86269999999998,14.683333333333332,14.690800584795314,0.679210312880702,15.370010897676016,False,False
4100.0,15.0,15.52636842105263,13.86269999999998,14.683333333333332,14.690800584795314,0.679210312880702,15.370010897676016,False,False
4100.0,15.5,15.52636842105263,15.239170000000055,14.891,15.218846140350896,0.2597858760222956,15.478632016373192,False,False
4100.0,16.0,15.52636842105263,15.239170000000055,14.891,15.218846140350896,0.2597858760222956,15.478632016373192,False,False
4100.0,16.5,15.52636842105263,15.239170000000055,14.891,15.218846140350896,0.2597858760222956,15.478632016373192,False,False
4100.0,17.0,15.52636842105263,15.239170000000055,14.891,15.218846140350896,0.2597858760222956,15.478632016373192,False,False
4100.0,17.5,15.52636851924253,15.239170000000055,14.891,15.21884617308086,0.25978591476648893,15.47863208784735,False,False
4100.0,18.0,15.608906325520811,15.239170000000055,15.445,15.431025441840289,0.15126732145271185,15.582292763293001,False,False
4100.0,18.5,15.52636851924253,15.33539666666672,15.445,15.435588395303084,0.07824745297787662,15.51383584828096,False,False
4100.0,19.0,15.52636842105263,15.33539666666672,15.445,15.435588362573116,0.07824741500564963,15.513835777578766,False,False
4100.0,19.5,15.52636842105263,15.33539666666672,15.445,15.435588362573116,0.07824741500564963,15.513835777578766,False,False
4100.0,20.0,15.52636842105263,15.33539666666672,15.445,15.435588362573116,0.07824741500564963,15.513835777578766,False,False
4100.0,20.5,15.52636842105263,15.33539666666672,15.445,15.435588362573116,0.07824741500564963,15.513835777578766,False,False
4100.0,21.0,15.52636842105263,15.33539666666672,15.185666666666668,15.349143918128673,0.1394301773947253,15.488574095523399,False,False
4100.0,21.5,15.52636842105263,14.856196666666701,15.185666666666668,15.189410584795333,0.27360928077143665,15.46301986556677,False,False
4100.0,22.0,15.52636842105263,14.856196666666701,15.185666666666668,15.189410584795333,0.27360928077143665,15.46301986556677,False,False
4100.0,22.5,15.52636842105263,14.856196666666701,15.185666666666668,15.189410584795333,0.27360928077143665,15.46301986556677,False,False
4100.0,23.0,15.52636842105263,14.856196666666701,15.185666666666668,15.189410584795333,0.27360928077143665,15.46301986556677,False,False
4100.0,23.5,15.526368132262162,14.856196666666701,15.185666666666668,15.189410488531843,0.27360916222014026,15.463019650751983,False,False
4100.0,24.0,15.283612697338286,14.856196666666701,15.185666666666668,15.108492010223886,0.18282607676251503,15.2913180869864,False,False
4150.0,3.0,15.864737232449741,16.011629999999986,16.363,16.07978907748324,0.20904655185585996,16.2888356293391,False,False
4150.0,3.5,15.526368823587681,16.011629999999986,16.363,15.966999607862556,0.3430081002571421,16.3100077081197,False,False
4150.0,4.0,15.52636842105263,16.011629999999986,16.363,15.966999473684206,0.3430082726236687,16.310007746307875,False,False
4150.0,4.5,15.52636842105263,16.011629999999986,16.819,16.118999473684205,0.5331480423749807,16.652147516059188,False,False
4150.0,5.0,15.52636842105263,16.81366000000001,16.819,16.386342807017545,0.6080976277357666,16.99444043475331,False,False
4150.0,5.5,15.52636929585973,16.81366000000001,16.819,16.386343098619914,0.608097215350395,16.99444031397031,False,False
4150.0,6.0,16.261726591537098,16.81366000000001,16.819,16.631462197179037,0.2614516430235334,16.89291384020257,False,False
4150.0,6.5,15.52636929585973,16.81366000000001,16.819,16.386343098619914,0.608097215350395,16.99444031397031,False,False
4150.0,7.0,15.52636842105263,16.81366000000001,16.819,16.386342807017545,0.6080976277357666,16.99444043475331,False,False
4150.0,7.5,15.52636842105263,16.81366000000001,15.392333333333333,15.91078725146199,0.6407681594380433,16.551555410900033,False,False
4150.0,8.0,15.52636842105263,16.800353333333344,15.392333333333333,15.906351695906435,0.6345184772599743,16.54087017316641,False,False
4150.0,8.5,15.52636842105263,16.800353333333344,15.872333333333335,16.066351695906437,0.5378920170079896,16.60424371291443,False,False
4150.0,9.0,15.52636842105263,16.800353333333344,15.296333333333335,15.874351695906435,0.6614823302167597,16.535834026123194,False,False
4150.0,9.5,15.52636842105263,13.987156666666651,15.296333333333335,14.936619473684205,0.6779079346675064,15.614527408351712,False,False
4150.0,10.0,15.52636842105263,13.987156666666651,15.296333333333335,14.936619473684205,0.6779079346675064,15.614527408351712,False,False
4150.0,10.5,15.52636842105263,13.987156666666651,15.296333333333335,14.936619473684205,0.6779079346675064,15.614527408351712,False,False
4150.0,11.0,15.52636842105263,13.987156666666651,15.296333333333331,14.936619473684203,0.6779079346675058,15.614527408351709,False,False
4150.0,11.5,15.526367409220732,13.987156666666651,15.296333333333331,14.936619136406904,0.677907641251761,15.614526777658664,False,False
4150.0,12.0,14.675827936321433,13.987156666666651,15.296333333333331,14.653105978773803,0.5347105769493231,15.187816555723126,False,False
4150.0,12.5,15.526367409220732,13.961629999999984,14.683333333333332,14.723776914184683,0.6394411895698593,15.363218103754543,False,False
4150.0,13.0,15.52636842105263,13.961629999999984,14.683333333333332,14.723777251461982,0.6394416129013295,15.363218864363311,False,False
4150.0,13.5,15.52636842105263,13.961629999999984,14.683333333333332,14.723777251461982,0.6394416129013295,15.363218864363311,False,False
4150.0,14.0,15.52636842105263,13.961629999999984,14.683333333333332,14.723777251461982,0.6394416129013295,15.363218864363311,False,False
4150.0,14.5,15.52636842105263,13.961629999999984,14.683333333333332,14.723777251461982,0.6394416129013295,15.363218864363311,False,False
4150.0,15.0,15.52636842105263,13.961629999999984,14.683333333333332,14.723777251461982,0.6394416129013295,15.363218864363311,False,False
4150.0,15.5,15.52636842105263,15.32018333333339,14.891,15.24585058479534,0.26465987700775995,15.5105104618031,False,False
4150.0,16.0,15.52636842105263,15.32018333333339,14.891,15.24585058479534,0.26465987700775995,15.5105104618031,False,False
4150.0,16.5,15.52636842105263,15.32018333333339,14.891,15.24585058479534,0.26465987700775995,15.5105104618031,False,False
4150.0,17.0,15.52636842105263,15.32018333333339,14.891,15.24585058479534,0.26465987700775995,15.5105104618031,False,False
4150.0,17.5,15.526368519242533,15.32018333333339,14.891,15.245850617525306,0.2646599116988519,15.510510529224158,False,False
4150.0,18.0,15.608906328325272,15.32018333333339,15.445,15.458029887219553,0.11823021449693358,15.576260101716485,False,False
4150.0,18.5,15.526368519242533,15.394250000000053,15.445,15.455206173080862,0.0544178295440247,15.509624002624887,False,False
4150.0,19.0,15.52636842105263,15.394250000000053,15.445,15.455206140350896,0.05441778674295858,15.509623927093854,False,False
4150.0,19.5,15.52636842105263,15.394250000000053,15.445,15.455206140350896,0.05441778674295858,15.509623927093854,False,False
4150.0,20.0,15.52636842105263,15.394250000000053,15.445,15.455206140350896,0.05441778674295858,15.509623927093854,False,False
4150.0,20.5,15.52636842105263,15.394250000000053,15.445,15.455206140350896,0.05441778674295858,15.509623927093854,False,False
4150.0,21.0,15.52636842105263,15.394250000000053,15.185666666666668,15.36876169590645,0.14025372625969498,15.509015422166145,False,False
4150.0,21.5,15.52636842105263,14.901320000000036,15.185666666666668,15.204451695906444,0.25552043644001027,15.459972132346454,False,False
4150.0,22.0,15.52636842105263,14.901320000000036,15.185666666666668,15.204451695906444,0.25552043644001027,15.459972132346454,False,False
4150.0,22.5,15.52636842105263,14.901320000000036,15.185666666666668,15.204451695906444,0.25552043644001027,15.459972132346454,False,False
4150.0,23.0,15.52636842105263,14.901320000000036,15.185666666666668,15.204451695906444,0.25552043644001027,15.459972132346454,False,False
4150.0,23.5,15.52636813226223,14.901320000000036,15.185666666666668,15.204451599642978,0.25552031516275114,15.45997191480573,False,False
4150.0,24.0,15.283612753836561,14.901320000000036,15.185666666666668,15.123533140167757,0.16213650369441154,15.285669643862168,False,False
4200.0,3.0,15.864737263385585,16.011629999999986,16.363,16.07978908779519,0.20904654124768018,16.28883562904287,False,False
4200.0,3.5,15.526368823587719,16.011629999999986,16.363,15.966999607862569,0.34300810025712614,16.310007708119695,False,False
4200.0,4.0,15.52636842105263,16.011629999999986,16.363,15.966999473684206,0.3430082726236687,16.310007746307875,False,False
4200.0,4.5,15.52636842105263,16.011629999999986,16.819,16.118999473684205,0.5331480423749807,16.652147516059188,False,False
4200.0,5.0,15.52636842105263,16.81366000000001,16.819,16.386342807017545,0.6080976277357666,16.99444043475331,False,False
4200.0,5.5,15.526369295859606,16.81366000000001,16.819,16.38634309861987,0.6080972153504536,16.994440313970326,False,False
4200.0,6.0,16.261726487657995,16.81366000000001,16.819,16.63146216255267,0.26145169199090973,16.89291385454358,False,False
4200.0,6.5,15.526369295859606,16.81366000000001,16.819,16.38634309861987,0.6080972153504536,16.994440313970326,False,False
4200.0,7.0,15.52636842105263,16.81366000000001,16.819,16.386342807017545,0.6080976277357666,16.99444043475331,False,False
4200.0,7.5,15.52636842105263,16.81366000000001,16.819,16.386342807017545,0.6080976277357666,16.99444043475331,False,False
4200.0,8.0,15.52636842105263,16.800353333333344,15.872333333333335,16.066351695906437,0.5378920170079896,16.60424371291443,False,False
4200.0,8.5,15.52636842105263,16.800353333333344,15.872333333333335,16.066351695906437,0.5378920170079896,16.60424371291443,False,False
4200.0,9.0,15.52636842105263,16.800353333333344,15.872333333333335,16.066351695906437,0.5378920170079896,16.60424371291443,False,False
4200.0,9.5,15.52636842105263,13.987156666666651,15.296333333333335,14.936619473684205,0.6779079346675064,15.614527408351712,False,False
4200.0,10.0,15.52636842105263,13.987156666666651,15.296333333333331,14.936619473684203,0.6779079346675058,15.614527408351709,False,False
4200.0,10.5,15.52636842105263,13.987156666666651,15.296333333333331,14.936619473684203,0.6779079346675058,15.614527408351709,False,False
4200.0,11.0,15.52636842105263,13.987156666666651,15.296333333333331,14.936619473684203,0.6779079346675058,15.614527408351709,False,False
4200.0,11.5,15.52636740922073,13.987156666666651,15.296333333333331,14.936619136406904,0.6779076412517604,15.614526777658664,False,False
4200.0,12.0,14.675827934636152,13.987156666666651,15.296333333333331,14.653105978212045,0.5347105769254517,15.187816555137497,False,False
4200.0,12.5,15.52636740922073,13.961629999999984,14.683333333333332,14.723776914184683,0.6394411895698586,15.36321810375454,False,False
4200.0,13.0,15.52636842105263,13.961629999999984,14.683333333333332,14.723777251461982,0.6394416129013295,15.363218864363311,False,False
4200.0,13.5,15.52636842105263,13.961629999999984,14.683333333333332,14.723777251461982,0.6394416129013295,15.363218864363311,False,False
4200.0,14.0,15.52636842105263,13.961629999999984,14.683333333333332,14.723777251461982,0.6394416129013295,15.363218864363311,False,False
4200.0,14.5,15.52636842105263,13.961629999999984,14.683333333333332,14.723777251461982,0.6394416129013295,15.363218864363311,False,False
4200.0,15.0,15.52636842105263,13.961629999999984,14.683333333333332,14.723777251461982,0.6394416129013295,15.363218864363311,False,False
4200.0,15.5,15.52636842105263,15.32018333333339,14.891,15.24585058479534,0.26465987700775995,15.5105104618031,False,False
4200.0,16.0,15.52636842105263,15.32018333333339,14.891,15.24585058479534,0.26465987700775995,15.5105104618031,False,False
4200.0,16.5,15.52636842105263,15.32018333333339,14.891,15.24585058479534,0.26465987700775995,15.5105104618031,False,False
4200.0,17.0,15.52636842105263,15.32018333333339,14.891,15.24585058479534,0.26465987700775995,15.5105104618031,False,False
4200.0,17.5,15.526368519242537,15.32018333333339,14.891,15.245850617525308,0.2646599116988531,15.510510529224161,False,False
4200.0,18.0,15.608906330387608,15.32018333333339,15.445,15.458029887906998,0.11823021537419924,15.576260103281196,False,False
4200.0,18.5,15.526368519242537,15.394250000000053,15.445,15.455206173080862,0.05441782954402624,15.509624002624887,False,False
4200.0,19.0,15.52636842105263,15.394250000000053,15.445,15.455206140350896,0.05441778674295858,15.509623927093854,False,False
4200.0,19.5,15.52636842105263,15.394250000000053,15.445,15.455206140350896,0.05441778674295858,15.509623927093854,False,False
4200.0,20.0,15.52636842105263,15.394250000000053,15.445,15.455206140350896,0.05441778674295858,15.509623927093854,False,False
4200.0,20.5,15.52636842105263,15.394250000000053,15.445,15.455206140350896,0.05441778674295858,15.509623927093854,False,False
4200.0,21.0,15.52636842105263,15.394250000000053,15.185666666666668,15.36876169590645,0.14025372625969498,15.509015422166145,False,False
4200.0,21.5,15.52636842105263,14.901320000000036,15.185666666666668,15.204451695906444,0.25552043644001027,15.459972132346454,False,False
4200.0,22.0,15.52636842105263,14.901320000000036,15.185666666666668,15.204451695906444,0.25552043644001027,15.459972132346454,False,False
4200.0,22.5,15.52636842105263,14.901320000000036,15.185666666666668,15.204451695906444,0.25552043644001027,15.459972132346454,False,False
4200.0,23.0,15.52636842105263,14.901320000000036,15.185666666666668,15.204451695906444,0.25552043644001027,15.459972132346454,False,False
4200.0,23.5,15.526368132262299,14.901320000000036,15.185666666666668,15.204451599643,0.2555203151627803,15.45997191480578,False,False
4200.0,24.0,15.283612812517523,14.901320000000036,15.185666666666668,15.123533159728076,0.1621365230065881,15.285669682734664,False,False
4250.0,3.0,15.864737291279063,16.011629999999986,16.363,16.079789097093016,0.20904653168275567,16.28883562877577,False,False
4250.0,3.5,15.52636882358775,16.011629999999986,16.386,15.974666274529246,0.35191493064421486,16.32658120517346,False,False
4250.0,4.0,15.52636842105263,16.011629999999986,16.386,15.974666140350871,0.3519151015713932,16.326581241922266,False,False
4250.0,4.5,15.52636842105263,16.011629999999986,16.819,16.118999473684205,0.5331480423749807,16.652147516059188,False,False
4250.0,5.0,15.52636842105263,16.81366000000001,16.819,16.386342807017545,0.6080976277357666,16.99444043475331,False,False
4250.0,5.5,15.526369295859475,16.81366000000001,16.819,16.38634309861983,0.6080972153505156,16.994440313970344,False,False
4250.0,6.0,16.261726377167065,16.81366000000001,16.819,16.63146212572236,0.26145174407502303,16.892913869797383,False,False
4250.0,6.5,15.526369295859475,16.81366000000001,16.819,16.38634309861983,0.6080972153505156,16.994440313970344,False,False
4250.0,7.0,15.52636842105263,16.81366000000001,16.819,16.386342807017545,0.6080976277357666,16.99444043475331,False,False
4250.0,7.5,15.52636842105263,16.81366000000001,16.819,16.386342807017545,0.6080976277357666,16.99444043475331,False,False
4250.0,8.0,15.52636842105263,16.800353333333344,16.819,16.381907251461993,0.6050052023457357,16.98691245380773,False,False
4250.0,8.5,15.52636842105263,16.800353333333344,16.723000000000003,16.34990725146199,0.5831855270486168,16.933092778510606,False,False
4250.0,9.0,15.52636842105263,16.800353333333344,16.723,16.34990725146199,0.583185527048616,16.933092778510606,False,False
4250.0,9.5,15.52636842105263,13.987156666666651,15.319333333333333,14.94428614035087,0.6820500978339782,15.626336238184848,False,False
4250.0,10.0,15.52636842105263,13.987156666666651,15.319333333333333,14.94428614035087,0.6820500978339782,15.626336238184848,False,False
4250.0,10.5,15.52636842105263,13.987156666666651,15.319333333333333,14.94428614035087,0.6820500978339782,15.626336238184848,False,False
4250.0,11.0,15.52636842105263,13.987156666666651,15.319333333333333,14.94428614035087,0.6820500978339782,15.626336238184848,False,False
4250.0,11.5,15.526367409220738,13.987156666666651,15.319333333333333,14.944285803073575,0.6820498099913886,15.626335613064963,False,False
4250.0,12.0,14.675827940598314,13.987156666666651,14.950999999999999,14.537994869088323,0.4053779795895789,14.943372848677901,False,False
4250.0,12.5,15.526367409220738,13.961629999999984,14.950999999999999,14.812999136406907,0.6462115075412224,15.45921064394813,False,False
4250.0,13.0,15.52636842105263,13.961629999999984,14.950999999999999,14.812999473684206,0.6462118798697324,15.459211353553938,False,False
4250.0,13.5,15.52636842105263,13.961629999999984,14.950999999999999,14.812999473684206,0.6462118798697324,15.459211353553938,False,False
4250.0,14.0,15.52636842105263,13.961629999999984,14.950999999999999,14.812999473684206,0.6462118798697324,15.459211353553938,False,False
4250.0,14.5,15.52636842105263,13.961629999999984,14.950999999999999,14.812999473684206,0.6462118798697324,15.459211353553938,False,False
4250.0,15.0,15.52636842105263,13.961629999999984,15.741666666666667,15.076555029239762,0.793255612128528,15.86981064136829,False,False
4250.0,15.5,15.52636842105263,15.32018333333339,15.741666666666667,15.529406140350895,0.17208325673606173,15.701489397086958,False,False
4250.0,16.0,15.52636842105263,15.32018333333339,15.741666666666667,15.529406140350895,0.17208325673606173,15.701489397086958,False,False
4250.0,16.5,15.52636842105263,15.32018333333339,15.741666666666667,15.529406140350895,0.17208325673606173,15.701489397086958,False,False
4250.0,17.0,15.52636842105263,15.32018333333339,15.741666666666667,15.529406140350895,0.17208325673606173,15.701489397086958,False,False
4250.0,17.5,15.526368519242537,15.32018333333339,15.741666666666667,15.529406173080865,0.17208325615829845,15.701489429239164,False,False
4250.0,18.0,15.60890633170782,15.32018333333339,15.69,15.539696555013736,0.15871061008143997,15.698407165095176,False,False
4250.0,18.5,15.526368519242537,15.394250000000053,15.69,15.536872839747529,0.12096768490509033,15.65784052465262,False,False
4250.0,19.0,15.52636842105263,15.394250000000053,15.69,15.536872807017561,0.12096768774723075,15.657840494764791,False,False
4250.0,19.5,15.52636842105263,15.394250000000053,15.69,15.536872807017561,0.12096768774723075,15.657840494764791,False,False
4250.0,20.0,15.52636842105263,15.394250000000053,15.69,15.536872807017561,0.12096768774723075,15.657840494764791,False,False
4250.0,20.5,15.52636842105263,15.394250000000053,15.69,15.536872807017561,0.12096768774723075,15.657840494764791,False,False
4250.0,21.0,15.52636842105263,15.394250000000053,15.453333333333333,15.45798391812867,0.054037272627699875,15.51202119075637,False,False
4250.0,21.5,15.52636842105263,14.901320000000036,15.453333333333333,15.293673918128667,0.27903372414185307,15.572707642270519,False,False
4250.0,22.0,15.52636842105263,14.901320000000036,15.453333333333333,15.293673918128667,0.27903372414185307,15.572707642270519,False,False
4250.0,22.5,15.52636842105263,14.901320000000036,15.453333333333333,15.293673918128667,0.27903372414185307,15.572707642270519,False,False
4250.0,23.0,15.52636842105263,14.901320000000036,15.453333333333333,15.293673918128667,0.27903372414185307,15.572707642270519,False,False
4250.0,23.5,15.526368132262371,14.901320000000036,15.453333333333333,15.293673821865246,0.2790336438649524,15.572707465730199,False,False
4250.0,24.0,15.28361287338117,14.901320000000036,15.453333333333333,15.21275540223818,0.23086109237233157,15.443616494610511,False,False
4300.0,3.0,15.864737316130173,16.007796666666657,16.386,16.08617799426561,0.21990364675758103,16.30608164102319,False,False
4300.0,3.5,15.52636882358778,16.007796666666657,16.386,15.973388496751477,0.35178533367443227,16.32517383042591,False,False
4300.0,4.0,15.52636842105263,16.007796666666657,16.386,15.973388362573095,0.3517855041772213,16.325173866750315,False,False
4300.0,4.5,15.52636842105263,16.007796666666657,16.386,15.973388362573095,0.3517855041772213,16.325173866750315,False,False
4300.0,5.0,15.52636842105263,16.868863333333362,16.386,16.260410584795327,0.5552192799747382,16.815629864770067,False,False
4300.0,5.5,15.526369295859336,16.868863333333362,16.386,16.260410876397568,0.5552188944543994,16.815629770851967,False,False
4300.0,6.0,16.26172626006431,16.868863333333362,16.386,16.50552986446589,0.2618770676085162,16.767406932074405,False,False
4300.0,6.5,15.526369295859336,16.868863333333362,16.819,16.404744209730897,0.6214383611117761,17.02618257084267,False,False
4300.0,7.0,15.52636842105263,16.868863333333362,16.819,16.404743918128663,0.6214387732782986,17.026182691406962,False,False
4300.0,7.5,15.52636842105263,16.868863333333362,16.819,16.404743918128663,0.6214387732782986,17.026182691406962,False,False
4300.0,8.0,15.52636842105263,16.8519566666667,16.723000000000003,16.36710836257311,0.5968194547880965,16.963927817361206,False,False
4300.0,8.5,15.52636842105263,16.8519566666667,16.723,16.36710836257311,0.5968194547880958,16.963927817361206,False,False
4300.0,9.0,15.52636842105263,16.8519566666667,15.319333333333333,15.899219473684221,0.6789683355679323,16.578187809252153,False,False
4300.0,9.5,15.52636842105263,15.106116666666694,15.319333333333333,15.317272807017552,0.17157324692899734,15.48884605394655,False,False
4300.0,10.0,15.52636842105263,15.106116666666694,15.319333333333333,15.317272807017552,0.17157324692899734,15.48884605394655,False,False
4300.0,10.5,15.52636842105263,15.106116666666694,15.319333333333333,15.317272807017552,0.17157324692899734,15.48884605394655,False,False
4300.0,11.0,15.52636842105263,15.106116666666694,15.319333333333333,15.317272807017552,0.17157324692899734,15.48884605394655,False,False
4300.0,11.5,15.526367409220754,15.106116666666694,15.319333333333333,15.31727246974026,0.17157283589071182,15.488845305630973,False,False
4300.0,12.0,14.675827954207918,15.106116666666694,14.950999999999999,14.910981540291537,0.17792920287844086,15.088910743169977,False,False
4300.0,12.5,15.526367409220754,15.084016666666697,14.950999999999999,15.187128025295818,0.24594833889404244,15.43307636418986,False,False
4300.0,13.0,15.52636842105263,15.084016666666697,14.950999999999999,15.18712836257311,0.245948804104529,15.43307716667764,False,False
4300.0,13.5,15.52636842105263,15.084016666666697,14.950999999999999,15.18712836257311,0.245948804104529,15.43307716667764,False,False
4300.0,14.0,15.52636842105263,15.084016666666697,14.950999999999999,15.18712836257311,0.245948804104529,15.43307716667764,False,False
4300.0,14.5,15.52636842105263,15.084016666666697,14.951,15.18712836257311,0.2459488041045284,15.43307716667764,False,False
4300.0,15.0,15.52636842105263,15.084016666666697,14.951,15.18712836257311,0.2459488041045284,15.43307716667764,False,False
4300.0,15.5,15.52636842105263,15.928333333333352,15.741666666666667,15.732122807017552,0.16424019325155784,15.89636300026911,False,False
4300.0,16.0,15.52636842105263,15.928333333333352,15.741666666666667,15.732122807017552,0.16424019325155784,15.89636300026911,False,False
4300.0,16.5,15.52636842105263,15.928333333333352,15.741666666666667,15.732122807017552,0.16424019325155784,15.89636300026911,False,False
4300.0,17.0,15.52636842105263,15.928333333333352,15.741666666666667,15.732122807017552,0.16424019325155784,15.89636300026911,False,False
4300.0,17.5,15.526368519242538,15.928333333333352,15.741666666666667,15.732122839747518,0.16424015224859526,15.896362991996114,False,False
4300.0,18.0,15.608906332285907,15.928333333333352,15.69,15.742413221873086,0.135569813798105,15.87798303567119,False,False
4300.0,18.5,15.526368519242538,15.943733333333348,15.69,15.720033950858628,0.1717068736022683,15.891740824460896,False,False
4300.0,19.0,15.52636842105263,15.943733333333348,15.69,15.720033918128658,0.17170691051787845,15.891740828646537,False,False
4300.0,19.5,15.52636842105263,15.943733333333348,15.69,15.720033918128658,0.17170691051787845,15.891740828646537,False,False
4300.0,20.0,15.52636842105263,15.943733333333348,15.69,15.720033918128658,0.17170691051787845,15.891740828646537,False,False
4300.0,20.5,15.52636842105263,15.943733333333348,15.69,15.720033918128658,0.17170691051787845,15.891740828646537,False,False
4300.0,21.0,15.52636842105263,15.943733333333348,15.453333333333333,15.641145029239771,0.21602977007843455,15.857174799318205,False,False
4300.0,21.5,15.52636842105263,15.477036666666647,15.453333333333333,15.485579473684204,0.03042220322227152,15.516001676906475,False,False
4300.0,22.0,15.52636842105263,15.477036666666647,15.453333333333333,15.485579473684204,0.03042220322227152,15.516001676906475,False,False
4300.0,22.5,15.52636842105263,15.477036666666647,15.453333333333333,15.485579473684204,0.03042220322227152,15.516001676906475,False,False
4300.0,23.0,15.52636842105263,15.477036666666647,15.453333333333333,15.485579473684204,0.03042220322227152,15.516001676906475,False,False
4300.0,23.5,15.526368132262446,15.477036666666647,15.453333333333333,15.48557937742081,0.0304220741559583,15.516001451576768,False,False
4300.0,24.0,15.283612936427502,15.477036666666647,15.453333333333333,15.404660978809162,0.08613916424833093,15.490800143057493,False,False
4350.0,3.0,15.864737337938912,16.007796666666657,16.386,16.08617800153519,0.21990363943719002,16.30608164097238,False,False
4350.0,3.5,15.526368823587807,16.007796666666657,16.386,15.973388496751488,0.351785333674421,16.32517383042591,False,False
4350.0,4.0,15.52636842105263,16.007796666666657,16.386,15.973388362573095,0.3517855041772213,16.325173866750315,False,False
4350.0,4.5,15.52636842105263,16.007796666666657,16.386,15.973388362573095,0.3517855041772213,16.325173866750315,False,False
4350.0,5.0,15.52636842105263,16.868863333333362,16.386,16.260410584795327,0.5552192799747382,16.815629864770067,False,False
4350.0,5.5,15.526369295859189,16.868863333333362,16.386,16.260410876397515,0.5552188944544644,16.81562977085198,False,False
4350.0,6.0,16.26172613634974,16.868863333333362,16.386,16.5055298232277,0.2618771060006538,16.767406929228354,False,False
4350.0,6.5,15.526369295859189,16.868863333333362,16.386,16.260410876397515,0.5552188944544644,16.81562977085198,False,False
4350.0,7.0,15.52636842105263,16.868863333333362,16.386,16.260410584795327,0.5552192799747382,16.815629864770067,False,False
4350.0,7.5,15.52636842105263,16.868863333333362,16.386,16.260410584795327,0.5552192799747382,16.815629864770067,False,False
4350.0,8.0,15.52636842105263,16.8519566666667,16.266,16.214775029239778,0.5423799697933694,16.757154999033148,False,False
4350.0,8.5,15.52636842105263,16.8519566666667,16.723,16.36710836257311,0.5968194547880958,16.963927817361206,False,False
4350.0,9.0,15.52636842105263,16.8519566666667,16.723,16.36710836257311,0.5968194547880958,16.963927817361206,False,False
4350.0,9.5,15.52636842105263,15.106116666666694,15.319333333333333,15.317272807017552,0.17157324692899734,15.48884605394655,False,False
4350.0,10.0,15.52636842105263,15.106116666666694,15.319333333333333,15.317272807017552,0.17157324692899734,15.48884605394655,False,False
4350.0,10.5,15.52636842105263,15.106116666666694,15.319333333333333,15.317272807017552,0.17157324692899734,15.48884605394655,False,False
4350.0,11.0,15.52636842105263,15.106116666666694,15.319333333333333,15.317272807017552,0.17157324692899734,15.48884605394655,False,False
4350.0,11.5,15.526367409220779,15.106116666666694,15.319333333333333,15.317272469740269,0.17157283589072195,15.48884530563099,False,False
4350.0,12.0,14.675827975464966,15.106116666666694,14.950999999999999,14.910981547377219,0.17792919351390918,15.088910740891128,False,False
4350.0,12.5,15.526367409220779,15.084016666666697,14.950999999999999,15.187128025295825,0.24594833889405385,15.43307636418988,False,False
4350.0,13.0,15.52636842105263,15.084016666666697,14.950999999999999,15.18712836257311,0.245948804104529,15.43307716667764,False,False
4350.0,13.5,15.52636842105263,15.084016666666697,14.951,15.18712836257311,0.2459488041045284,15.43307716667764,False,False
4350.0,14.0,15.52636842105263,15.084016666666697,14.951,15.18712836257311,0.2459488041045284,15.43307716667764,False,False
4350.0,14.5,15.52636842105263,15.084016666666697,14.951,15.18712836257311,0.2459488041045284,15.43307716667764,False,False
4350.0,15.0,15.52636842105263,15.084016666666697,15.741666666666667,15.450683918128666,0.2737663098485349,15.7244502279772,False,False
4350.0,15.5,15.52636842105263,15.928333333333352,15.741666666666667,15.732122807017552,0.16424019325155784,15.89636300026911,False,False
4350.0,16.0,15.52636842105263,15.928333333333352,15.741666666666667,15.732122807017552,0.16424019325155784,15.89636300026911,False,False
4350.0,16.5,15.52636842105263,15.928333333333352,15.741666666666667,15.732122807017552,0.16424019325155784,15.89636300026911,False,False
4350.0,17.0,15.52636842105263,15.928333333333352,15.741666666666667,15.732122807017552,0.16424019325155784,15.89636300026911,False,False
4350.0,17.5,15.526368519242538,15.928333333333352,15.741666666666667,15.732122839747518,0.16424015224859526,15.896362991996114,False,False
4350.0,18.0,15.608906332121867,15.928333333333352,15.69,15.742413221818405,0.13556981385195277,15.877983035670358,False,False
4350.0,18.5,15.526368519242538,15.943733333333348,15.69,15.720033950858628,0.1717068736022683,15.891740824460896,False,False
4350.0,19.0,15.52636842105263,15.943733333333348,15.69,15.720033918128658,0.17170691051787845,15.891740828646537,False,False
4350.0,19.5,15.52636842105263,15.943733333333348,15.69,15.720033918128658,0.17170691051787845,15.891740828646537,False,False
4350.0,20.0,15.52636842105263,15.943733333333348,15.69,15.720033918128658,0.17170691051787845,15.891740828646537,False,False
4350.0,20.5,15.52636842105263,15.943733333333348,15.69,15.720033918128658,0.17170691051787845,15.891740828646537,False,False
4350.0,21.0,15.52636842105263,15.943733333333348,15.69,15.720033918128658,0.17170691051787845,15.891740828646537,False,False
4350.0,21.5,15.52636842105263,15.477036666666647,15.453333333333333,15.485579473684204,0.03042220322227152,15.516001676906475,False,False
4350.0,22.0,15.52636842105263,15.477036666666647,15.453333333333333,15.485579473684204,0.03042220322227152,15.516001676906475,False,False
4350.0,22.5,15.52636842105263,15.477036666666647,15.453333333333333,15.485579473684204,0.03042220322227152,15.516001676906475,False,False
4350.0,23.0,15.52636842105263,15.477036666666647,15.453333333333333,15.485579473684204,0.03042220322227152,15.516001676906475,False,False
4350.0,23.5,15.526368132262524,15.477036666666647,15.453333333333333,15.485579377420834,0.030422074155993233,15.516001451576827,False,False
4350.0,24.0,15.283613001656516,15.477036666666647,15.453333333333333,15.404661000552165,0.08613913369372618,15.490800134245891,False,False
4400.0,3.0,15.864737356705284,16.067900000000012,16.386,16.1062124522351,0.21452205608568978,16.32073450832079,False,False
4400.0,3.5,15.526368823587829,16.067900000000012,16.386,15.993422941195945,0.35487233768499643,16.34829527888094,False,False
4400.0,4.0,15.52636842105263,16.067900000000012,16.386,15.993422807017547,0.35487251427970296,16.34829532129725,False,False
4400.0,4.5,15.52636842105263,16.067900000000012,16.386,15.993422807017547,0.35487251427970296,16.34829532129725,False,False
4400.0,5.0,15.52636842105263,16.90413000000003,16.386,16.272166140350887,0.5681991158082224,16.84036525615911,False,False
4400.0,5.5,15.526369295859032,16.90413000000003,16.386,16.27216643195302,0.5681987330617722,16.840365165014795,False,False
4400.0,6.0,16.261726006023355,16.90413000000003,16.386,16.51728533534113,0.278205682096323,16.795491017437453,False,False
4400.0,6.5,15.526369295859032,16.90413000000003,16.386,16.27216643195302,0.5681987330617722,16.840365165014795,False,False
4400.0,7.0,15.52636842105263,16.90413000000003,16.386,16.272166140350887,0.5681991158082224,16.84036525615911,False,False
4400.0,7.5,15.52636842105263,16.90413000000003,16.29,16.240166140350887,0.563571528900904,16.80373766925179,False,False
4400.0,8.0,15.52636842105263,16.886263333333368,16.29,16.23421058479533,0.556574575565226,16.790785160360556,False,False
4400.0,8.5,15.52636842105263,16.886263333333368,16.29,16.23421058479533,0.556574575565226,16.790785160360556,False,False
4400.0,9.0,15.52636842105263,16.886263333333368,16.29,16.23421058479533,0.556574575565226,16.790785160360556,False,False
4400.0,9.5,15.52636842105263,15.107720000000029,15.319333333333333,15.317807251461998,0.1709159087716679,15.488723160233667,False,False
4400.0,10.0,15.52636842105263,15.107720000000029,15.319333333333333,15.317807251461998,0.1709159087716679,15.488723160233667,False,False
4400.0,10.5,15.52636842105263,15.107720000000029,15.319333333333333,15.317807251461998,0.1709159087716679,15.488723160233667,False,False
4400.0,11.0,15.52636842105263,15.107720000000029,15.319333333333333,15.317807251461998,0.1709159087716679,15.488723160233667,False,False
4400.0,11.5,15.526367409220812,15.107720000000029,15.319333333333333,15.317806914184724,0.17091549720720953,15.488722411391933,False,False
4400.0,12.0,14.675828004369455,15.107720000000029,14.950999999999999,14.911516001456496,0.17851594434518073,15.090031945801677,False,False
4400.0,12.5,15.526367409220812,15.081936666666698,14.951,15.186434691962504,0.24624079254043113,15.432675484502935,False,False
4400.0,13.0,15.52636842105263,15.081936666666698,14.951,15.186435029239776,0.24624125814803408,15.43267628738781,False,False
4400.0,13.5,15.52636842105263,15.081936666666698,14.951,15.186435029239776,0.24624125814803408,15.43267628738781,False,False
4400.0,14.0,15.52636842105263,15.081936666666698,14.951,15.186435029239776,0.24624125814803408,15.43267628738781,False,False
4400.0,14.5,15.52636842105263,15.081936666666698,14.951,15.186435029239776,0.24624125814803408,15.43267628738781,False,False
4400.0,15.0,15.52636842105263,15.081936666666698,15.741666666666667,15.449990584795332,0.2746951020416394,15.72468568683697,False,False
4400.0,15.5,15.52636842105263,15.930586666666686,15.741666666666667,15.73287391812866,0.16513849105516595,15.898012409183826,False,False
4400.0,16.0,15.52636842105263,15.930586666666686,15.741666666666667,15.73287391812866,0.16513849105516595,15.898012409183826,False,False
4400.0,16.5,15.52636842105263,15.930586666666686,15.741666666666667,15.73287391812866,0.16513849105516595,15.898012409183826,False,False
4400.0,17.0,15.52636842105263,15.930586666666686,15.741666666666667,15.73287391812866,0.16513849105516595,15.898012409183826,False,False
4400.0,17.5,15.526368519242537,15.930586666666686,15.741666666666667,15.73287395085863,0.1651384501263784,15.898012400985008,False,False
4400.0,18.0,15.608906331215703,15.930586666666686,15.69,15.743164332627464,0.13660013238587276,15.879764465013336,False,False
4400.0,18.5,15.526368519242537,15.94598666666668,15.69,15.720785061969737,0.1726859141954513,15.893470976165188,False,False
4400.0,19.0,15.52636842105263,15.94598666666668,15.69,15.72078502923977,0.17268595104412984,15.893470980283901,False,False
4400.0,19.5,15.52636842105263,15.94598666666668,15.69,15.72078502923977,0.17268595104412984,15.893470980283901,False,False
4400.0,20.0,15.52636842105263,15.94598666666668,15.69,15.72078502923977,0.17268595104412984,15.893470980283901,False,False
4400.0,20.5,15.52636842105263,15.94598666666668,15.69,15.72078502923977,0.17268595104412984,15.893470980283901,False,False
4400.0,21.0,15.52636842105263,15.94598666666668,15.453333333333333,15.64189614035088,0.21708188494330297,15.858978025294183,False,False
4400.0,21.5,15.52636842105263,15.479289999999983,15.453333333333333,15.486330584795317,0.030229217491653942,15.51655980228697,False,False
4400.0,22.0,15.52636842105263,15.479289999999983,15.453333333333333,15.486330584795317,0.030229217491653942,15.51655980228697,False,False
4400.0,22.5,15.52636842105263,15.479289999999983,15.453333333333333,15.486330584795317,0.030229217491653942,15.51655980228697,False,False
4400.0,23.0,15.52636842105263,15.479289999999983,15.453333333333333,15.486330584795317,0.030229217491653942,15.51655980228697,False,False
4400.0,23.5,15.526368132262604,15.479289999999983,15.453333333333333,15.486330488531975,0.03022908999332242,15.516559578525298,False,False
4400.0,24.0,15.283613069068211,15.479289999999983,15.453333333333333,15.405412134133842,0.08677440607405411,15.492186540207896,False,False
4450.0,3.0,15.864737372429286,16.067900000000012,16.386,16.10621245747643,0.21452205018582282,16.320734507662255,False,False
4450.0,3.5,15.526368823587848,16.067900000000012,16.386,15.993422941195954,0.3548723376849879,16.348295278880943,False,False
4450.0,4.0,15.52636842105263,16.067900000000012,16.386,15.993422807017547,0.35487251427970296,16.34829532129725,False,False
4450.0,4.5,15.52636842105263,16.067900000000012,16.386,15.993422807017547,0.35487251427970296,16.34829532129725,False,False
4450.0,5.0,15.52636842105263,16.90413000000003,16.386,16.272166140350887,0.5681991158082224,16.84036525615911,False,False
4450.0,5.5,15.52636929585887,16.90413000000003,16.386,16.272166431952968,0.5681987330618429,16.84036516501481,False,False
4450.0,6.0,16.261725869085158,16.90413000000003,16.386,16.517285289695064,0.2782057240267362,16.7954910137218,False,False
4450.0,6.5,15.52636929585887,16.90413000000003,16.386,16.272166431952968,0.5681987330618429,16.84036516501481,False,False
4450.0,7.0,15.52636842105263,16.90413000000003,16.386,16.272166140350887,0.5681991158082224,16.84036525615911,False,False
4450.0,7.5,15.52636842105263,16.90413000000003,16.29,16.240166140350887,0.563571528900904,16.80373766925179,False,False
4450.0,8.0,15.52636842105263,16.886263333333368,16.29,16.23421058479533,0.556574575565226,16.790785160360556,False,False
4450.0,8.5,15.52636842105263,16.886263333333368,16.29,16.23421058479533,0.556574575565226,16.790785160360556,False,False
4450.0,9.0,15.52636842105263,16.886263333333368,16.29,16.23421058479533,0.556574575565226,16.790785160360556,False,False
4450.0,9.5,15.52636842105263,15.107720000000029,16.29,15.641362807017552,0.48946520557479845,16.13082801259235,False,False
4450.0,10.0,15.52636842105263,15.107720000000029,15.319333333333333,15.317807251461998,0.1709159087716679,15.488723160233667,False,False
4450.0,10.5,15.52636842105263,15.107720000000029,15.319333333333333,15.317807251461998,0.1709159087716679,15.488723160233667,False,False
4450.0,11.0,15.52636842105263,15.107720000000029,15.319333333333333,15.317807251461998,0.1709159087716679,15.488723160233667,False,False
4450.0,11.5,15.526367409220857,15.107720000000029,15.319333333333333,15.317806914184738,0.17091549720722757,15.488722411391965,False,False
4450.0,12.0,14.675828040921386,15.107720000000029,16.377666666666666,15.38707156919603,0.7223072529188881,16.109378822114916,False,False
4450.0,12.5,15.526367409220857,15.081936666666698,14.951,15.186434691962518,0.24624079254045156,15.432675484502969,False,False
4450.0,13.0,15.52636842105263,15.081936666666698,14.951,15.186435029239776,0.24624125814803408,15.43267628738781,False,False
4450.0,13.5,15.52636842105263,15.081936666666698,14.951,15.186435029239776,0.24624125814803408,15.43267628738781,False,False
4450.0,14.0,15.52636842105263,15.081936666666698,14.951,15.186435029239776,0.24624125814803408,15.43267628738781,False,False
4450.0,14.5,15.52636842105263,15.081936666666698,14.951,15.186435029239776,0.24624125814803408,15.43267628738781,False,False
4450.0,15.0,15.52636842105263,15.081936666666698,15.741666666666667,15.449990584795332,0.2746951020416394,15.72468568683697,False,False
4450.0,15.5,15.52636842105263,15.930586666666686,15.741666666666667,15.73287391812866,0.16513849105516595,15.898012409183826,False,False
4450.0,16.0,15.52636842105263,15.930586666666686,15.741666666666667,15.73287391812866,0.16513849105516595,15.898012409183826,False,False
4450.0,16.5,15.52636842105263,15.930586666666686,15.741666666666667,15.73287391812866,0.16513849105516595,15.898012409183826,False,False
4450.0,17.0,15.52636842105263,15.930586666666686,15.741666666666667,15.73287391812866,0.16513849105516595,15.898012409183826,False,False
4450.0,17.5,15.526368519242535,15.930586666666686,15.741666666666667,15.73287395085863,0.16513845012637915,15.89801240098501,False,False
4450.0,18.0,15.608906329567414,15.930586666666686,15.75,15.763164332078034,0.13165493926263164,15.894819271340666,False,False
4450.0,18.5,15.526368519242535,15.94598666666668,15.69,15.720785061969737,0.17268591419545196,15.893470976165188,False,False
4450.0,19.0,15.52636842105263,15.94598666666668,15.69,15.72078502923977,0.17268595104412984,15.893470980283901,False,False
4450.0,19.5,15.52636842105263,15.94598666666668,15.69,15.72078502923977,0.17268595104412984,15.893470980283901,False,False
4450.0,20.0,15.52636842105263,15.94598666666668,15.69,15.72078502923977,0.17268595104412984,15.893470980283901,False,False
4450.0,20.5,15.52636842105263,15.94598666666668,15.69,15.72078502923977,0.17268595104412984,15.893470980283901,False,False
4450.0,21.0,15.52636842105263,15.94598666666668,15.453333333333333,15.64189614035088,0.21708188494330297,15.858978025294183,False,False
4450.0,21.5,15.52636842105263,15.479289999999983,15.453333333333333,15.486330584795317,0.030229217491653942,15.51655980228697,False,False
4450.0,22.0,15.52636842105263,15.479289999999983,15.453333333333333,15.486330584795317,0.030229217491653942,15.51655980228697,False,False
4450.0,22.5,15.52636842105263,15.479289999999983,15.453333333333333,15.486330584795317,0.030229217491653942,15.51655980228697,False,False
4450.0,23.0,15.52636842105263,15.479289999999983,15.453333333333333,15.486330584795317,0.030229217491653942,15.51655980228697,False,False
4450.0,23.5,15.526368132262688,15.479289999999983,15.453333333333333,15.486330488532,0.03022908999335928,15.516559578525358,False,False
4450.0,24.0,15.283613138662586,15.479289999999983,15.453333333333333,15.405412157331966,0.08677437351249541,15.492186530844462,False,False
4500.0,3.0,15.864737385110917,16.067900000000012,16.386,16.106212461703645,0.21452204542749598,16.320734507131142,False,False
4500.0,3.5,15.526368823587863,16.067900000000012,16.386,15.99342294119596,0.3548723376849816,16.34829527888094,False,False
4500.0,4.0,15.52636842105263,16.067900000000012,16.386,15.993422807017547,0.35487251427970296,16.34829532129725,False,False
4500.0,4.5,15.52636842105263,16.067900000000012,16.386,15.993422807017547,0.35487251427970296,16.34829532129725,False,False
4500.0,5.0,15.52636842105263,16.90413000000003,16.386,16.272166140350887,0.5681991158082224,16.84036525615911,False,False
4500.0,5.5,15.5263692958587,16.90413000000003,16.386,16.27216643195291,0.5681987330619175,16.840365165014827,False,False
4500.0,6.0,16.26172572553515,16.90413000000003,16.499666666666666,16.55517413073395,0.265181223427895,16.820355354161844,False,False
4500.0,6.5,15.5263692958587,16.90413000000003,16.499666666666666,16.310055320841798,0.578227456005646,16.888282776847444,False,False
4500.0,7.0,15.52636842105263,16.90413000000003,16.29,16.240166140350887,0.563571528900904,16.80373766925179,False,False
4500.0,7.5,15.52636842105263,16.90413000000003,16.29,16.240166140350887,0.563571528900904,16.80373766925179,False,False
4500.0,8.0,15.52636842105263,16.886263333333368,16.29,16.23421058479533,0.556574575565226,16.790785160360556,False,False
4500.0,8.5,15.52636842105263,16.886263333333368,16.29,16.23421058479533,0.556574575565226,16.790785160360556,False,False
4500.0,9.0,15.52636842105263,16.886263333333368,16.29,16.23421058479533,0.556574575565226,16.790785160360556,False,False
4500.0,9.5,15.52636842105263,15.107720000000029,16.29,15.641362807017552,0.48946520557479845,16.13082801259235,False,False
4500.0,10.0,15.52636842105263,15.107720000000029,16.29,15.641362807017552,0.48946520557479845,16.13082801259235,False,False
4500.0,10.5,15.52636842105263,15.107720000000029,15.663333333333332,15.432473918128665,0.23634533674821429,15.66881925487688,False,False
4500.0,11.0,15.52636842105263,15.107720000000029,16.377666666666666,15.670585029239774,0.5283874567033673,16.19897248594314,False,False
4500.0,11.5,15.526367409220908,15.107720000000029,16.377666666666666,15.670584691962537,0.52838754875909,16.198972240721627,False,False
4500.0,12.0,14.675828085120756,15.107720000000029,16.377666666666666,15.387071583929151,0.7223072384114352,16.109378822340584,False,False
4500.0,12.5,15.526367409220908,15.081936666666698,16.377666666666666,15.66199024751809,0.5376022221716334,16.199592469689723,False,False
4500.0,13.0,15.52636842105263,15.081936666666698,16.377666666666666,15.661990584795333,0.5376021370857007,16.199592721881032,False,False
4500.0,13.5,15.52636842105263,15.081936666666698,15.295,15.301101695906445,0.18148979603335025,15.482591491939795,False,False
4500.0,14.0,15.52636842105263,15.081936666666698,15.295,15.301101695906445,0.18148979603335025,15.482591491939795,False,False
4500.0,14.5,15.52636842105263,15.081936666666698,15.295,15.301101695906445,0.18148979603335025,15.482591491939795,False,False
4500.0,15.0,15.52636842105263,15.081936666666698,15.741666666666667,15.449990584795332,0.2746951020416394,15.72468568683697,False,False
4500.0,15.5,15.52636842105263,15.930586666666686,15.741666666666667,15.73287391812866,0.16513849105516595,15.898012409183826,False,False
4500.0,16.0,15.52636842105263,15.930586666666686,15.741666666666667,15.73287391812866,0.16513849105516595,15.898012409183826,False,False
4500.0,16.5,15.52636842105263,15.930586666666686,15.741666666666667,15.73287391812866,0.16513849105516595,15.898012409183826,False,False
4500.0,17.0,15.52636842105263,15.930586666666686,15.75,15.735651695906439,0.1653330031473797,15.900984699053819,False,False
4500.0,17.5,15.526368519242531,15.930586666666686,15.75,15.735651728636405,0.1653329617168467,15.900984690353251,False,False
4500.0,18.0,15.608906327177001,15.930586666666686,15.75,15.76316433128123,0.13165494019623472,15.894819271477465,False,False
4500.0,18.5,15.526368519242531,15.94598666666668,15.75,15.740785061969737,0.17143226791572802,15.912217329885465,False,False
4500.0,19.0,15.52636842105263,15.94598666666668,15.75,15.740785029239769,0.1714323088522837,15.912217338092052,False,False
4500.0,19.5,15.52636842105263,15.94598666666668,15.69,15.72078502923977,0.17268595104412984,15.893470980283901,False,False
4500.0,20.0,15.52636842105263,15.94598666666668,15.69,15.72078502923977,0.17268595104412984,15.893470980283901,False,False
4500.0,20.5,15.52636842105263,15.94598666666668,15.69,15.72078502923977,0.17268595104412984,15.893470980283901,False,False
4500.0,21.0,15.52636842105263,15.94598666666668,15.725999999999999,15.73278502923977,0.17137560207410246,15.904160631313871,False,False
4500.0,21.5,15.52636842105263,15.479289999999983,15.725999999999999,15.577219473684204,0.10694493346361729,15.684164407147822,False,False
4500.0,22.0,15.52636842105263,15.479289999999983,15.725999999999999,15.577219473684204,0.10694493346361729,15.684164407147822,False,False
4500.0,22.5,15.52636842105263,15.479289999999983,15.725999999999999,15.577219473684204,0.10694493346361729,15.684164407147822,False,False
4500.0,23.0,15.52636842105263,15.479289999999983,15.725999999999999,15.577219473684204,0.10694493346361729,15.684164407147822,False,False
4500.0,23.5,15.526368132262773,15.479289999999983,15.725999999999999,15.577219377420917,0.10694497923574954,15.684164356656666,False,False
4500.0,24.0,15.283613210439636,15.479289999999983,15.725999999999999,15.496301070146538,0.18100377578940074,15.67730484593594,False,False
4550.0,3.0,15.864737394750179,16.102756666666675,16.499666666666666,16.155720242694507,0.26190029957134714,16.417620542265855,False,False
4550.0,3.5,15.526368823587875,16.102756666666675,16.499666666666666,16.04293071897374,0.39959273504279774,16.442523454016538,False,False
4550.0,4.0,15.52636842105263,16.102756666666675,16.499666666666666,16.042930584795325,0.39959290849805135,16.442523493293375,False,False
4550.0,4.5,15.52636842105263,16.102756666666675,16.499666666666666,16.042930584795325,0.39959290849805135,16.442523493293375,False,False
4550.0,5.0,15.52636842105263,16.895793333333366,16.499666666666666,16.30727614035089,0.5753791408314008,16.88265528118229,False,False
4550.0,5.5,15.52636929585852,16.895793333333366,16.499666666666666,16.307276431952854,0.5753787450676318,16.882655177020485,False,False
4550.0,6.0,16.26172557537334,16.895793333333366,16.499666666666666,16.552395191791124,0.26152846045566275,16.813923652246785,False,False
4550.0,6.5,15.52636929585852,16.895793333333366,16.499666666666666,16.307276431952854,0.5753787450676318,16.882655177020485,False,False
4550.0,7.0,15.52636842105263,16.895793333333366,16.499666666666666,16.30727614035089,0.5753791408314008,16.88265528118229,False,False
4550.0,7.5,15.52636842105263,16.895793333333366,16.29,16.237387251462,0.5603018374503257,16.797689088912325,False,False
4550.0,8.0,15.52636842105263,16.881366666666697,16.29,16.23257836257311,0.5546638590100543,16.787242221583167,False,False
4550.0,8.5,15.52636842105263,16.881366666666697,16.29,16.23257836257311,0.5546638590100543,16.787242221583167,False,False
4550.0,9.0,15.52636842105263,16.881366666666697,16.29,16.23257836257311,0.5546638590100543,16.787242221583167,False,False
4550.0,9.5,15.52636842105263,15.23500000000003,16.29,15.68378947368422,0.44485375189209625,16.128643225576315,False,False
4550.0,10.0,15.52636842105263,15.23500000000003,15.663333333333332,15.47490058479533,0.17861329688811095,15.653513881683441,False,False
4550.0,10.5,15.52636842105263,15.23500000000003,15.663333333333332,15.47490058479533,0.17861329688811095,15.653513881683441,False,False
4550.0,11.0,15.52636842105263,15.23500000000003,15.663333333333332,15.47490058479533,0.17861329688811095,15.653513881683441,False,False
4550.0,11.5,15.52636740922097,15.23500000000003,15.663333333333332,15.474900247518113,0.17861319970150724,15.65351344721962,False,False
4550.0,12.0,14.675828136967565,15.23500000000003,16.377666666666666,15.429498267878088,0.7082540869150341,16.137752354793122,False,False
4550.0,12.5,15.52636740922097,15.209216666666698,15.295,15.343528025295889,0.13394619642483427,15.477474221720723,False,False
4550.0,13.0,15.52636842105263,15.209216666666698,15.295,15.34352836257311,0.13394665681541312,15.477475019388523,False,False
4550.0,13.5,15.52636842105263,15.209216666666698,15.295,15.34352836257311,0.13394665681541312,15.477475019388523,False,False
4550.0,14.0,15.52636842105263,15.209216666666698,15.295,15.34352836257311,0.13394665681541312,15.477475019388523,False,False
4550.0,14.5,15.52636842105263,15.209216666666698,15.295,15.34352836257311,0.13394665681541312,15.477475019388523,False,False
4550.0,15.0,15.52636842105263,15.209216666666698,15.713666666666667,15.483083918128665,0.20820280460810814,15.691286722736773,False,False
4550.0,15.5,15.52636842105263,15.930873333333338,15.713666666666667,15.723636140350878,0.16528883571687633,15.888924976067754,False,False
4550.0,16.0,15.52636842105263,15.930873333333338,15.713666666666667,15.723636140350878,0.16528883571687633,15.888924976067754,False,False
4550.0,16.5,15.52636842105263,15.930873333333338,15.713666666666667,15.723636140350878,0.16528883571687633,15.888924976067754,False,False
4550.0,17.0,15.52636842105263,15.930873333333338,15.713666666666667,15.723636140350878,0.16528883571687633,15.888924976067754,False,False
4550.0,17.5,15.526368519242528,15.930873333333338,15.713666666666667,15.723636173080843,0.1652887966545564,15.888924969735399,False,False
4550.0,18.0,15.608906324044462,15.930873333333338,15.75,15.7632598857926,0.13177647032261466,15.895036356115215,False,False
4550.0,18.5,15.526368519242528,15.942833333333335,15.661999999999999,15.710400617525288,0.17343144693037355,15.883832064455662,False,False
4550.0,19.0,15.52636842105263,15.942833333333335,15.661999999999999,15.710400584795321,0.17343148166089584,15.883832066456216,False,False
4550.0,19.5,15.52636842105263,15.942833333333335,15.661999999999999,15.710400584795321,0.17343148166089584,15.883832066456216,False,False
4550.0,20.0,15.52636842105263,15.942833333333335,15.661999999999999,15.710400584795321,0.17343148166089584,15.883832066456216,False,False
4550.0,20.5,15.52636842105263,15.942833333333335,15.661999999999999,15.710400584795321,0.17343148166089584,15.883832066456216,False,False
4550.0,21.0,15.52636842105263,15.942833333333335,15.725999999999999,15.731733918128654,0.1700694253397186,15.901803343468373,False,False
4550.0,21.5,15.52636842105263,15.531456666666648,15.725999999999999,15.594608362573092,0.09293113705014737,15.68753949962324,False,False
4550.0,22.0,15.52636842105263,15.531456666666648,15.725999999999999,15.594608362573092,0.09293113705014737,15.68753949962324,False,False
4550.0,22.5,15.52636842105263,15.531456666666648,15.725999999999999,15.594608362573092,0.09293113705014737,15.68753949962324,False,False
4550.0,23.0,15.52636842105263,15.531456666666648,15.725999999999999,15.594608362573092,0.09293113705014737,15.68753949962324,False,False
4550.0,23.5,15.526368132262862,15.531456666666648,15.725999999999999,15.594608266309836,0.09293120773695869,15.687539474046794,False,False
4550.0,24.0,15.283613284399364,15.531456666666648,15.725999999999999,15.51368998368867,0.18104003756629708,15.694730021254967,False,False
4600.0,3.0,15.86473740134707,16.102756666666675,16.499666666666666,16.15572024489347,0.2619002971282013,16.41762054202167,False,False
4600.0,3.5,15.526368823587882,16.102756666666675,16.499666666666666,16.04293071897374,0.3995927350427947,16.442523454016534,False,False
4600.0,4.0,15.52636842105263,16.102756666666675,16.499666666666666,16.042930584795325,0.39959290849805135,16.442523493293375,False,False
4600.0,4.5,15.52636842105263,16.102756666666675,16.499666666666666,16.042930584795325,0.39959290849805135,16.442523493293375,False,False
4600.0,5.0,15.52636842105263,16.895793333333366,16.499666666666666,16.30727614035089,0.5753791408314008,16.88265528118229,False,False
4600.0,5.5,15.526369295858334,16.895793333333366,16.499666666666666,16.30727643195279,0.5753787450677161,16.882655177020506,False,False
4600.0,6.0,16.261725418599728,16.895793333333366,16.499666666666666,16.552395139533257,0.2615285185364403,16.813923658069697,False,False
4600.0,6.5,15.526369295858334,16.895793333333366,16.499666666666666,16.30727643195279,0.5753787450677161,16.882655177020506,False,False
4600.0,7.0,15.52636842105263,16.895793333333366,16.499666666666666,16.30727614035089,0.5753791408314008,16.88265528118229,False,False
4600.0,7.5,15.52636842105263,16.895793333333366,16.29,16.237387251462,0.5603018374503257,16.797689088912325,False,False
4600.0,8.0,15.52636842105263,16.881366666666697,16.29,16.23257836257311,0.5546638590100543,16.787242221583167,False,False
4600.0,8.5,15.52636842105263,16.881366666666697,16.29,16.23257836257311,0.5546638590100543,16.787242221583167,False,False
4600.0,9.0,15.52636842105263,16.881366666666697,16.29,16.23257836257311,0.5546638590100543,16.787242221583167,False,False
4600.0,9.5,15.52636842105263,15.23500000000003,15.663333333333332,15.47490058479533,0.17861329688811095,15.653513881683441,False,False
4600.0,10.0,15.52636842105263,15.23500000000003,15.663333333333332,15.47490058479533,0.17861329688811095,15.653513881683441,False,False
4600.0,10.5,15.52636842105263,15.23500000000003,15.663333333333332,15.47490058479533,0.17861329688811095,15.653513881683441,False,False
4600.0,11.0,15.52636842105263,15.23500000000003,15.663333333333332,15.47490058479533,0.17861329688811095,15.653513881683441,False,False
4600.0,11.5,15.526367409221042,15.23500000000003,15.663333333333332,15.474900247518136,0.17861319970151407,15.65351344721965,False,False
4600.0,12.0,14.675828196461813,15.23500000000003,15.295,15.068609398820614,0.2788163131224788,15.347425711943092,False,False
4600.0,12.5,15.526367409221042,15.209216666666698,15.295,15.343528025295912,0.1339461964248666,15.47747422172078,False,False
4600.0,13.0,15.52636842105263,15.209216666666698,15.295,15.34352836257311,0.13394665681541312,15.477475019388523,False,False
4600.0,13.5,15.52636842105263,15.209216666666698,15.295,15.34352836257311,0.13394665681541312,15.477475019388523,False,False
4600.0,14.0,15.52636842105263,15.209216666666698,15.295,15.34352836257311,0.13394665681541312,15.477475019388523,False,False
4600.0,14.5,15.52636842105263,15.209216666666698,15.295,15.34352836257311,0.13394665681541312,15.477475019388523,False,False
4600.0,15.0,15.52636842105263,15.209216666666698,15.713666666666667,15.483083918128665,0.20820280460810814,15.691286722736773,False,False
4600.0,15.5,15.52636842105263,15.930873333333338,15.713666666666667,15.723636140350878,0.16528883571687633,15.888924976067754,False,False
4600.0,16.0,15.52636842105263,15.930873333333338,15.713666666666667,15.723636140350878,0.16528883571687633,15.888924976067754,False,False
4600.0,16.5,15.52636842105263,15.930873333333338,15.713666666666667,15.723636140350878,0.16528883571687633,15.888924976067754,False,False
4600.0,17.0,15.52636842105263,15.930873333333338,15.713666666666667,15.723636140350878,0.16528883571687633,15.888924976067754,False,False
4600.0,17.5,15.526368519242524,15.930873333333338,15.713666666666667,15.723636173080843,0.16528879665455784,15.8889249697354,False,False
4600.0,18.0,15.6089063201698,15.930873333333338,15.713666666666667,15.751148773389936,0.13408795778561025,15.885236731175546,False,False
4600.0,18.5,15.526368519242524,15.942833333333335,15.661999999999999,15.710400617525286,0.1734314469303748,15.88383206445566,False,False
4600.0,19.0,15.52636842105263,15.942833333333335,15.661999999999999,15.710400584795321,0.17343148166089584,15.883832066456216,False,False
4600.0,19.5,15.52636842105263,15.942833333333335,15.661999999999999,15.710400584795321,0.17343148166089584,15.883832066456216,False,False
4600.0,20.0,15.52636842105263,15.942833333333335,15.661999999999999,15.710400584795321,0.17343148166089584,15.883832066456216,False,False
4600.0,20.5,15.52636842105263,15.942833333333335,15.661999999999999,15.710400584795321,0.17343148166089584,15.883832066456216,False,False
4600.0,21.0,15.52636842105263,15.942833333333335,15.725999999999999,15.731733918128654,0.1700694253397186,15.901803343468373,False,False
4600.0,21.5,15.52636842105263,15.531456666666648,15.725999999999999,15.594608362573092,0.09293113705014737,15.68753949962324,False,False
4600.0,22.0,15.52636842105263,15.531456666666648,15.725999999999999,15.594608362573092,0.09293113705014737,15.68753949962324,False,False
4600.0,22.5,15.52636842105263,15.531456666666648,15.725999999999999,15.594608362573092,0.09293113705014737,15.68753949962324,False,False
4600.0,23.0,15.52636842105263,15.531456666666648,15.725999999999999,15.594608362573092,0.09293113705014737,15.68753949962324,False,False
4600.0,23.5,15.526368132262952,15.531456666666648,15.725999999999999,15.594608266309868,0.09293120773693651,15.687539474046805,False,False
4600.0,24.0,15.283613360541763,15.531456666666648,15.725999999999999,15.51369000906947,0.1810400053108326,15.694730014380301,False,False
4650.0,3.0,15.86473740490159,16.16711333333332,16.499666666666666,16.177172468300526,0.25930635871956903,16.436478827020096,False,False
4650.0,3.5,15.526368823587886,16.16711333333332,16.499666666666666,16.06438294119596,0.40393260406242176,16.46831554525838,False,False
4650.0,4.0,15.52636842105263,16.16711333333332,16.499666666666666,16.064382807017537,0.4039327827800708,16.46831558979761,False,False
4650.0,4.5,15.52636842105263,16.16711333333332,16.499666666666666,16.064382807017537,0.4039327827800708,16.46831558979761,False,False
4650.0,5.0,15.52636842105263,16.867496666666696,16.499666666666666,16.297843918128663,0.5658065388844143,16.863650457013076,False,False
4650.0,5.5,15.52636929585814,16.867496666666696,16.499666666666666,16.2978442097305,0.5658061412862064,16.863650351016705,False,False
4650.0,6.0,16.26172525521432,16.867496666666696,16.499666666666666,16.542962862849226,0.24919292550974811,16.792155788358976,False,False
4650.0,6.5,15.52636929585814,16.867496666666696,16.499666666666666,16.2978442097305,0.5658061412862064,16.863650351016705,False,False
4650.0,7.0,15.52636842105263,16.867496666666696,16.499666666666666,16.297843918128663,0.5658065388844143,16.863650457013076,False,False
4650.0,7.5,15.52636842105263,16.867496666666696,16.499666666666666,16.297843918128663,0.5658065388844143,16.863650457013076,False,False
4650.0,8.0,15.52636842105263,16.855533333333362,16.379666666666665,16.253856140350887,0.5498733535451299,16.803729493896018,False,False
4650.0,8.5,15.52636842105263,16.855533333333362,16.022,16.134633918128664,0.5484430329847834,16.683076951113446,False,False
4650.0,9.0,15.52636842105263,16.855533333333362,15.663333333333332,16.01507836257311,0.5969161109155006,16.61199447348861,False,False
4650.0,9.5,15.52636842105263,15.237626666666696,15.663333333333332,15.475776140350886,0.17743773679999747,15.653213877150884,False,False
4650.0,10.0,15.52636842105263,15.237626666666696,15.663333333333332,15.475776140350886,0.17743773679999747,15.653213877150884,False,False
4650.0,10.5,15.52636842105263,15.237626666666696,15.663333333333332,15.475776140350886,0.17743773679999747,15.653213877150884,False,False
4650.0,11.0,15.52636842105263,15.237626666666696,15.663333333333332,15.475776140350886,0.17743773679999747,15.653213877150884,False,False
4650.0,11.5,15.526367409221121,15.237626666666696,15.663333333333332,15.475775803073716,0.17743764063380182,15.653213443707518,False,False
4650.0,12.0,14.675828263603496,15.237626666666696,15.295,15.069484976756732,0.27934104687329164,15.348826023630023,False,False
4650.0,12.5,15.526367409221121,15.215506666666696,15.295,15.345624691962605,0.13186039307440195,15.477485085037006,False,False
4650.0,13.0,15.52636842105263,15.215506666666696,15.295,15.345625029239777,0.1318608553845589,15.477485884624336,False,False
4650.0,13.5,15.52636842105263,15.215506666666696,15.295,15.345625029239777,0.1318608553845589,15.477485884624336,False,False
4650.0,14.0,15.52636842105263,15.215506666666696,15.295,15.345625029239777,0.1318608553845589,15.477485884624336,False,False
4650.0,14.5,15.52636842105263,15.215506666666696,15.295,15.345625029239777,0.1318608553845589,15.477485884624336,False,False
4650.0,15.0,15.52636842105263,15.215506666666696,15.295,15.345625029239777,0.1318608553845589,15.477485884624336,False,False
4650.0,15.5,15.52636842105263,15.930913333333338,15.713666666666667,15.723649473684212,0.16530555312312506,15.888955026807336,False,False
4650.0,16.0,15.52636842105263,15.930913333333338,15.713666666666667,15.723649473684212,0.16530555312312506,15.888955026807336,False,False
4650.0,16.5,15.52636842105263,15.930913333333338,15.713666666666667,15.723649473684212,0.16530555312312506,15.888955026807336,False,False
4650.0,17.0,15.52636842105263,15.930913333333338,15.713666666666667,15.723649473684212,0.16530555312312506,15.888955026807336,False,False
4650.0,17.5,15.526368519242519,15.930913333333338,15.713666666666667,15.723649506414175,0.16530551406211913,15.888955020476294,False,False
4650.0,18.0,15.60890631555301,15.930913333333338,15.661999999999999,15.733939882962117,0.140957771325073,15.87489765428719,False,False
4650.0,18.5,15.526368519242519,15.942873333333333,15.661999999999999,15.710413950858618,0.17344931635977776,15.883863267218395,False,False
4650.0,19.0,15.52636842105263,15.942873333333333,15.661999999999999,15.710413918128653,0.17344935108923484,15.883863269217889,False,False
4650.0,19.5,15.52636842105263,15.942873333333333,15.661999999999999,15.710413918128653,0.17344935108923484,15.883863269217889,False,False
4650.0,20.0,15.52636842105263,15.942873333333333,15.661999999999999,15.710413918128653,0.17344935108923484,15.883863269217889,False,False
4650.0,20.5,15.52636842105263,15.942873333333333,15.661999999999999,15.710413918128653,0.17344935108923484,15.883863269217889,False,False
4650.0,21.0,15.52636842105263,15.942873333333333,15.725999999999999,15.731747251461988,0.17008597563784103,15.901833227099829,False,False
4650.0,21.5,15.52636842105263,15.531456666666648,15.725999999999999,15.594608362573092,0.09293113705014737,15.68753949962324,False,False
4650.0,22.0,15.52636842105263,15.531456666666648,15.725999999999999,15.594608362573092,0.09293113705014737,15.68753949962324,False,False
4650.0,22.5,15.52636842105263,15.531456666666648,15.725999999999999,15.594608362573092,0.09293113705014737,15.68753949962324,False,False
4650.0,23.0,15.52636842105263,15.531456666666648,15.725999999999999,15.594608362573092,0.09293113705014737,15.68753949962324,False,False
4650.0,23.5,15.526368132263045,15.531456666666648,15.725999999999999,15.594608266309898,0.0929312077369139,15.687539474046812,False,False
4650.0,24.0,15.283613438866835,15.531456666666648,15.725999999999999,15.513690035177826,0.18103997213074483,15.69473000730857,False,False
4700.0,3.0,15.864737405413738,16.16711333333332,16.499666666666666,16.17717246847124,0.2593063585138752,16.436478826985116,False,False
4700.0,3.5,15.526368823587887,16.16711333333332,16.499666666666666,16.06438294119596,0.403932604062421,16.46831554525838,False,False
4700.0,4.0,15.52636842105263,16.16711333333332,16.499666666666666,16.064382807017537,0.4039327827800708,16.46831558979761,False,False
4700.0,4.5,15.52636842105263,16.16711333333332,16.499666666666666,16.064382807017537,0.4039327827800708,16.46831558979761,False,False
4700.0,5.0,15.52636842105263,16.867496666666696,16.499666666666666,16.297843918128663,0.5658065388844143,16.863650457013076,False,False
4700.0,5.5,15.526369295857938,16.867496666666696,16.499666666666666,16.29784420973043,0.5658061412862985,16.86365035101673,False,False
4700.0,6.0,16.261725085217122,16.867496666666696,16.499666666666666,16.542962806183496,0.24919298946235077,16.792155795645847,False,False
4700.0,6.5,15.526369295857938,16.867496666666696,16.231666666666666,16.2085108763971,0.547757731818462,16.75626860821556,False,False
4700.0,7.0,15.52636842105263,16.867496666666696,16.231666666666666,16.20851058479533,0.5477580949602292,16.75626867975556,False,False
4700.0,7.5,15.52636842105263,16.867496666666696,16.231666666666666,16.20851058479533,0.5477580949602292,16.75626867975556,False,False
4700.0,8.0,15.52636842105263,16.855533333333362,16.022000000000002,16.134633918128667,0.5484430329847831,16.68307695111345,False,False
4700.0,8.5,15.52636842105263,16.855533333333362,16.022,16.134633918128664,0.5484430329847834,16.683076951113446,False,False
4700.0,9.0,15.52636842105263,16.855533333333362,16.022,16.134633918128664,0.5484430329847834,16.683076951113446,False,False
4700.0,9.5,15.52636842105263,15.237626666666696,15.663333333333332,15.475776140350886,0.17743773679999747,15.653213877150884,False,False
4700.0,10.0,15.52636842105263,15.237626666666696,15.663333333333332,15.475776140350886,0.17743773679999747,15.653213877150884,False,False
4700.0,10.5,15.52636842105263,15.237626666666696,15.663333333333332,15.475776140350886,0.17743773679999747,15.653213877150884,False,False
4700.0,11.0,15.52636842105263,15.237626666666696,15.663333333333332,15.475776140350886,0.17743773679999747,15.653213877150884,False,False
4700.0,11.5,15.52636740922121,15.237626666666696,15.663333333333332,15.475775803073747,0.17743764063381023,15.653213443707557,False,False
4700.0,12.0,14.675828338392613,15.237626666666696,15.295,15.069485001686436,0.2793410117415195,15.348826013427956,False,False
4700.0,12.5,15.52636740922121,15.215506666666696,15.295,15.345624691962636,0.13186039307444253,15.477485085037078,False,False
4700.0,13.0,15.52636842105263,15.215506666666696,15.295,15.345625029239777,0.1318608553845589,15.477485884624336,False,False
4700.0,13.5,15.52636842105263,15.215506666666696,15.295,15.345625029239777,0.1318608553845589,15.477485884624336,False,False
4700.0,14.0,15.52636842105263,15.215506666666696,15.295,15.345625029239777,0.1318608553845589,15.477485884624336,False,False
4700.0,14.5,15.52636842105263,15.215506666666696,15.295,15.345625029239777,0.1318608553845589,15.477485884624336,False,False
4700.0,15.0,15.52636842105263,15.215506666666696,15.713666666666667,15.485180584795332,0.20544776269027795,15.69062834748561,False,False
4700.0,15.5,15.52636842105263,15.930913333333338,15.713666666666667,15.723649473684212,0.16530555312312506,15.888955026807336,False,False
4700.0,16.0,15.52636842105263,15.930913333333338,15.713666666666667,15.723649473684212,0.16530555312312506,15.888955026807336,False,False
4700.0,16.5,15.52636842105263,15.930913333333338,15.713666666666667,15.723649473684212,0.16530555312312506,15.888955026807336,False,False
4700.0,17.0,15.52636842105263,15.930913333333338,15.713666666666667,15.723649473684212,0.16530555312312506,15.888955026807336,False,False
4700.0,17.5,15.526368519242512,15.930913333333338,15.713666666666667,15.723649506414171,0.16530551406212193,15.888955020476294,False,False
4700.0,18.0,15.608906310194097,15.930913333333338,15.661999999999999,15.733939881175813,0.14095777290957603,15.87489765408539,False,False
4700.0,18.5,15.526368519242512,15.942873333333333,15.661999999999999,15.710413950858614,0.17344931635978028,15.883863267218395,False,False
4700.0,19.0,15.52636842105263,15.942873333333333,15.661999999999999,15.710413918128653,0.17344935108923484,15.883863269217889,False,False
4700.0,19.5,15.52636842105263,15.942873333333333,15.661999999999999,15.710413918128653,0.17344935108923484,15.883863269217889,False,False
4700.0,20.0,15.52636842105263,15.942873333333333,15.661999999999999,15.710413918128653,0.17344935108923484,15.883863269217889,False,False
4700.0,20.5,15.52636842105263,15.942873333333333,15.661999999999999,15.710413918128653,0.17344935108923484,15.883863269217889,False,False
4700.0,21.0,15.52636842105263,15.942873333333333,15.725999999999999,15.731747251461988,0.17008597563784103,15.901833227099829,False,False
4700.0,21.5,15.52636842105263,15.531456666666648,15.725999999999999,15.594608362573092,0.09293113705014737,15.68753949962324,False,False
4700.0,22.0,15.52636842105263,15.531456666666648,15.725999999999999,15.594608362573092,0.09293113705014737,15.68753949962324,False,False
4700.0,22.5,15.52636842105263,15.531456666666648,15.725999999999999,15.594608362573092,0.09293113705014737,15.68753949962324,False,False
4700.0,23.0,15.52636842105263,15.531456666666648,15.725999999999999,15.594608362573092,0.09293113705014737,15.68753949962324,False,False
4700.0,23.5,15.52636813226314,15.531456666666648,15.725999999999999,15.594608266309928,0.09293120773689043,15.687539474046819,False,False
4700.0,24.0,15.283613519374574,15.531456666666648,15.725999999999999,15.513690062013742,0.18103993802603677,15.69473000003978,False,False
4750.0,3.0,15.864737402883517,16.16711333333332,15.775666666666666,15.935839134294502,0.1675295304681897,16.10336866476269,False,False
4750.0,3.5,15.526368823587884,16.16711333333332,15.775666666666666,15.823049607862623,0.2637198501307958,16.08676945799342,False,False
4750.0,4.0,15.52636842105263,16.16711333333332,15.775666666666666,15.823049473684206,0.2637200010794816,16.08676947476369,False,False
4750.0,4.5,15.52636842105263,16.16711333333332,16.231666666666666,15.975049473684203,0.31835807769872876,16.29340755138293,False,False
4750.0,5.0,15.52636842105263,16.867496666666696,16.231666666666666,16.20851058479533,0.5477580949602292,16.75626867975556,False,False
4750.0,5.5,15.526369295857727,16.867496666666696,16.231666666666666,16.20851087639703,0.5477577318185497,16.756268608215578,False,False
4750.0,6.0,16.261724908608134,16.867496666666696,16.231666666666666,16.453629413980497,0.29290550422922945,16.746534918209726,False,False
4750.0,6.5,15.526369295857727,16.867496666666696,16.231666666666666,16.20851087639703,0.5477577318185497,16.756268608215578,False,False
4750.0,7.0,15.52636842105263,16.867496666666696,16.231666666666666,16.20851058479533,0.5477580949602292,16.75626867975556,False,False
4750.0,7.5,15.52636842105263,16.867496666666696,16.231666666666666,16.20851058479533,0.5477580949602292,16.75626867975556,False,False
4750.0,8.0,15.52636842105263,16.855533333333362,16.231666666666666,16.204522807017554,0.5429686503209611,16.747491457338516,False,False
4750.0,8.5,15.52636842105263,16.855533333333362,15.515333333333333,15.965745029239775,0.6291914721113913,16.594936501351167,False,False
4750.0,9.0,15.52636842105263,16.855533333333362,14.939333333333332,15.773745029239775,0.8016033930852425,16.575348422325018,False,False
4750.0,9.5,15.52636842105263,15.237626666666696,14.939333333333332,15.234442807017553,0.23966664525975834,15.474109452277311,False,False
4750.0,10.0,15.52636842105263,15.237626666666696,14.939333333333332,15.234442807017553,0.23966664525975834,15.474109452277311,False,False
4750.0,10.5,15.52636842105263,15.237626666666696,14.939333333333332,15.234442807017553,0.23966664525975834,15.474109452277311,False,False
4750.0,11.0,15.52636842105263,15.237626666666696,14.939333333333332,15.234442807017553,0.23966664525975834,15.474109452277311,False,False
4750.0,11.5,15.526367409221308,15.237626666666696,14.939333333333332,15.234442469740445,0.239666234439983,15.474108704180429,False,False
4750.0,12.0,14.675828420829163,15.237626666666696,14.999333333333333,14.97092947360973,0.23023090104202035,15.20116037465175,False,False
4750.0,12.5,15.526367409221308,15.215506666666696,14.999333333333333,15.247069136407113,0.21631515805857443,15.463384294465687,False,False
4750.0,13.0,15.52636842105263,15.215506666666696,14.999333333333333,15.24706947368422,0.21631559353860916,15.463385067222829,False,False
4750.0,13.5,15.52636842105263,15.215506666666696,14.999333333333333,15.24706947368422,0.21631559353860916,15.463385067222829,False,False
4750.0,14.0,15.52636842105263,15.215506666666696,14.999333333333333,15.24706947368422,0.21631559353860916,15.463385067222829,False,False
4750.0,14.5,15.52636842105263,15.215506666666696,14.999333333333333,15.24706947368422,0.21631559353860916,15.463385067222829,False,False
4750.0,15.0,15.52636842105263,15.215506666666696,15.206999999999999,15.316291695906443,0.14858726657098412,15.464878962477428,False,False
4750.0,15.5,15.52636842105263,15.930913333333338,15.206999999999999,15.554760584795323,0.2962175042835252,15.850978089078849,False,False
4750.0,16.0,15.52636842105263,15.930913333333338,15.206999999999999,15.554760584795323,0.2962175042835252,15.850978089078849,False,False
4750.0,16.5,15.52636842105263,15.930913333333338,15.206999999999999,15.554760584795323,0.2962175042835252,15.850978089078849,False,False
4750.0,17.0,15.52636842105263,15.930913333333338,15.206999999999999,15.554760584795323,0.2962175042835252,15.850978089078849,False,False
4750.0,17.5,15.526368519242505,15.930913333333338,15.206999999999999,15.55476061752528,0.2962175011463937,15.850978118671675,False,False
4750.0,18.0,15.608906304093061,15.930913333333338,15.689666666666666,15.743162101364355,0.13679291616687908,15.879955017531234,False,False
4750.0,18.5,15.526368519242505,15.942873333333333,15.689666666666666,15.719636173080834,0.17135283973182455,15.890989012812659,False,False
4750.0,19.0,15.52636842105263,15.942873333333333,15.689666666666666,15.719636140350877,0.17135287664771456,15.890989016998592,False,False
4750.0,19.5,15.52636842105263,15.942873333333333,15.689666666666666,15.719636140350877,0.17135287664771456,15.890989016998592,False,False
4750.0,20.0,15.52636842105263,15.942873333333333,15.689666666666666,15.719636140350877,0.17135287664771456,15.890989016998592,False,False
4750.0,20.5,15.52636842105263,15.942873333333333,15.689666666666666,15.719636140350877,0.17135287664771456,15.890989016998592,False,False
4750.0,21.0,15.52636842105263,15.942873333333333,15.430333333333332,15.633191695906431,0.22246006673538568,15.855651762641816,False,False
4750.0,21.5,15.52636842105263,15.531456666666648,15.430333333333332,15.496052807017536,0.046517089883567335,15.542569896901103,False,False
4750.0,22.0,15.52636842105263,15.531456666666648,15.430333333333332,15.496052807017536,0.046517089883567335,15.542569896901103,False,False
4750.0,22.5,15.52636842105263,15.531456666666648,15.430333333333332,15.496052807017536,0.046517089883567335,15.542569896901103,False,False
4750.0,23.0,15.52636842105263,15.531456666666648,15.430333333333332,15.496052807017536,0.046517089883567335,15.542569896901103,False,False
4750.0,23.5,15.526368132263238,15.531456666666648,15.430333333333332,15.496052710754405,0.04651702714815917,15.542569737902564,False,False
4750.0,24.0,15.283613602064982,15.531456666666648,15.430333333333332,15.415134534021654,0.10175067171989209,15.516885205741545,False,False
4800.0,3.0,15.864737397310924,15.956019999999981,15.775666666666666,15.865474687992524,0.07363078572296299,15.939105473715488,False,False
4800.0,3.5,15.526368823587877,15.956019999999981,15.775666666666666,15.752685163418173,0.176155509832925,15.928840673251099,False,False
4800.0,4.0,15.52636842105263,15.956019999999981,15.775666666666666,15.752685029239759,0.17615568221907982,15.928840711458838,False,False
4800.0,4.5,15.52636842105263,15.956019999999981,16.231666666666666,15.904685029239758,0.2902158544184811,16.19490088365824,False,False
4800.0,5.0,15.52636842105263,16.47331333333336,16.231666666666666,16.077116140350885,0.40173836063782636,16.47885450098871,False,False
4800.0,5.5,15.52636929585751,16.47331333333336,16.231666666666666,16.07711643195251,0.4017379608778301,16.478854392830343,False,False
4800.0,6.0,16.261724725387367,16.47331333333336,16.231666666666666,16.322234908462462,0.10753104844529697,16.429765956907758,False,False
4800.0,6.5,15.52636929585751,16.47331333333336,16.231666666666666,16.07711643195251,0.4017379608778301,16.478854392830343,False,False
4800.0,7.0,15.52636842105263,16.47331333333336,16.231666666666666,16.077116140350885,0.40173836063782636,16.47885450098871,False,False
4800.0,7.5,15.52636842105263,16.47331333333336,16.231666666666666,16.077116140350885,0.40173836063782636,16.47885450098871,False,False
4800.0,8.0,15.52636842105263,16.466150000000024,15.515333333333333,15.835950584795329,0.44564105173221913,16.281591636527548,False,False
4800.0,8.5,15.52636842105263,16.466150000000024,15.515333333333333,15.835950584795329,0.44564105173221913,16.281591636527548,False,False
4800.0,9.0,15.52636842105263,16.466150000000024,14.939333333333332,15.643950584795329,0.6288409747705737,16.272791559565903,False,False
4800.0,9.5,15.52636842105263,14.532933333333347,14.939333333333332,14.99954502923977,0.4077968486235129,15.407341877863281,False,False
4800.0,10.0,15.52636842105263,14.532933333333347,14.939333333333332,14.99954502923977,0.4077968486235129,15.407341877863281,False,False
4800.0,10.5,15.52636842105263,14.532933333333347,14.939333333333332,14.99954502923977,0.4077968486235129,15.407341877863281,False,False
4800.0,11.0,15.52636842105263,14.532933333333347,14.939333333333332,14.99954502923977,0.4077968486235129,15.407341877863281,False,False
4800.0,11.5,15.526367409221416,14.532933333333347,14.939333333333332,14.999544691962697,0.4077964129030493,15.407341104865747,False,False
4800.0,12.0,14.675828510913142,14.532933333333347,14.999333333333333,14.73603172585994,0.1951077656364033,14.931139491496342,False,False
4800.0,12.5,15.526367409221416,14.520750000000007,14.999333333333333,15.015483580851585,0.41070039063650815,15.426183971488094,False,False
4800.0,13.0,15.52636842105263,14.520750000000007,14.999333333333333,15.015483918128657,0.41070081018669896,15.426184728315356,False,False
4800.0,13.5,15.52636842105263,14.520750000000007,14.999333333333333,15.015483918128657,0.41070081018669896,15.426184728315356,False,False
4800.0,14.0,15.52636842105263,14.520750000000007,14.999333333333333,15.015483918128657,0.41070081018669896,15.426184728315356,False,False
4800.0,14.5,15.52636842105263,14.520750000000007,14.999333333333333,15.015483918128657,0.41070081018669896,15.426184728315356,False,False
4800.0,15.0,15.52636842105263,14.520750000000007,14.999333333333333,15.015483918128657,0.41070081018669896,15.426184728315356,False,False
4800.0,15.5,15.52636842105263,15.479653333333305,15.206999999999999,15.404340584795312,0.14083809773559858,15.54517868253091,False,False
4800.0,16.0,15.52636842105263,15.479653333333305,15.206999999999999,15.404340584795312,0.14083809773559858,15.54517868253091,False,False
4800.0,16.5,15.52636842105263,15.479653333333305,15.206999999999999,15.404340584795312,0.14083809773559858,15.54517868253091,False,False
4800.0,17.0,15.52636842105263,15.479653333333305,15.206999999999999,15.404340584795312,0.14083809773559858,15.54517868253091,False,False
4800.0,17.5,15.526368519242496,15.479653333333305,15.206999999999999,15.404340617525266,0.140838126094163,15.545178743619429,False,False
4800.0,18.0,15.608906297249899,15.479653333333305,15.689666666666666,15.59274209908329,0.0864960924790802,15.679238191562371,False,False
4800.0,18.5,15.526368519242496,15.52453999999997,15.689666666666666,15.580191728636377,0.07741407026807949,15.657605798904457,False,False
4800.0,19.0,15.52636842105263,15.52453999999997,15.689666666666666,15.580191695906422,0.07741409302404659,15.657605788930468,False,False
4800.0,19.5,15.52636842105263,15.52453999999997,15.689666666666666,15.580191695906422,0.07741409302404659,15.657605788930468,False,False
4800.0,20.0,15.52636842105263,15.52453999999997,15.689666666666666,15.580191695906422,0.07741409302404659,15.657605788930468,False,False
4800.0,20.5,15.52636842105263,15.52453999999997,15.689666666666668,15.580191695906422,0.07741409302404742,15.65760578893047,False,False
4800.0,21.0,15.52636842105263,15.52453999999997,15.430333333333332,15.493747251461977,0.04484662410339185,15.53859387556537,False,False
4800.0,21.5,15.52636842105263,15.425643333333301,15.430333333333332,15.460781695906421,0.046416325515586915,15.507198021422008,False,False
4800.0,22.0,15.52636842105263,15.425643333333301,15.430333333333332,15.460781695906421,0.046416325515586915,15.507198021422008,False,False
4800.0,22.5,15.52636842105263,15.425643333333301,15.430333333333332,15.460781695906421,0.046416325515586915,15.507198021422008,False,False
4800.0,23.0,15.52636842105263,15.425643333333301,15.430333333333332,15.460781695906421,0.046416325515586915,15.507198021422008,False,False
4800.0,23.5,15.52636813226334,15.425643333333301,15.430333333333332,15.460781599643324,0.04641618949488296,15.507197789138207,False,False
4800.0,24.0,15.283613686938054,15.425643333333301,15.430333333333332,15.379863451201564,0.06808578836333752,15.4479492395649,False,False
4850.0,3.0,15.864737388695959,15.956019999999981,15.775666666666666,15.865474685120867,0.07363078575171797,15.939105470872585,False,False
4850.0,3.5,15.526368823587868,15.956019999999981,15.775666666666666,15.752685163418171,0.1761555098329288,15.9288406732511,False,False
4850.0,4.0,15.52636842105263,15.956019999999981,15.775666666666666,15.752685029239759,0.17615568221907982,15.928840711458838,False,False
4850.0,4.5,15.52636842105263,15.956019999999981,16.231666666666666,15.904685029239758,0.2902158544184811,16.19490088365824,False,False
4850.0,5.0,15.52636842105263,16.47331333333336,16.231666666666666,16.077116140350885,0.40173836063782636,16.47885450098871,False,False
4850.0,5.5,15.526369295857284,16.47331333333336,16.231666666666666,16.077116431952437,0.4017379608779332,16.47885439283037,False,False
4850.0,6.0,16.26172453555482,16.47331333333336,16.231666666666666,16.322234845184948,0.1075310840530354,16.429765929237984,False,False
4850.0,6.5,15.526369295857284,16.47331333333336,16.231666666666666,16.077116431952437,0.4017379608779332,16.47885439283037,False,False
4850.0,7.0,15.52636842105263,16.47331333333336,16.231666666666666,16.077116140350885,0.40173836063782636,16.47885450098871,False,False
4850.0,7.5,15.52636842105263,16.47331333333336,15.149,15.716227251461996,0.5570674602023453,16.27329471166434,False,False
4850.0,8.0,15.52636842105263,16.466150000000024,15.149000000000001,15.713839473684217,0.553823122971051,16.267662596655267,False,False
4850.0,8.5,15.52636842105263,16.466150000000024,15.515333333333333,15.835950584795329,0.44564105173221913,16.281591636527548,False,False
4850.0,9.0,15.52636842105263,16.466150000000024,14.939333333333332,15.643950584795329,0.6288409747705737,16.272791559565903,False,False
4850.0,9.5,15.52636842105263,14.532933333333347,14.939333333333332,14.99954502923977,0.4077968486235129,15.407341877863281,False,False
4850.0,10.0,15.52636842105263,14.532933333333347,14.939333333333332,14.99954502923977,0.4077968486235129,15.407341877863281,False,False
4850.0,10.5,15.52636842105263,14.532933333333347,14.939333333333332,14.99954502923977,0.4077968486235129,15.407341877863281,False,False
4850.0,11.0,15.52636842105263,14.532933333333347,14.939333333333332,14.99954502923977,0.4077968486235129,15.407341877863281,False,False
4850.0,11.5,15.526367409221532,14.532933333333347,14.939333333333332,14.999544691962738,0.40779641290309904,15.407341104865838,False,False
4850.0,12.0,14.675828608644547,14.532933333333347,14.999333333333333,14.736031758437074,0.19510775558428034,14.931139514021353,False,False
4850.0,12.5,15.526367409221532,14.520750000000007,14.999333333333333,15.015483580851622,0.41070039063655606,15.426183971488179,False,False
4850.0,13.0,15.52636842105263,14.520750000000007,14.999333333333333,15.015483918128657,0.41070081018669896,15.426184728315356,False,False
4850.0,13.5,15.52636842105263,14.520750000000007,14.999333333333333,15.015483918128657,0.41070081018669896,15.426184728315356,False,False
4850.0,14.0,15.52636842105263,14.520750000000007,14.999333333333333,15.015483918128657,0.41070081018669896,15.426184728315356,False,False
4850.0,14.5,15.52636842105263,14.520750000000007,14.999333333333333,15.015483918128657,0.41070081018669896,15.426184728315356,False,False
4850.0,15.0,15.52636842105263,14.520750000000007,15.206999999999999,15.08470614035088,0.4195505081004369,15.504256648451317,False,False
4850.0,15.5,15.52636842105263,15.479653333333305,15.206999999999999,15.404340584795312,0.14083809773559858,15.54517868253091,False,False
4850.0,16.0,15.52636842105263,15.479653333333305,15.206999999999999,15.404340584795312,0.14083809773559858,15.54517868253091,False,False
4850.0,16.5,15.52636842105263,15.479653333333305,15.206999999999999,15.404340584795312,0.14083809773559858,15.54517868253091,False,False
4850.0,17.0,15.52636842105263,15.479653333333305,15.206999999999999,15.404340584795312,0.14083809773559858,15.54517868253091,False,False
4850.0,17.5,15.526368519242487,15.479653333333305,15.206999999999999,15.404340617525264,0.14083812609416044,15.545178743619424,False,False
4850.0,18.0,15.608906289664613,15.479653333333305,15.689666666666666,15.592742096554863,0.08649609200657317,15.679238188561436,False,False
4850.0,18.5,15.526368519242487,15.52453999999997,15.689666666666666,15.580191728636374,0.07741407026808156,15.657605798904456,False,False
4850.0,19.0,15.52636842105263,15.52453999999997,15.689666666666666,15.580191695906422,0.07741409302404659,15.657605788930468,False,False
4850.0,19.5,15.52636842105263,15.52453999999997,15.689666666666668,15.580191695906422,0.07741409302404742,15.65760578893047,False,False
4850.0,20.0,15.52636842105263,15.52453999999997,15.689666666666668,15.580191695906422,0.07741409302404742,15.65760578893047,False,False
4850.0,20.5,15.52636842105263,15.52453999999997,15.689666666666668,15.580191695906422,0.07741409302404742,15.65760578893047,False,False
4850.0,21.0,15.52636842105263,15.52453999999997,15.430333333333332,15.493747251461977,0.04484662410339185,15.53859387556537,False,False
4850.0,21.5,15.52636842105263,15.425643333333301,15.430333333333332,15.460781695906421,0.046416325515586915,15.507198021422008,False,False
4850.0,22.0,15.52636842105263,15.425643333333301,15.430333333333332,15.460781695906421,0.046416325515586915,15.507198021422008,False,False
4850.0,22.5,15.52636842105263,15.425643333333301,15.430333333333332,15.460781695906421,0.046416325515586915,15.507198021422008,False,False
4850.0,23.0,15.52636842105263,15.425643333333301,15.430333333333332,15.460781695906421,0.046416325515586915,15.507198021422008,False,False
4850.0,23.5,15.526368132263443,15.425643333333301,15.430333333333332,15.46078159964336,0.04641618949493148,15.50719778913829,False,False
4850.0,24.0,15.283613773993787,15.425643333333301,15.430333333333332,15.37986348022014,0.06808574734110166,15.44794922756124,False,False
4900.0,3.0,15.864737377038624,15.587613333333326,15.775666666666666,15.742672459012873,0.11551593599707415,15.858188395009947,False,False
4900.0,3.5,15.526368823587854,15.587613333333326,15.775666666666666,15.62988294119595,0.10607353880706832,15.735956480003018,False,False
4900.0,4.0,15.52636842105263,15.587613333333326,15.775666666666666,15.629882807017543,0.1060736697480085,15.735956476765551,False,False
4900.0,4.5,15.52636842105263,15.587613333333326,16.231666666666666,15.78188280701754,0.319026514175771,16.10090932119331,False,False
4900.0,5.0,15.52636842105263,15.811900000000014,16.231666666666666,15.856645029239772,0.2896699179500797,16.14631494718985,False,False
4900.0,5.5,15.52636929585705,15.811900000000014,16.231666666666666,15.856645320841244,0.2896695854712487,16.146314906312494,False,False
4900.0,6.0,16.2617243391105,15.811900000000014,16.231666666666666,16.101763668592394,0.20533156226870372,16.307095230861098,False,False
4900.0,6.5,15.52636929585705,15.811900000000014,15.149,15.495756431952353,0.2714921276665193,15.767248559618873,False,False
4900.0,7.0,15.52636842105263,15.811900000000014,15.149,15.495756140350883,0.27149209478648045,15.767248235137364,False,False
4900.0,7.5,15.52636842105263,15.811900000000014,15.149000000000001,15.495756140350883,0.2714920947864797,15.767248235137362,False,False
4900.0,8.0,15.52636842105263,15.804736666666683,15.149000000000001,15.493368362573106,0.2687184361588934,15.762086798732,False,False
4900.0,8.5,15.52636842105263,15.804736666666683,15.149000000000001,15.493368362573106,0.2687184361588934,15.762086798732,False,False
4900.0,9.0,15.52636842105263,15.804736666666683,15.149000000000001,15.493368362573106,0.2687184361588934,15.762086798732,False,False
4900.0,9.5,15.52636842105263,14.462810000000017,14.939333333333332,14.976170584795327,0.4349765250902918,15.411147109885619,False,False
4900.0,10.0,15.52636842105263,14.462810000000017,14.939333333333332,14.976170584795327,0.4349765250902918,15.411147109885619,False,False
4900.0,10.5,15.52636842105263,14.462810000000017,14.939333333333332,14.976170584795327,0.4349765250902918,15.411147109885619,False,False
4900.0,11.0,15.52636842105263,14.462810000000017,14.939333333333332,14.976170584795327,0.4349765250902918,15.411147109885619,False,False
4900.0,11.5,15.526367409221658,14.462810000000017,14.939333333333332,14.976170247518334,0.43497609847175683,15.411146345990092,False,False
4900.0,12.0,14.67582871402338,14.462810000000017,14.999333333333333,14.712657349118908,0.22057739847201444,14.933234747590923,False,False
4900.0,12.5,15.526367409221658,14.464570000000013,14.999333333333333,14.996756914185001,0.43348080542600764,15.430237719611009,False,False
4900.0,13.0,15.52636842105263,14.464570000000013,14.999333333333333,14.996757251461991,0.433481217498378,15.430238468960368,False,False
4900.0,13.5,15.52636842105263,14.464570000000013,14.999333333333333,14.996757251461991,0.433481217498378,15.430238468960368,False,False
4900.0,14.0,15.52636842105263,14.464570000000013,14.999333333333333,14.996757251461991,0.433481217498378,15.430238468960368,False,False
4900.0,14.5,15.52636842105263,14.464570000000013,14.999333333333333,14.996757251461991,0.433481217498378,15.430238468960368,False,False
4900.0,15.0,15.52636842105263,14.464570000000013,15.206999999999999,15.065979473684214,0.4447988784227796,15.510778352106994,False,False
4900.0,15.5,15.52636842105263,15.415916666666636,15.206999999999999,15.383095029239755,0.13243109404252207,15.515526123282276,False,False
4900.0,16.0,15.52636842105263,15.415916666666636,15.206999999999999,15.383095029239755,0.13243109404252207,15.515526123282276,False,False
4900.0,16.5,15.52636842105263,15.415916666666636,15.206999999999999,15.383095029239755,0.13243109404252207,15.515526123282276,False,False
4900.0,17.0,15.52636842105263,15.415916666666636,15.206999999999999,15.383095029239755,0.13243109404252207,15.515526123282276,False,False
4900.0,17.5,15.526368519242478,15.415916666666636,15.206999999999999,15.383095061969705,0.13243112945211602,15.51552619142182,False,False
4900.0,18.0,15.608906281337203,15.415916666666636,15.689666666666666,15.571496538223501,0.11484593240476264,15.686342470628263,False,False
4900.0,18.5,15.526368519242478,15.470456666666632,15.689666666666668,15.562163950858592,0.09300265486691539,15.655166605725507,False,False
4900.0,19.0,15.52636842105263,15.470456666666632,15.689666666666668,15.562163918128642,0.0930026674642294,15.655166585592871,False,False
4900.0,19.5,15.52636842105263,15.470456666666632,15.689666666666668,15.562163918128642,0.0930026674642294,15.655166585592871,False,False
4900.0,20.0,15.52636842105263,15.470456666666632,15.689666666666668,15.562163918128642,0.0930026674642294,15.655166585592871,False,False
4900.0,20.5,15.52636842105263,15.470456666666632,15.689666666666668,15.562163918128642,0.0930026674642294,15.655166585592871,False,False
4900.0,21.0,15.52636842105263,15.470456666666632,15.430333333333332,15.4757194736842,0.039382376528861014,15.51510185021306,False,False
4900.0,21.5,15.52636842105263,15.398916666666635,15.430333333333332,15.451872807017532,0.054215306073477985,15.50608811309101,False,False
4900.0,22.0,15.52636842105263,15.398916666666635,15.430333333333332,15.451872807017532,0.054215306073477985,15.50608811309101,False,False
4900.0,22.5,15.52636842105263,15.398916666666635,15.430333333333332,15.451872807017532,0.054215306073477985,15.50608811309101,False,False
4900.0,23.0,15.52636842105263,15.398916666666635,15.430333333333332,15.451872807017532,0.054215306073477985,15.50608811309101,False,False
4900.0,23.5,15.52636813226355,15.398916666666635,15.430333333333332,15.451872710754506,0.05421517380137035,15.506087884555876,False,False
4900.0,24.0,15.283613863232182,15.398916666666635,15.430333333333332,15.370954621077383,0.06307697795467651,15.434031599032059,False,False
4950.0,3.0,15.86473736233892,15.587613333333326,15.775666666666666,15.74267245411297,0.11551593081938102,15.858188384932351,False,False
4950.0,3.5,15.526368823587836,15.587613333333326,15.775666666666666,15.629882941195943,0.1060735388070741,15.735956480003017,False,False
4950.0,4.0,15.52636842105263,15.587613333333326,15.775666666666666,15.629882807017543,0.1060736697480085,15.735956476765551,False,False
4950.0,4.5,15.52636842105263,15.587613333333326,16.231666666666666,15.78188280701754,0.319026514175771,16.10090932119331,False,False
4950.0,5.0,15.52636842105263,15.811900000000014,16.231666666666666,15.856645029239772,0.2896699179500797,16.14631494718985,False,False
4950.0,5.5,15.526369295856808,15.811900000000014,16.231666666666666,15.856645320841162,0.2896695854713405,16.1463149063125,False,False
4950.0,6.0,16.261724136054415,15.811900000000014,15.149,15.740874712018142,0.45703551604457193,16.197910228062714,False,False
4950.0,6.5,15.526369295856808,15.811900000000014,15.149,15.495756431952273,0.27149212766651026,15.767248559618784,False,False
4950.0,7.0,15.52636842105263,15.811900000000014,15.149,15.495756140350883,0.27149209478648045,15.767248235137364,False,False
4950.0,7.5,15.52636842105263,15.811900000000014,15.149000000000001,15.495756140350883,0.2714920947864797,15.767248235137362,False,False
4950.0,8.0,15.52636842105263,15.804736666666683,15.149000000000001,15.493368362573106,0.2687184361588934,15.762086798732,False,False
4950.0,8.5,15.52636842105263,15.804736666666683,15.149000000000001,15.493368362573106,0.2687184361588934,15.762086798732,False,False
4950.0,9.0,15.52636842105263,15.804736666666683,15.149000000000001,15.493368362573106,0.2687184361588934,15.762086798732,False,False
4950.0,9.5,15.52636842105263,14.462810000000017,14.939333333333332,14.976170584795327,0.4349765250902918,15.411147109885619,False,False
4950.0,10.0,15.52636842105263,14.462810000000017,14.939333333333332,14.976170584795327,0.4349765250902918,15.411147109885619,False,False
4950.0,10.5,15.52636842105263,14.462810000000017,14.939333333333332,14.976170584795327,0.4349765250902918,15.411147109885619,False,False
4950.0,11.0,15.52636842105263,14.462810000000017,14.939333333333332,14.976170584795327,0.4349765250902918,15.411147109885619,False,False
4950.0,11.5,15.526367409221791,14.462810000000017,14.939333333333332,14.97617024751838,0.434976098471813,15.411146345990193,False,False
4950.0,12.0,14.675828827049633,14.462810000000017,14.851333333333335,14.663324053460995,0.15886025758085914,14.822184311041854,False,False
4950.0,12.5,15.526367409221791,14.464570000000013,14.999333333333333,14.996756914185047,0.4334808054260619,15.430237719611108,False,False
4950.0,13.0,15.52636842105263,14.464570000000013,14.999333333333333,14.996757251461991,0.433481217498378,15.430238468960368,False,False
4950.0,13.5,15.52636842105263,14.464570000000013,14.999333333333333,14.996757251461991,0.433481217498378,15.430238468960368,False,False
4950.0,14.0,15.52636842105263,14.464570000000013,14.999333333333333,14.996757251461991,0.433481217498378,15.430238468960368,False,False
4950.0,14.5,15.52636842105263,14.464570000000013,14.999333333333333,14.996757251461991,0.433481217498378,15.430238468960368,False,False
4950.0,15.0,15.52636842105263,14.464570000000013,15.206999999999999,15.065979473684214,0.4447988784227796,15.510778352106994,False,False
4950.0,15.5,15.52636842105263,15.415916666666636,15.206999999999999,15.383095029239755,0.13243109404252207,15.515526123282276,False,False
4950.0,16.0,15.52636842105263,15.415916666666636,15.206999999999999,15.383095029239755,0.13243109404252207,15.515526123282276,False,False
4950.0,16.5,15.52636842105263,15.415916666666636,15.206999999999999,15.383095029239755,0.13243109404252207,15.515526123282276,False,False
4950.0,17.0,15.52636842105263,15.415916666666636,15.206999999999999,15.383095029239755,0.13243109404252207,15.515526123282276,False,False
4950.0,17.5,15.526368519242467,15.415916666666636,15.206999999999999,15.3830950619697,0.13243112945211216,15.515526191421811,False,False
4950.0,18.0,15.608906272267669,15.415916666666636,14.975333333333333,15.333385424089213,0.26515683627933984,15.598542260368554,False,False
4950.0,18.5,15.526368519242467,15.470456666666632,15.689666666666668,15.56216395085859,0.09300265486691675,15.655166605725507,False,False
4950.0,19.0,15.52636842105263,15.470456666666632,15.689666666666668,15.562163918128642,0.0930026674642294,15.655166585592871,False,False
4950.0,19.5,15.52636842105263,15.470456666666632,15.689666666666668,15.562163918128642,0.0930026674642294,15.655166585592871,False,False
4950.0,20.0,15.52636842105263,15.470456666666632,15.689666666666668,15.562163918128642,0.0930026674642294,15.655166585592871,False,False
4950.0,20.5,15.52636842105263,15.470456666666632,15.689666666666668,15.562163918128642,0.0930026674642294,15.655166585592871,False,False
4950.0,21.0,15.52636842105263,15.470456666666632,15.430333333333332,15.4757194736842,0.039382376528861014,15.51510185021306,False,False
4950.0,21.5,15.52636842105263,15.398916666666635,15.430333333333332,15.451872807017532,0.054215306073477985,15.50608811309101,False,False
4950.0,22.0,15.52636842105263,15.398916666666635,15.430333333333332,15.451872807017532,0.054215306073477985,15.50608811309101,False,False
4950.0,22.5,15.52636842105263,15.398916666666635,15.430333333333332,15.451872807017532,0.054215306073477985,15.50608811309101,False,False
4950.0,23.0,15.52636842105263,15.398916666666635,15.430333333333332,15.451872807017532,0.054215306073477985,15.50608811309101,False,False
4950.0,23.5,15.526368132263658,15.398916666666635,15.430333333333332,15.451872710754541,0.05421517380141999,15.506087884555962,False,False
4950.0,24.0,15.283613954653234,15.398916666666635,15.430333333333332,15.370954651551067,0.06307693575870098,15.434031587309768,False,False
5000.0,3.0,15.864737344596845,15.587613333333326,15.775666666666666,15.742672448198945,0.11551592457007084,15.858188372769016,False,False
5000.0,3.5,15.526368823587815,15.587613333333326,15.775666666666666,15.629882941195936,0.10607353880708102,15.735956480003017,False,False
5000.0,4.0,15.52636842105263,15.587613333333326,15.775666666666666,15.629882807017543,0.1060736697480085,15.735956476765551,False,False
5000.0,4.5,15.52636842105263,15.587613333333326,16.231666666666666,15.78188280701754,0.319026514175771,16.10090932119331,False,False
5000.0,5.0,15.52636842105263,15.811900000000014,15.149,15.495756140350883,0.27149209478648045,15.767248235137364,False,False
5000.0,5.5,15.52636929585656,15.811900000000014,15.149,15.49575643195219,0.2714921276665009,15.767248559618691,False,False
5000.0,6.0,16.26172392638657,15.811900000000014,15.149,15.74087464212886,0.45703543639695327,16.197910078525812,False,False
5000.0,6.5,15.52636929585656,15.811900000000014,15.149,15.49575643195219,0.2714921276665009,15.767248559618691,False,False
5000.0,7.0,15.52636842105263,15.811900000000014,15.149000000000001,15.495756140350883,0.2714920947864797,15.767248235137362,False,False
5000.0,7.5,15.52636842105263,15.811900000000014,15.149000000000001,15.495756140350883,0.2714920947864797,15.767248235137362,False,False
5000.0,8.0,15.52636842105263,15.804736666666683,15.149000000000001,15.493368362573106,0.2687184361588934,15.762086798732,False,False
5000.0,8.5,15.52636842105263,15.804736666666683,15.149000000000001,15.493368362573106,0.2687184361588934,15.762086798732,False,False
5000.0,9.0,15.52636842105263,15.804736666666683,15.149000000000001,15.493368362573106,0.2687184361588934,15.762086798732,False,False
5000.0,9.5,15.52636842105263,14.462810000000017,15.149000000000001,15.046059473684217,0.44025499634992615,15.486314470034143,False,False
5000.0,10.0,15.52636842105263,14.462810000000017,14.939333333333332,14.976170584795327,0.4349765250902918,15.411147109885619,False,False
5000.0,10.5,15.52636842105263,14.462810000000017,14.939333333333332,14.976170584795327,0.4349765250902918,15.411147109885619,False,False
5000.0,11.0,15.52636842105263,14.462810000000017,14.851333333333335,14.946837251461995,0.43941618657139947,15.386253438033394,False,False
5000.0,11.5,15.526367409221935,14.462810000000017,14.851333333333335,14.946836914185097,0.4394157417483214,15.386252655933419,False,False
5000.0,12.0,14.675828947723305,14.462810000000017,14.851333333333335,14.663324093685553,0.15886026074716772,14.822184354432721,False,False
5000.0,12.5,15.526367409221935,14.464570000000013,14.851333333333335,14.947423580851762,0.43876982295862216,15.386193403810385,False,False
5000.0,13.0,15.52636842105263,14.464570000000013,14.851333333333335,14.947423918128658,0.43877026798556656,15.386194186114224,False,False
5000.0,13.5,15.52636842105263,14.464570000000013,14.999333333333333,14.996757251461991,0.433481217498378,15.430238468960368,False,False
5000.0,14.0,15.52636842105263,14.464570000000013,14.999333333333333,14.996757251461991,0.433481217498378,15.430238468960368,False,False
5000.0,14.5,15.52636842105263,14.464570000000013,14.999333333333333,14.996757251461991,0.433481217498378,15.430238468960368,False,False
5000.0,15.0,15.52636842105263,14.464570000000013,15.206999999999999,15.065979473684214,0.4447988784227796,15.510778352106994,False,False
5000.0,15.5,15.52636842105263,15.415916666666636,15.206999999999999,15.383095029239755,0.13243109404252207,15.515526123282276,False,False
5000.0,16.0,15.52636842105263,15.415916666666636,15.206999999999999,15.383095029239755,0.13243109404252207,15.515526123282276,False,False
5000.0,16.5,15.52636842105263,15.415916666666636,15.206999999999999,15.383095029239755,0.13243109404252207,15.515526123282276,False,False
5000.0,17.0,15.52636842105263,15.415916666666636,14.975333333333333,15.305872807017534,0.2380366291971426,15.543909436214678,False,False
5000.0,17.5,15.526368519242455,15.415916666666636,14.975333333333333,15.305872839747474,0.23803665951520403,15.543909499262679,False,False
5000.0,18.0,15.608906262456014,15.415916666666636,14.975333333333333,15.33338542081866,0.2651568328809541,15.598542253699614,False,False
5000.0,18.5,15.526368519242455,15.470456666666632,14.975333333333333,15.324052839747473,0.24763616379668268,15.571689003544156,False,False
5000.0,19.0,15.52636842105263,15.470456666666632,14.975333333333333,15.324052807017532,0.2476361370567287,15.57168894407426,False,False
5000.0,19.5,15.52636842105263,15.470456666666632,15.689666666666668,15.562163918128642,0.0930026674642294,15.655166585592871,False,False
5000.0,20.0,15.52636842105263,15.470456666666632,15.689666666666668,15.562163918128642,0.0930026674642294,15.655166585592871,False,False
5000.0,20.5,15.52636842105263,15.470456666666632,15.689666666666668,15.562163918128642,0.0930026674642294,15.655166585592871,False,False
5000.0,21.0,15.52636842105263,15.470456666666632,15.689666666666668,15.562163918128642,0.0930026674642294,15.655166585592871,False,False
5000.0,21.5,15.52636842105263,15.398916666666635,15.430333333333332,15.451872807017532,0.054215306073477985,15.50608811309101,False,False
5000.0,22.0,15.52636842105263,15.398916666666635,15.430333333333332,15.451872807017532,0.054215306073477985,15.50608811309101,False,False
5000.0,22.5,15.52636842105263,15.398916666666635,15.430333333333332,15.451872807017532,0.054215306073477985,15.50608811309101,False,False
5000.0,23.0,15.52636842105263,15.398916666666635,15.430333333333332,15.451872807017532,0.054215306073477985,15.50608811309101,False,False
5000.0,23.5,15.52636813226377,15.398916666666635,15.430333333333332,15.451872710754579,0.05421517380147124,15.50608788455605,False,False
5000.0,24.0,15.28361404825694,15.398916666666635,15.430333333333332,15.3709546827523,0.06307689255530867,15.434031575307609,False,False
