SnO2_Rpm,Spiro_Oxid_Dur,predicted_max_efficiency,uncertainty,expected_improvement,ucb_beta_1,ucb_beta_1_96,ucb_beta_2,is_existing_condition,nearest_existing_condition,nearest_existing_SnO2_Rpm,nearest_existing_Spiro_Oxid_Dur,delta_SnO2_Rpm,delta_Spiro_Oxid_Dur,distance_to_nearest_existing_condition,exceeds_best_observed_prediction,exceeds_best_observed_ucb_1_96
3500.0,6.0,16.261727340288353,0.8014736258921777,0.03382914983409975,17.06320096618053,17.83261564703702,17.86467459207271,True,"SnO2_Rpm=3500, Spiro_Oxid_Dur=6.00",3500.0,6.0,0.0,0.0,0.0,False,True
3550.0,6.0,16.261727322363164,0.8014735781518764,0.03382914039660813,17.063200900515042,17.832615535540842,17.864674478666917,False,"SnO2_Rpm=3500, Spiro_Oxid_Dur=6.00",3500.0,6.0,50.0,0.0,0.033333333333333215,False,True
3600.0,6.0,16.261727297826127,0.8014735337039958,0.03382913089677746,17.06320083153012,17.832615423885958,17.86467436523412,False,"SnO2_Rpm=3500, Spiro_Oxid_Dur=6.00",3500.0,6.0,100.0,0.0,0.06666666666666643,False,True
3650.0,6.0,16.261727266677244,0.801473492548539,0.033829121334608525,17.063200759225783,17.83261531207238,17.86467425177432,False,"SnO2_Rpm=3500, Spiro_Oxid_Dur=6.00",3500.0,6.0,150.0,0.0,0.09999999999999964,False,True
3700.0,6.0,16.261727228916513,0.8014734546855088,0.033829111710101695,17.063200683602023,17.83261520010011,17.86467413828753,False,"SnO2_Rpm=3500, Spiro_Oxid_Dur=6.00",3500.0,6.0,200.0,0.0,0.1333333333333333,False,True
3750.0,6.0,16.261727184543936,0.8014734201149076,0.033829102023257854,17.063200604658842,17.832615087969156,17.864674024773752,False,"SnO2_Rpm=4000, Spiro_Oxid_Dur=6.00",4000.0,6.0,-250.0,0.0,0.16666666666666652,False,True
3800.0,6.0,16.261727133559518,0.8014733888367376,0.03382909227407767,17.063200522396254,17.832614975679522,17.86467391123299,False,"SnO2_Rpm=4000, Spiro_Oxid_Dur=6.00",4000.0,6.0,-200.0,0.0,0.1333333333333333,False,True
3850.0,6.0,16.261727075963258,0.8014733608510011,0.0338290824625616,17.06320043681426,17.83261486323122,17.864673797665258,False,"SnO2_Rpm=4000, Spiro_Oxid_Dur=6.00",4000.0,6.0,-150.0,0.0,0.09999999999999964,False,True
3900.0,6.0,16.261727011755156,0.8014733361576998,0.03382907258871036,17.063200347912854,17.83261475062425,17.864673684070556,False,"SnO2_Rpm=4000, Spiro_Oxid_Dur=6.00",4000.0,6.0,-100.0,0.0,0.06666666666666643,False,True
3950.0,6.0,16.261726940935215,0.8014733147568353,0.03382906265252422,17.06320025569205,17.83261463785861,17.864673570448886,False,"SnO2_Rpm=4000, Spiro_Oxid_Dur=6.00",4000.0,6.0,-50.0,0.0,0.033333333333333215,False,True
4000.0,6.0,16.261726863503437,0.801473296648409,0.03382905265400392,17.063200160151847,17.832614524934318,17.864673456800254,True,"SnO2_Rpm=4000, Spiro_Oxid_Dur=6.00",4000.0,6.0,0.0,0.0,0.0,False,True
4050.0,6.0,16.26172677945982,0.8014732818324224,0.03382904259314978,17.063200061292243,17.832614411851367,17.864673343124664,False,"SnO2_Rpm=4000, Spiro_Oxid_Dur=6.00",4000.0,6.0,50.0,0.0,0.03333333333333366,False,True
4100.0,6.0,16.261726688804377,0.8014732703088762,0.03382903246996283,17.063199959113252,17.832614298609773,17.864673229422127,False,"SnO2_Rpm=4000, Spiro_Oxid_Dur=6.00",4000.0,6.0,100.0,0.0,0.06666666666666687,False,True
4150.0,6.0,16.261726591537098,0.8014732620777711,0.03382902228444282,17.06319985361487,17.83261418520953,17.86467311569264,False,"SnO2_Rpm=4000, Spiro_Oxid_Dur=6.00",4000.0,6.0,150.0,0.0,0.10000000000000009,False,True
4200.0,6.0,16.261726487657995,0.8014732571391079,0.0338290120365909,17.063199744797103,17.832614071650646,17.86467300193621,False,"SnO2_Rpm=4000, Spiro_Oxid_Dur=6.00",4000.0,6.0,200.0,0.0,0.1333333333333333,False,True
4250.0,6.0,16.261726377167065,0.8014732554928868,0.03382900172640706,17.063199632659952,17.832613957933123,17.86467288815284,False,"SnO2_Rpm=4250, Spiro_Oxid_Dur=3.00",4250.0,3.0,0.0,3.0,0.14285714285714285,False,True
4300.0,6.0,16.26172626006431,0.8014732571391079,0.03382899135389175,17.06319951720342,17.83261384405696,17.864672774342527,False,"SnO2_Rpm=4500, Spiro_Oxid_Dur=6.00",4500.0,6.0,-200.0,0.0,0.1333333333333333,False,True
4350.0,6.0,16.26172613634974,0.8014732620777711,0.03382898091904582,17.06319939842751,17.83261373002217,17.86467266050528,False,"SnO2_Rpm=4500, Spiro_Oxid_Dur=6.00",4500.0,6.0,-150.0,0.0,0.10000000000000009,False,True
4400.0,6.0,16.261726006023355,0.8014732703088762,0.03382897042186947,17.06319927633223,17.832613615828752,17.864672546641106,False,"SnO2_Rpm=4500, Spiro_Oxid_Dur=6.00",4500.0,6.0,-100.0,0.0,0.06666666666666687,False,True
4450.0,6.0,16.261725869085158,0.8014732818324224,0.03382895986236305,17.06319915091758,17.832613501476708,17.86467243275,False,"SnO2_Rpm=4500, Spiro_Oxid_Dur=6.00",4500.0,6.0,-50.0,0.0,0.033333333333333215,False,True
4500.0,6.0,16.26172572553515,0.801473296648409,0.03382894924052676,17.06319902218356,17.83261338696603,17.864672318831968,True,"SnO2_Rpm=4500, Spiro_Oxid_Dur=6.00",4500.0,6.0,0.0,0.0,0.0,False,True
4550.0,6.0,16.26172557537334,0.8014733147568353,0.03382893855636131,17.063198890130174,17.832613272296737,17.86467220488701,False,"SnO2_Rpm=4500, Spiro_Oxid_Dur=6.00",4500.0,6.0,50.0,0.0,0.033333333333333215,False,True
4600.0,6.0,16.261725418599728,0.8014733361576998,0.0338289278098666,17.063198754757426,17.83261315746882,17.86467209091513,False,"SnO2_Rpm=4500, Spiro_Oxid_Dur=6.00",4500.0,6.0,100.0,0.0,0.06666666666666687,False,True
4650.0,6.0,16.26172525521432,0.8014733608510011,0.03382891700104329,17.06319861606532,17.832613042482283,17.86467197691632,False,"SnO2_Rpm=4500, Spiro_Oxid_Dur=6.00",4500.0,6.0,150.0,0.0,0.10000000000000009,False,True
4700.0,6.0,16.261725085217122,0.8014733888367377,0.03382890612989188,17.06319847405386,17.832612927337127,17.8646718628906,False,"SnO2_Rpm=4500, Spiro_Oxid_Dur=6.00",4500.0,6.0,200.0,0.0,0.1333333333333333,False,True
4750.0,6.0,16.261724908608134,0.8014734201149076,0.03382889519641204,17.06319832872304,17.832612812033354,17.86467174883795,False,"SnO2_Rpm=4750, Spiro_Oxid_Dur=3.00",4750.0,3.0,0.0,3.0,0.14285714285714285,False,True
4800.0,6.0,16.261724725387367,0.8014734546855088,0.03382888420060476,17.063198180072877,17.832612696570965,17.864671634758384,False,"SnO2_Rpm=5000, Spiro_Oxid_Dur=6.00",5000.0,6.0,-200.0,0.0,0.1333333333333333,False,True
4850.0,6.0,16.26172453555482,0.801473492548539,0.033828873142469726,17.063198028103358,17.832612580949956,17.864671520651896,False,"SnO2_Rpm=5000, Spiro_Oxid_Dur=6.00",5000.0,6.0,-150.0,0.0,0.10000000000000009,False,True
4900.0,6.0,16.2617243391105,0.8014735337039958,0.033828862022007286,17.063197872814495,17.83261246517033,17.864671406518493,False,"SnO2_Rpm=5000, Spiro_Oxid_Dur=6.00",5000.0,6.0,-100.0,0.0,0.06666666666666687,False,True
4950.0,6.0,16.261724136054415,0.8014735781518764,0.033828850839217994,17.063197714206293,17.832612349232093,17.864671292358167,False,"SnO2_Rpm=5000, Spiro_Oxid_Dur=6.00",5000.0,6.0,-50.0,0.0,0.03333333333333366,False,True
5000.0,6.0,16.26172392638657,0.8014736258921777,0.033828839594102,17.063197552278748,17.832612233135237,17.864671178170923,True,"SnO2_Rpm=5000, Spiro_Oxid_Dur=6.00",5000.0,6.0,0.0,0.0,0.0,False,True
3500.0,3.0,15.864736553428843,0.8157229743658094,0.011682266268803844,16.680459527794653,17.463553583185828,17.496182502160462,False,"SnO2_Rpm=3500, Spiro_Oxid_Dur=6.00",3500.0,6.0,0.0,-3.0,0.14285714285714285,False,True
3550.0,3.0,15.864736623915356,0.8157229162375685,0.01168226420874282,16.680459540152924,17.46355353974099,17.496182456390493,False,"SnO2_Rpm=3500, Spiro_Oxid_Dur=6.00",3500.0,6.0,50.0,-3.0,0.1466944933404701,False,True
3600.0,3.0,15.864736691359518,0.8157228610902405,0.011682262274946259,16.680459552449758,17.46355349909639,17.496182413539998,False,"SnO2_Rpm=3500, Spiro_Oxid_Dur=6.00",3500.0,6.0,100.0,-3.0,0.15764709864044607,False,True
3650.0,3.0,15.864736755761328,0.8157228089238288,0.011682260467414399,16.680459564685158,17.463553461252033,17.496182373608985,False,"SnO2_Rpm=3500, Spiro_Oxid_Dur=6.00",3500.0,6.0,150.0,-3.0,0.1743793659390527,False,True
5000.0,3.0,15.864737344596845,0.8157225272248642,0.011682259392526477,16.68045987182171,17.46355349795758,17.496182399046575,False,"SnO2_Rpm=5000, Spiro_Oxid_Dur=6.00",5000.0,6.0,0.0,-3.0,0.14285714285714285,False,True
3700.0,3.0,15.864736817120784,0.8157227597383367,0.01168225878614735,16.68045957685912,17.463553426207923,17.496182336597457,False,"SnO2_Rpm=3500, Spiro_Oxid_Dur=6.00",3500.0,6.0,200.0,-3.0,0.19541223360650656,False,True
4950.0,3.0,15.86473736233892,0.8157224989058887,0.011682257790877046,16.68045986124481,17.46355346019446,17.496182360150698,False,"SnO2_Rpm=4750, Spiro_Oxid_Dur=3.00",4750.0,3.0,200.0,0.0,0.1333333333333333,False,True
3750.0,3.0,15.864736875437885,0.8157227135337676,0.011682257231145327,16.68045958897165,17.46355339396407,17.49618230250542,False,"SnO2_Rpm=4000, Spiro_Oxid_Dur=6.00",4000.0,6.0,-250.0,-3.0,0.21951296326887815,False,True
4900.0,3.0,15.864737377038624,0.8157224735678531,0.011682256315493536,16.68045985060648,17.463553425231616,17.49618232417433,False,"SnO2_Rpm=4750, Spiro_Oxid_Dur=3.00",4750.0,3.0,150.0,0.0,0.10000000000000009,False,True
3800.0,3.0,15.864736930712631,0.8157226703101245,0.01168225580240869,16.680459601022754,17.463553364520475,17.49618227133288,False,"SnO2_Rpm=4000, Spiro_Oxid_Dur=6.00",4000.0,6.0,-200.0,-3.0,0.19541223360650656,False,True
4850.0,3.0,15.864737388695959,0.8157224512107589,0.01168225496637601,16.680459839906717,17.463553393069045,17.496182291117478,False,"SnO2_Rpm=4750, Spiro_Oxid_Dur=3.00",4750.0,3.0,100.0,0.0,0.06666666666666687,False,True
3850.0,3.0,15.864736982945017,0.81572263006741,0.011682254499937227,16.680459613012427,17.46355333787714,17.496182243079836,False,"SnO2_Rpm=4000, Spiro_Oxid_Dur=6.00",4000.0,6.0,-150.0,-3.0,0.1743793659390527,False,True
4800.0,3.0,15.864737397310924,0.815722431834608,0.011682253743524676,16.68045982914553,17.463553363706755,17.496182260980138,False,"SnO2_Rpm=4750, Spiro_Oxid_Dur=3.00",4750.0,3.0,50.0,0.0,0.03333333333333366,False,True
3900.0,3.0,15.864737032135043,0.8157225928056269,0.01168225332373135,16.68045962494067,17.463553314034073,17.496182217746295,False,"SnO2_Rpm=4000, Spiro_Oxid_Dur=6.00",4000.0,6.0,-100.0,-3.0,0.15764709864044607,False,True
4750.0,3.0,15.864737402883517,0.815722415439401,0.011682252646939388,16.680459818322916,17.46355333714474,17.49618223376232,True,"SnO2_Rpm=4750, Spiro_Oxid_Dur=3.00",4750.0,3.0,0.0,0.0,0.0,False,True
3950.0,3.0,15.86473707828271,0.8157225585247775,0.011682252273791126,16.680459636807488,17.463553292991275,17.496182195332263,False,"SnO2_Rpm=4000, Spiro_Oxid_Dur=6.00",4000.0,6.0,-50.0,-3.0,0.1466944933404701,False,True
4700.0,3.0,15.864737405413738,0.8157224020251393,0.01168225167662032,16.680459807438876,17.46355331338301,17.496182209464017,False,"SnO2_Rpm=4750, Spiro_Oxid_Dur=3.00",4750.0,3.0,-50.0,0.0,0.033333333333333215,False,True
4000.0,3.0,15.864737121388014,0.8157225272248642,0.01168225135011662,16.680459648612878,17.463553274748747,17.496182175837742,False,"SnO2_Rpm=4000, Spiro_Oxid_Dur=6.00",4000.0,6.0,0.0,-3.0,0.14285714285714285,False,True
4650.0,3.0,15.86473740490159,0.8157223915918238,0.011682250832567555,16.680459796493412,17.463553292421565,17.496182188085236,False,"SnO2_Rpm=4750, Spiro_Oxid_Dur=3.00",4750.0,3.0,-100.0,0.0,0.06666666666666643,False,True
4050.0,3.0,15.864737161450954,0.8157224989058887,0.011682250552707982,16.680459660356842,17.463553259306494,17.49618215926273,False,"SnO2_Rpm=4250, Spiro_Oxid_Dur=3.00",4250.0,3.0,-200.0,0.0,0.1333333333333333,False,True
4600.0,3.0,15.86473740134707,0.8157223841394552,0.011682250114781086,16.680459785486523,17.463553274260402,17.49618216962598,False,"SnO2_Rpm=4500, Spiro_Oxid_Dur=3.00",4500.0,3.0,100.0,0.0,0.06666666666666687,False,True
4100.0,3.0,15.86473719847153,0.8157224735678532,0.011682249881565417,16.680459672039383,17.463553246664524,17.496182145607236,False,"SnO2_Rpm=4250, Spiro_Oxid_Dur=3.00",4250.0,3.0,-150.0,0.0,0.10000000000000009,False,True
4550.0,3.0,15.864737394750179,0.8157223796680336,0.011682249523260996,16.680459774418214,17.463553258899523,17.496182154086245,False,"SnO2_Rpm=4500, Spiro_Oxid_Dur=3.00",4500.0,3.0,50.0,0.0,0.033333333333333215,False,True
4150.0,3.0,15.864737232449741,0.815722451210759,0.011682249336688759,16.6804596836605,17.46355323682283,17.49618213487126,False,"SnO2_Rpm=4250, Spiro_Oxid_Dur=3.00",4250.0,3.0,-100.0,0.0,0.06666666666666687,False,True
4500.0,3.0,15.864737385110917,0.8157223781775599,0.011682249058007271,16.68045976328848,17.463553246338936,17.496182141466036,True,"SnO2_Rpm=4500, Spiro_Oxid_Dur=3.00",4500.0,3.0,0.0,0.0,0.0,False,True
4200.0,3.0,15.864737263385585,0.815722431834608,0.011682248918078272,16.680459695220193,17.463553229781418,17.4961821270548,False,"SnO2_Rpm=4250, Spiro_Oxid_Dur=3.00",4250.0,3.0,-50.0,0.0,0.03333333333333366,False,True
4450.0,3.0,15.864737372429286,0.8157223796680336,0.011682248719019905,16.68045975209732,17.463553236578633,17.49618213176535,False,"SnO2_Rpm=4500, Spiro_Oxid_Dur=3.00",4500.0,3.0,-50.0,0.0,0.033333333333333215,False,True
4250.0,3.0,15.864737291279063,0.815722415439401,0.01168224862573404,16.680459706718462,17.463553225540288,17.496182122157865,True,"SnO2_Rpm=4250, Spiro_Oxid_Dur=3.00",4250.0,3.0,0.0,0.0,0.0,False,True
4400.0,3.0,15.864737356705284,0.8157223841394552,0.011682248506298946,16.68045974084474,17.463553229618615,17.496182124984195,False,"SnO2_Rpm=4500, Spiro_Oxid_Dur=3.00",4500.0,3.0,-100.0,0.0,0.06666666666666687,False,True
4300.0,3.0,15.864737316130173,0.8157224020251393,0.011682248459656042,16.680459718155312,17.463553224099446,17.49618212018045,False,"SnO2_Rpm=4250, Spiro_Oxid_Dur=3.00",4250.0,3.0,50.0,0.0,0.033333333333333215,False,True
4350.0,3.0,15.864737337938912,0.8157223915918238,0.011682248419844277,16.680459729530735,17.463553225458888,17.49618212112256,False,"SnO2_Rpm=4250, Spiro_Oxid_Dur=3.00",4250.0,3.0,100.0,0.0,0.06666666666666643,False,True
3500.0,5.5,15.52636929586062,0.9673912104922429,0.011661054163216007,16.493760506352864,17.422456068425415,17.461151716845105,False,"SnO2_Rpm=3500, Spiro_Oxid_Dur=6.00",3500.0,6.0,0.0,-0.5,0.02380952380952378,False,True
3500.0,6.5,15.52636929586062,0.9673912104922429,0.011661054163216007,16.493760506352864,17.422456068425415,17.461151716845105,False,"SnO2_Rpm=3500, Spiro_Oxid_Dur=6.00",3500.0,6.0,0.0,0.5,0.023809523809523836,False,True
3550.0,5.5,15.526369295860599,0.9673912104922429,0.011661054163215293,16.493760506352842,17.422456068425394,17.461151716845084,False,"SnO2_Rpm=3500, Spiro_Oxid_Dur=6.00",3500.0,6.0,50.0,-0.5,0.040963453652583824,False,True
3550.0,6.5,15.526369295860599,0.9673912104922429,0.011661054163215293,16.493760506352842,17.422456068425394,17.461151716845084,False,"SnO2_Rpm=3500, Spiro_Oxid_Dur=6.00",3500.0,6.0,50.0,0.5,0.04096345365258386,False,True
3600.0,5.5,15.52636929586057,0.9673912104922429,0.01166105416321446,16.493760506352814,17.422456068425365,17.461151716845055,False,"SnO2_Rpm=3500, Spiro_Oxid_Dur=6.00",3500.0,6.0,100.0,-0.5,0.07079080355865933,False,True
3600.0,6.5,15.52636929586057,0.9673912104922429,0.01166105416321446,16.493760506352814,17.422456068425365,17.461151716845055,False,"SnO2_Rpm=3500, Spiro_Oxid_Dur=6.00",3500.0,6.0,100.0,0.5,0.07079080355865934,False,True
3650.0,5.5,15.526369295860533,0.9673912104922429,0.011661054163213287,16.493760506352775,17.42245606842533,17.46115171684502,False,"SnO2_Rpm=3500, Spiro_Oxid_Dur=6.00",3500.0,6.0,150.0,-0.5,0.10279539592820396,False,True
3650.0,6.5,15.526369295860533,0.9673912104922429,0.011661054163213287,16.493760506352775,17.42245606842533,17.46115171684502,False,"SnO2_Rpm=3500, Spiro_Oxid_Dur=6.00",3500.0,6.0,150.0,0.5,0.10279539592820396,False,True
3700.0,5.5,15.526369295860487,0.9673912104922429,0.011661054163211865,16.49376050635273,17.422456068425284,17.461151716844974,False,"SnO2_Rpm=3500, Spiro_Oxid_Dur=6.00",3500.0,6.0,200.0,-0.5,0.1354425014602656,False,True
3700.0,6.5,15.526369295860487,0.9673912104922429,0.011661054163211865,16.49376050635273,17.422456068425284,17.461151716844974,False,"SnO2_Rpm=3500, Spiro_Oxid_Dur=6.00",3500.0,6.0,200.0,0.5,0.1354425014602656,False,True
3750.0,5.5,15.526369295860436,0.9673912104922429,0.011661054163210276,16.49376050635268,17.42245606842523,17.46115171684492,False,"SnO2_Rpm=4000, Spiro_Oxid_Dur=6.00",4000.0,6.0,-250.0,-0.5,0.16835875742536832,False,True
3750.0,6.5,15.526369295860436,0.9673912104922429,0.011661054163210276,16.49376050635268,17.42245606842523,17.46115171684492,False,"SnO2_Rpm=4000, Spiro_Oxid_Dur=6.00",4000.0,6.0,-250.0,0.5,0.16835875742536832,False,True
3800.0,5.5,15.526369295860375,0.9673912104922429,0.011661054163208374,16.49376050635262,17.42245606842517,17.46115171684486,False,"SnO2_Rpm=4000, Spiro_Oxid_Dur=6.00",4000.0,6.0,-200.0,-0.5,0.1354425014602656,False,True
3800.0,6.5,15.526369295860375,0.9673912104922429,0.011661054163208374,16.49376050635262,17.42245606842517,17.46115171684486,False,"SnO2_Rpm=4000, Spiro_Oxid_Dur=6.00",4000.0,6.0,-200.0,0.5,0.1354425014602656,False,True
3850.0,5.5,15.526369295860306,0.9673912104922429,0.011661054163206251,16.493760506352547,17.422456068425102,17.461151716844793,False,"SnO2_Rpm=4000, Spiro_Oxid_Dur=6.00",4000.0,6.0,-150.0,-0.5,0.10279539592820396,False,True
3850.0,6.5,15.526369295860306,0.9673912104922429,0.011661054163206251,16.493760506352547,17.422456068425102,17.461151716844793,False,"SnO2_Rpm=4000, Spiro_Oxid_Dur=6.00",4000.0,6.0,-150.0,0.5,0.10279539592820396,False,True
3900.0,5.5,15.52636929586023,0.9673912104922429,0.011661054163203892,16.493760506352473,17.422456068425024,17.461151716844714,False,"SnO2_Rpm=4000, Spiro_Oxid_Dur=6.00",4000.0,6.0,-100.0,-0.5,0.07079080355865933,False,True
3900.0,6.5,15.52636929586023,0.9673912104922429,0.011661054163203892,16.493760506352473,17.422456068425024,17.461151716844714,False,"SnO2_Rpm=4000, Spiro_Oxid_Dur=6.00",4000.0,6.0,-100.0,0.5,0.07079080355865934,False,True
3950.0,5.5,15.526369295860146,0.9673912104922429,0.01166105416320129,16.493760506352388,17.422456068424943,17.461151716844633,False,"SnO2_Rpm=4000, Spiro_Oxid_Dur=6.00",4000.0,6.0,-50.0,-0.5,0.040963453652583824,False,True
3950.0,6.5,15.526369295860146,0.9673912104922429,0.01166105416320129,16.493760506352388,17.422456068424943,17.461151716844633,False,"SnO2_Rpm=4000, Spiro_Oxid_Dur=6.00",4000.0,6.0,-50.0,0.5,0.04096345365258386,False,True
4000.0,5.5,15.526369295860054,0.9673912104922429,0.01166105416319841,16.493760506352295,17.42245606842485,17.46115171684454,False,"SnO2_Rpm=4000, Spiro_Oxid_Dur=6.00",4000.0,6.0,0.0,-0.5,0.02380952380952378,False,True
4000.0,6.5,15.526369295860054,0.9673912104922429,0.01166105416319841,16.493760506352295,17.42245606842485,17.46115171684454,False,"SnO2_Rpm=4000, Spiro_Oxid_Dur=6.00",4000.0,6.0,0.0,0.5,0.023809523809523836,False,True
4050.0,5.5,15.526369295859952,0.9673912104922429,0.011661054163195302,16.493760506352196,17.422456068424747,17.461151716844437,False,"SnO2_Rpm=4000, Spiro_Oxid_Dur=6.00",4000.0,6.0,50.0,-0.5,0.040963453652584185,False,True
4050.0,6.5,15.526369295859952,0.9673912104922429,0.011661054163195302,16.493760506352196,17.422456068424747,17.461151716844437,False,"SnO2_Rpm=4000, Spiro_Oxid_Dur=6.00",4000.0,6.0,50.0,0.5,0.04096345365258422,False,True
4100.0,5.5,15.526369295859846,0.9673912104922429,0.011661054163192006,16.49376050635209,17.42245606842464,17.46115171684433,False,"SnO2_Rpm=4000, Spiro_Oxid_Dur=6.00",4000.0,6.0,100.0,-0.5,0.07079080355865974,False,True
4100.0,6.5,15.526369295859846,0.9673912104922429,0.011661054163192006,16.49376050635209,17.42245606842464,17.46115171684433,False,"SnO2_Rpm=4000, Spiro_Oxid_Dur=6.00",4000.0,6.0,100.0,0.5,0.07079080355865976,False,True
4150.0,5.5,15.52636929585973,0.9673912104922429,0.011661054163188418,16.493760506351972,17.422456068424527,17.461151716844217,False,"SnO2_Rpm=4000, Spiro_Oxid_Dur=6.00",4000.0,6.0,150.0,-0.5,0.10279539592820437,False,True
4150.0,6.5,15.52636929585973,0.9673912104922429,0.011661054163188418,16.493760506351972,17.422456068424527,17.461151716844217,False,"SnO2_Rpm=4000, Spiro_Oxid_Dur=6.00",4000.0,6.0,150.0,0.5,0.10279539592820439,False,True
4200.0,5.5,15.526369295859606,0.9673912104922429,0.011661054163184546,16.493760506351848,17.422456068424403,17.461151716844093,False,"SnO2_Rpm=4250, Spiro_Oxid_Dur=3.00",4250.0,3.0,-50.0,2.5,0.12362623795949695,False,True
4200.0,6.5,15.526369295859606,0.9673912104922429,0.011661054163184546,16.493760506351848,17.422456068424403,17.461151716844093,False,"SnO2_Rpm=4000, Spiro_Oxid_Dur=6.00",4000.0,6.0,200.0,0.5,0.1354425014602656,False,True
4250.0,5.5,15.526369295859475,0.9673912104922429,0.011661054163180473,16.493760506351716,17.42245606842427,17.46115171684396,False,"SnO2_Rpm=4250, Spiro_Oxid_Dur=3.00",4250.0,3.0,0.0,2.5,0.11904761904761907,False,True
4250.0,6.5,15.526369295859475,0.9673912104922429,0.011661054163180473,16.493760506351716,17.42245606842427,17.46115171684396,False,"SnO2_Rpm=4250, Spiro_Oxid_Dur=3.00",4250.0,3.0,0.0,3.5,0.16666666666666669,False,True
4300.0,5.5,15.526369295859336,0.9673912104922429,0.011661054163176213,16.493760506351578,17.422456068424133,17.461151716843823,False,"SnO2_Rpm=4250, Spiro_Oxid_Dur=3.00",4250.0,3.0,50.0,2.5,0.12362623795949683,False,True
4300.0,6.5,15.526369295859336,0.9673912104922429,0.011661054163176213,16.493760506351578,17.422456068424133,17.461151716843823,False,"SnO2_Rpm=4500, Spiro_Oxid_Dur=6.00",4500.0,6.0,-200.0,0.5,0.1354425014602656,False,True
4350.0,5.5,15.526369295859189,0.9673912104922429,0.011661054163171633,16.493760506351432,17.422456068423983,17.461151716843673,False,"SnO2_Rpm=4500, Spiro_Oxid_Dur=6.00",4500.0,6.0,-150.0,-0.5,0.10279539592820437,False,True
4350.0,6.5,15.526369295859189,0.9673912104922429,0.011661054163171633,16.493760506351432,17.422456068423983,17.461151716843673,False,"SnO2_Rpm=4500, Spiro_Oxid_Dur=6.00",4500.0,6.0,-150.0,0.5,0.10279539592820439,False,True
4400.0,5.5,15.526369295859032,0.9673912104922429,0.011661054163166804,16.493760506351276,17.422456068423827,17.461151716843517,False,"SnO2_Rpm=4500, Spiro_Oxid_Dur=6.00",4500.0,6.0,-100.0,-0.5,0.07079080355865974,False,True
4400.0,6.5,15.526369295859032,0.9673912104922429,0.011661054163166804,16.493760506351276,17.422456068423827,17.461151716843517,False,"SnO2_Rpm=4500, Spiro_Oxid_Dur=6.00",4500.0,6.0,-100.0,0.5,0.07079080355865976,False,True
4450.0,5.5,15.52636929585887,0.9673912104922429,0.011661054163161787,16.493760506351112,17.422456068423667,17.461151716843357,False,"SnO2_Rpm=4500, Spiro_Oxid_Dur=6.00",4500.0,6.0,-50.0,-0.5,0.040963453652583824,False,True
4450.0,6.5,15.52636929585887,0.9673912104922429,0.011661054163161787,16.493760506351112,17.422456068423667,17.461151716843357,False,"SnO2_Rpm=4500, Spiro_Oxid_Dur=6.00",4500.0,6.0,-50.0,0.5,0.04096345365258386,False,True
4500.0,5.5,15.5263692958587,0.9673912104922429,0.011661054163156492,16.49376050635094,17.422456068423497,17.461151716843187,False,"SnO2_Rpm=4500, Spiro_Oxid_Dur=6.00",4500.0,6.0,0.0,-0.5,0.02380952380952378,False,True
4500.0,6.5,15.5263692958587,0.9673912104922429,0.011661054163156492,16.49376050635094,17.422456068423497,17.461151716843187,False,"SnO2_Rpm=4500, Spiro_Oxid_Dur=6.00",4500.0,6.0,0.0,0.5,0.023809523809523836,False,True
4550.0,5.5,15.52636929585852,0.9673912104922429,0.011661054163150969,16.493760506350764,17.422456068423315,17.461151716843005,False,"SnO2_Rpm=4500, Spiro_Oxid_Dur=6.00",4500.0,6.0,50.0,-0.5,0.040963453652583824,False,True
4550.0,6.5,15.52636929585852,0.9673912104922429,0.011661054163150969,16.493760506350764,17.422456068423315,17.461151716843005,False,"SnO2_Rpm=4500, Spiro_Oxid_Dur=6.00",4500.0,6.0,50.0,0.5,0.04096345365258386,False,True
4600.0,5.5,15.526369295858334,0.9673912104922429,0.01166105416314514,16.493760506350576,17.42245606842313,17.46115171684282,False,"SnO2_Rpm=4500, Spiro_Oxid_Dur=6.00",4500.0,6.0,100.0,-0.5,0.07079080355865974,False,True
4600.0,6.5,15.526369295858334,0.9673912104922429,0.01166105416314514,16.493760506350576,17.42245606842313,17.46115171684282,False,"SnO2_Rpm=4500, Spiro_Oxid_Dur=6.00",4500.0,6.0,100.0,0.5,0.07079080355865976,False,True
4650.0,5.5,15.52636929585814,0.9673912104922429,0.011661054163139152,16.493760506350384,17.422456068422935,17.461151716842625,False,"SnO2_Rpm=4500, Spiro_Oxid_Dur=6.00",4500.0,6.0,150.0,-0.5,0.10279539592820437,False,True
4650.0,6.5,15.52636929585814,0.9673912104922429,0.011661054163139152,16.493760506350384,17.422456068422935,17.461151716842625,False,"SnO2_Rpm=4500, Spiro_Oxid_Dur=6.00",4500.0,6.0,150.0,0.5,0.10279539592820439,False,True
4700.0,5.5,15.526369295857938,0.9673912104922429,0.011661054163132865,16.49376050635018,17.422456068422733,17.461151716842423,False,"SnO2_Rpm=4750, Spiro_Oxid_Dur=3.00",4750.0,3.0,-50.0,2.5,0.12362623795949683,False,True
4700.0,6.5,15.526369295857938,0.9673912104922429,0.011661054163132865,16.49376050635018,17.422456068422733,17.461151716842423,False,"SnO2_Rpm=4500, Spiro_Oxid_Dur=6.00",4500.0,6.0,200.0,0.5,0.1354425014602656,False,True
4750.0,5.5,15.526369295857727,0.9673912104922429,0.011661054163126329,16.493760506349968,17.422456068422523,17.461151716842213,False,"SnO2_Rpm=4750, Spiro_Oxid_Dur=3.00",4750.0,3.0,0.0,2.5,0.11904761904761907,False,True
4750.0,6.5,15.526369295857727,0.9673912104922429,0.011661054163126329,16.493760506349968,17.422456068422523,17.461151716842213,False,"SnO2_Rpm=4750, Spiro_Oxid_Dur=3.00",4750.0,3.0,0.0,3.5,0.16666666666666669,False,True
4800.0,5.5,15.52636929585751,0.9673912104922429,0.011661054163119605,16.49376050634975,17.422456068422306,17.461151716841997,False,"SnO2_Rpm=4750, Spiro_Oxid_Dur=3.00",4750.0,3.0,50.0,2.5,0.12362623795949695,False,True
4800.0,6.5,15.52636929585751,0.9673912104922429,0.011661054163119605,16.49376050634975,17.422456068422306,17.461151716841997,False,"SnO2_Rpm=5000, Spiro_Oxid_Dur=6.00",5000.0,6.0,-200.0,0.5,0.1354425014602656,False,True
4850.0,5.5,15.526369295857284,0.9673912104922429,0.01166105416311261,16.493760506349528,17.42245606842208,17.46115171684177,False,"SnO2_Rpm=5000, Spiro_Oxid_Dur=6.00",5000.0,6.0,-150.0,-0.5,0.10279539592820437,False,True
4850.0,6.5,15.526369295857284,0.9673912104922429,0.01166105416311261,16.493760506349528,17.42245606842208,17.46115171684177,False,"SnO2_Rpm=5000, Spiro_Oxid_Dur=6.00",5000.0,6.0,-150.0,0.5,0.10279539592820439,False,True
4900.0,5.5,15.52636929585705,0.9673912104922429,0.011661054163105346,16.493760506349293,17.422456068421845,17.461151716841535,False,"SnO2_Rpm=5000, Spiro_Oxid_Dur=6.00",5000.0,6.0,-100.0,-0.5,0.07079080355865974,False,True
4900.0,6.5,15.52636929585705,0.9673912104922429,0.011661054163105346,16.493760506349293,17.422456068421845,17.461151716841535,False,"SnO2_Rpm=5000, Spiro_Oxid_Dur=6.00",5000.0,6.0,-100.0,0.5,0.07079080355865976,False,True
4950.0,5.5,15.526369295856808,0.9673912104922429,0.011661054163097866,16.49376050634905,17.422456068421603,17.461151716841293,False,"SnO2_Rpm=5000, Spiro_Oxid_Dur=6.00",5000.0,6.0,-50.0,-0.5,0.040963453652584185,False,True
4950.0,6.5,15.526369295856808,0.9673912104922429,0.011661054163097866,16.49376050634905,17.422456068421603,17.461151716841293,False,"SnO2_Rpm=5000, Spiro_Oxid_Dur=6.00",5000.0,6.0,-50.0,0.5,0.04096345365258422,False,True
5000.0,5.5,15.52636929585656,0.9673912104922429,0.011661054163090198,16.493760506348803,17.422456068421354,17.461151716841044,False,"SnO2_Rpm=5000, Spiro_Oxid_Dur=6.00",5000.0,6.0,0.0,-0.5,0.02380952380952378,False,True
5000.0,6.5,15.52636929585656,0.9673912104922429,0.011661054163090198,16.493760506348803,17.422456068421354,17.461151716841044,False,"SnO2_Rpm=5000, Spiro_Oxid_Dur=6.00",5000.0,6.0,0.0,0.5,0.023809523809523836,False,True
4700.0,3.5,15.526368823587887,0.9673912104922597,0.011661039529343338,16.493760034080147,17.422455596152716,17.461151244572406,False,"SnO2_Rpm=4750, Spiro_Oxid_Dur=3.00",4750.0,3.0,-50.0,0.5,0.04096345365258384,False,True
4650.0,3.5,15.526368823587886,0.9673912104922597,0.011661039529343296,16.493760034080147,17.422455596152716,17.461151244572406,False,"SnO2_Rpm=4750, Spiro_Oxid_Dur=3.00",4750.0,3.0,-100.0,0.5,0.07079080355865933,False,True
4750.0,3.5,15.526368823587884,0.9673912104922597,0.011661039529343206,16.493760034080143,17.422455596152712,17.461151244572402,False,"SnO2_Rpm=4750, Spiro_Oxid_Dur=3.00",4750.0,3.0,0.0,0.5,0.023809523809523808,False,True
4600.0,3.5,15.526368823587882,0.9673912104922597,0.011661039529343206,16.493760034080143,17.422455596152712,17.461151244572402,False,"SnO2_Rpm=4500, Spiro_Oxid_Dur=3.00",4500.0,3.0,100.0,0.5,0.07079080355865974,False,True
4800.0,3.5,15.526368823587877,0.9673912104922597,0.011661039529342984,16.493760034080136,17.422455596152705,17.461151244572395,False,"SnO2_Rpm=4750, Spiro_Oxid_Dur=3.00",4750.0,3.0,50.0,0.5,0.0409634536525842,False,True
4550.0,3.5,15.526368823587875,0.9673912104922597,0.011661039529342922,16.493760034080136,17.422455596152705,17.461151244572395,False,"SnO2_Rpm=4500, Spiro_Oxid_Dur=3.00",4500.0,3.0,50.0,0.5,0.04096345365258384,False,True
4850.0,3.5,15.526368823587868,0.9673912104922597,0.011661039529342693,16.49376003408013,17.422455596152698,17.461151244572388,False,"SnO2_Rpm=4750, Spiro_Oxid_Dur=3.00",4750.0,3.0,100.0,0.5,0.07079080355865974,False,True
4500.0,3.5,15.526368823587863,0.9673912104922597,0.011661039529342582,16.493760034080122,17.42245559615269,17.46115124457238,False,"SnO2_Rpm=4500, Spiro_Oxid_Dur=3.00",4500.0,3.0,0.0,0.5,0.023809523809523808,False,True
4900.0,3.5,15.526368823587854,0.9673912104922597,0.011661039529342304,16.493760034080115,17.422455596152684,17.461151244572374,False,"SnO2_Rpm=4750, Spiro_Oxid_Dur=3.00",4750.0,3.0,150.0,0.5,0.10279539592820439,False,True
4450.0,3.5,15.526368823587848,0.9673912104922597,0.01166103952934213,16.493760034080108,17.422455596152677,17.461151244572367,False,"SnO2_Rpm=4500, Spiro_Oxid_Dur=3.00",4500.0,3.0,-50.0,0.5,0.04096345365258384,False,True
4950.0,3.5,15.526368823587836,0.9673912104922597,0.011661039529341728,16.493760034080097,17.422455596152666,17.461151244572356,False,"SnO2_Rpm=5000, Spiro_Oxid_Dur=6.00",5000.0,6.0,-50.0,-2.5,0.12362623795949694,False,True
4400.0,3.5,15.526368823587829,0.9673912104922597,0.01166103952934152,16.49376003408009,17.42245559615266,17.46115124457235,False,"SnO2_Rpm=4500, Spiro_Oxid_Dur=3.00",4500.0,3.0,-100.0,0.5,0.07079080355865974,False,True
5000.0,3.5,15.526368823587815,0.9673912104922597,0.011661039529341104,16.493760034080076,17.422455596152645,17.461151244572335,False,"SnO2_Rpm=5000, Spiro_Oxid_Dur=6.00",5000.0,6.0,0.0,-2.5,0.11904761904761904,False,True
4350.0,3.5,15.526368823587807,0.9673912104922597,0.011661039529340833,16.49376003408007,17.422455596152638,17.461151244572328,False,"SnO2_Rpm=4250, Spiro_Oxid_Dur=3.00",4250.0,3.0,100.0,0.5,0.07079080355865933,False,True
4300.0,3.5,15.52636882358778,0.9673912104922597,0.011661039529340049,16.49376003408004,17.42245559615261,17.4611512445723,False,"SnO2_Rpm=4250, Spiro_Oxid_Dur=3.00",4250.0,3.0,50.0,0.5,0.04096345365258384,False,True
4250.0,3.5,15.52636882358775,0.9673912104922597,0.01166103952933907,16.49376003408001,17.42245559615258,17.46115124457227,False,"SnO2_Rpm=4250, Spiro_Oxid_Dur=3.00",4250.0,3.0,0.0,0.5,0.023809523809523808,False,True
4200.0,3.5,15.526368823587719,0.9673912104922597,0.011661039529338106,16.49376003407998,17.42245559615255,17.46115124457224,False,"SnO2_Rpm=4250, Spiro_Oxid_Dur=3.00",4250.0,3.0,-50.0,0.5,0.0409634536525842,False,True
4150.0,3.5,15.526368823587681,0.9673912104922597,0.011661039529336947,16.49376003407994,17.42245559615251,17.4611512445722,False,"SnO2_Rpm=4250, Spiro_Oxid_Dur=3.00",4250.0,3.0,-100.0,0.5,0.07079080355865974,False,True
4100.0,3.5,15.52636882358764,0.9673912104922597,0.01166103952933572,16.4937600340799,17.42245559615247,17.46115124457216,False,"SnO2_Rpm=4250, Spiro_Oxid_Dur=3.00",4250.0,3.0,-150.0,0.5,0.10279539592820439,False,True
4050.0,3.5,15.526368823587596,0.9673912104922597,0.011661039529334324,16.493760034079855,17.422455596152425,17.461151244572115,False,"SnO2_Rpm=4000, Spiro_Oxid_Dur=6.00",4000.0,6.0,50.0,-2.5,0.12362623795949694,False,True
4000.0,3.5,15.52636882358755,0.9673912104922597,0.011661039529332881,16.49376003407981,17.42245559615238,17.46115124457207,False,"SnO2_Rpm=4000, Spiro_Oxid_Dur=6.00",4000.0,6.0,0.0,-2.5,0.11904761904761904,False,True
3950.0,3.5,15.526368823587498,0.9673912104922597,0.011661039529331313,16.49376003407976,17.42245559615233,17.46115124457202,False,"SnO2_Rpm=4000, Spiro_Oxid_Dur=6.00",4000.0,6.0,-50.0,-2.5,0.12362623795949682,False,True
3900.0,3.5,15.526368823587443,0.9673912104922597,0.011661039529329592,16.493760034079703,17.422455596152272,17.461151244571962,False,"SnO2_Rpm=4000, Spiro_Oxid_Dur=6.00",4000.0,6.0,-100.0,-2.5,0.13644332173232754,False,True
3850.0,3.5,15.526368823587385,0.9673912104922597,0.011661039529327774,16.493760034079646,17.422455596152215,17.461151244571905,False,"SnO2_Rpm=4000, Spiro_Oxid_Dur=6.00",4000.0,6.0,-150.0,-2.5,0.15547454968870938,False,True
3800.0,3.5,15.526368823587323,0.9673912104922597,0.011661039529325852,16.493760034079582,17.42245559615215,17.46115124457184,False,"SnO2_Rpm=4000, Spiro_Oxid_Dur=6.00",4000.0,6.0,-200.0,-2.5,0.17874594646784245,False,True
3750.0,3.5,15.526368823587257,0.9673912104922597,0.011661039529323805,16.493760034079518,17.422455596152087,17.461151244571777,False,"SnO2_Rpm=4000, Spiro_Oxid_Dur=6.00",4000.0,6.0,-250.0,-2.5,0.20481726826291954,False,True
3700.0,3.5,15.526368823587188,0.9673912104922597,0.011661039529321682,16.493760034079447,17.422455596152016,17.461151244571706,False,"SnO2_Rpm=3500, Spiro_Oxid_Dur=6.00",3500.0,6.0,200.0,-2.5,0.17874594646784245,False,True
3650.0,3.5,15.526368823587115,0.9673912104922597,0.011661039529319371,16.493760034079376,17.422455596151945,17.461151244571635,False,"SnO2_Rpm=3500, Spiro_Oxid_Dur=6.00",3500.0,6.0,150.0,-2.5,0.15547454968870938,False,True
3600.0,3.5,15.526368823587038,0.9673912104922597,0.011661039529317012,16.493760034079298,17.422455596151867,17.461151244571557,False,"SnO2_Rpm=3500, Spiro_Oxid_Dur=6.00",3500.0,6.0,100.0,-2.5,0.13644332173232754,False,True
3550.0,3.5,15.526368823586957,0.9673912104922597,0.011661039529314493,16.493760034079216,17.422455596151785,17.461151244571475,False,"SnO2_Rpm=3500, Spiro_Oxid_Dur=6.00",3500.0,6.0,50.0,-2.5,0.12362623795949682,False,True
3500.0,3.5,15.526368823586873,0.9673912104922597,0.011661039529311891,16.493760034079134,17.422455596151703,17.461151244571393,False,"SnO2_Rpm=3500, Spiro_Oxid_Dur=6.00",3500.0,6.0,0.0,-2.5,0.11904761904761904,False,True
4300.0,17.5,15.526368519242538,0.9673912104922429,0.011661030098885791,16.49375972973478,17.422455291807335,17.461150940227025,False,"SnO2_Rpm=4500, Spiro_Oxid_Dur=18.00",4500.0,18.0,-200.0,-0.5,0.1354425014602656,False,True
4300.0,18.5,15.526368519242538,0.9673912104922429,0.011661030098885791,16.49375972973478,17.422455291807335,17.461150940227025,False,"SnO2_Rpm=4500, Spiro_Oxid_Dur=18.00",4500.0,18.0,-200.0,0.5,0.1354425014602656,False,True
4350.0,17.5,15.526368519242538,0.9673912104922429,0.011661030098885791,16.49375972973478,17.422455291807335,17.461150940227025,False,"SnO2_Rpm=4500, Spiro_Oxid_Dur=18.00",4500.0,18.0,-150.0,-0.5,0.10279539592820437,False,True
4350.0,18.5,15.526368519242538,0.9673912104922429,0.011661030098885791,16.49375972973478,17.422455291807335,17.461150940227025,False,"SnO2_Rpm=4500, Spiro_Oxid_Dur=18.00",4500.0,18.0,-150.0,0.5,0.10279539592820439,False,True
4200.0,17.5,15.526368519242537,0.9673912104922429,0.011661030098885743,16.49375972973478,17.42245529180733,17.46115094022702,False,"SnO2_Rpm=4000, Spiro_Oxid_Dur=18.00",4000.0,18.0,200.0,-0.5,0.1354425014602656,False,True
4200.0,18.5,15.526368519242537,0.9673912104922429,0.011661030098885743,16.49375972973478,17.42245529180733,17.46115094022702,False,"SnO2_Rpm=4000, Spiro_Oxid_Dur=18.00",4000.0,18.0,200.0,0.5,0.1354425014602656,False,True
4250.0,17.5,15.526368519242537,0.9673912104922429,0.011661030098885743,16.49375972973478,17.42245529180733,17.46115094022702,False,"SnO2_Rpm=4500, Spiro_Oxid_Dur=18.00",4500.0,18.0,-250.0,-0.5,0.1683587574253683,False,True
4250.0,18.5,15.526368519242537,0.9673912104922429,0.011661030098885743,16.49375972973478,17.42245529180733,17.46115094022702,False,"SnO2_Rpm=4500, Spiro_Oxid_Dur=18.00",4500.0,18.0,-250.0,0.5,0.16835875742536832,False,True
4400.0,17.5,15.526368519242537,0.9673912104922429,0.011661030098885743,16.49375972973478,17.42245529180733,17.46115094022702,False,"SnO2_Rpm=4500, Spiro_Oxid_Dur=18.00",4500.0,18.0,-100.0,-0.5,0.07079080355865972,False,True
4400.0,18.5,15.526368519242537,0.9673912104922429,0.011661030098885743,16.49375972973478,17.42245529180733,17.46115094022702,False,"SnO2_Rpm=4500, Spiro_Oxid_Dur=18.00",4500.0,18.0,-100.0,0.5,0.07079080355865976,False,True
4450.0,17.5,15.526368519242535,0.9673912104922429,0.011661030098885708,16.493759729734776,17.42245529180733,17.46115094022702,False,"SnO2_Rpm=4500, Spiro_Oxid_Dur=18.00",4500.0,18.0,-50.0,-0.5,0.040963453652583796,False,True
4450.0,18.5,15.526368519242535,0.9673912104922429,0.011661030098885708,16.493759729734776,17.42245529180733,17.46115094022702,False,"SnO2_Rpm=4500, Spiro_Oxid_Dur=18.00",4500.0,18.0,-50.0,0.5,0.04096345365258386,False,True
4150.0,17.5,15.526368519242533,0.9673912104922429,0.011661030098885618,16.493759729734776,17.422455291807328,17.461150940227018,False,"SnO2_Rpm=4000, Spiro_Oxid_Dur=18.00",4000.0,18.0,150.0,-0.5,0.10279539592820437,False,True
4150.0,18.5,15.526368519242533,0.9673912104922429,0.011661030098885618,16.493759729734776,17.422455291807328,17.461150940227018,False,"SnO2_Rpm=4000, Spiro_Oxid_Dur=18.00",4000.0,18.0,150.0,0.5,0.10279539592820439,False,True
4500.0,17.5,15.526368519242531,0.9673912104922429,0.01166103009888557,16.493759729734773,17.422455291807328,17.461150940227018,False,"SnO2_Rpm=4500, Spiro_Oxid_Dur=18.00",4500.0,18.0,0.0,-0.5,0.023809523809523725,False,True
4500.0,18.5,15.526368519242531,0.9673912104922429,0.01166103009888557,16.493759729734773,17.422455291807328,17.461150940227018,False,"SnO2_Rpm=4500, Spiro_Oxid_Dur=18.00",4500.0,18.0,0.0,0.5,0.023809523809523836,False,True
4100.0,17.5,15.52636851924253,0.9673912104922429,0.011661030098885486,16.493759729734773,17.422455291807324,17.461150940227014,False,"SnO2_Rpm=4000, Spiro_Oxid_Dur=18.00",4000.0,18.0,100.0,-0.5,0.07079080355865972,False,True
4100.0,18.5,15.52636851924253,0.9673912104922429,0.011661030098885486,16.493759729734773,17.422455291807324,17.461150940227014,False,"SnO2_Rpm=4000, Spiro_Oxid_Dur=18.00",4000.0,18.0,100.0,0.5,0.07079080355865976,False,True
4550.0,17.5,15.526368519242528,0.9673912104922429,0.011661030098885458,16.49375972973477,17.422455291807324,17.461150940227014,False,"SnO2_Rpm=4500, Spiro_Oxid_Dur=18.00",4500.0,18.0,50.0,-0.5,0.040963453652583796,False,True
4550.0,18.5,15.526368519242528,0.9673912104922429,0.011661030098885458,16.49375972973477,17.422455291807324,17.461150940227014,False,"SnO2_Rpm=4500, Spiro_Oxid_Dur=18.00",4500.0,18.0,50.0,0.5,0.04096345365258386,False,True
4050.0,17.5,15.526368519242526,0.9673912104922429,0.011661030098885389,16.49375972973477,17.42245529180732,17.46115094022701,False,"SnO2_Rpm=4000, Spiro_Oxid_Dur=18.00",4000.0,18.0,50.0,-0.5,0.04096345365258415,False,True
4050.0,18.5,15.526368519242526,0.9673912104922429,0.011661030098885389,16.49375972973477,17.42245529180732,17.46115094022701,False,"SnO2_Rpm=4000, Spiro_Oxid_Dur=18.00",4000.0,18.0,50.0,0.5,0.04096345365258422,False,True
4600.0,17.5,15.526368519242524,0.9673912104922429,0.011661030098885347,16.493759729734766,17.42245529180732,17.46115094022701,False,"SnO2_Rpm=4500, Spiro_Oxid_Dur=18.00",4500.0,18.0,100.0,-0.5,0.07079080355865972,False,True
4600.0,18.5,15.526368519242524,0.9673912104922429,0.011661030098885347,16.493759729734766,17.42245529180732,17.46115094022701,False,"SnO2_Rpm=4500, Spiro_Oxid_Dur=18.00",4500.0,18.0,100.0,0.5,0.07079080355865976,False,True
4000.0,17.5,15.52636851924252,0.9673912104922429,0.011661030098885243,16.493759729734762,17.422455291807317,17.461150940227007,False,"SnO2_Rpm=4000, Spiro_Oxid_Dur=18.00",4000.0,18.0,0.0,-0.5,0.023809523809523725,False,True
4000.0,18.5,15.52636851924252,0.9673912104922429,0.011661030098885243,16.493759729734762,17.422455291807317,17.461150940227007,False,"SnO2_Rpm=4000, Spiro_Oxid_Dur=18.00",4000.0,18.0,0.0,0.5,0.023809523809523836,False,True
4650.0,17.5,15.526368519242519,0.9673912104922429,0.011661030098885208,16.493759729734762,17.422455291807314,17.461150940227004,False,"SnO2_Rpm=4500, Spiro_Oxid_Dur=18.00",4500.0,18.0,150.0,-0.5,0.10279539592820437,False,True
4650.0,18.5,15.526368519242519,0.9673912104922429,0.011661030098885208,16.493759729734762,17.422455291807314,17.461150940227004,False,"SnO2_Rpm=4500, Spiro_Oxid_Dur=18.00",4500.0,18.0,150.0,0.5,0.10279539592820439,False,True
3950.0,17.5,15.526368519242515,0.9673912104922429,0.011661030098885063,16.49375972973476,17.42245529180731,17.461150940227,False,"SnO2_Rpm=4000, Spiro_Oxid_Dur=18.00",4000.0,18.0,-50.0,-0.5,0.040963453652583796,False,True
3950.0,18.5,15.526368519242515,0.9673912104922429,0.011661030098885063,16.49375972973476,17.42245529180731,17.461150940227,False,"SnO2_Rpm=4000, Spiro_Oxid_Dur=18.00",4000.0,18.0,-50.0,0.5,0.04096345365258386,False,True
4700.0,17.5,15.526368519242512,0.9673912104922429,0.011661030098884938,16.493759729734755,17.422455291807307,17.461150940226997,False,"SnO2_Rpm=4500, Spiro_Oxid_Dur=18.00",4500.0,18.0,200.0,-0.5,0.1354425014602656,False,True
4700.0,18.5,15.526368519242512,0.9673912104922429,0.011661030098884938,16.493759729734755,17.422455291807307,17.461150940226997,False,"SnO2_Rpm=4500, Spiro_Oxid_Dur=18.00",4500.0,18.0,200.0,0.5,0.1354425014602656,False,True
3900.0,17.5,15.526368519242508,0.9673912104922429,0.011661030098884848,16.49375972973475,17.422455291807303,17.461150940226993,False,"SnO2_Rpm=4000, Spiro_Oxid_Dur=18.00",4000.0,18.0,-100.0,-0.5,0.0707908035586593,False,True
3900.0,18.5,15.526368519242508,0.9673912104922429,0.011661030098884848,16.49375972973475,17.422455291807303,17.461150940226993,False,"SnO2_Rpm=4000, Spiro_Oxid_Dur=18.00",4000.0,18.0,-100.0,0.5,0.07079080355865934,False,True
4750.0,17.5,15.526368519242505,0.9673912104922429,0.01166103009888475,16.493759729734748,17.4224552918073,17.46115094022699,False,"SnO2_Rpm=4500, Spiro_Oxid_Dur=18.00",4500.0,18.0,250.0,-0.5,0.1683587574253683,False,True
4750.0,18.5,15.526368519242505,0.9673912104922429,0.01166103009888475,16.493759729734748,17.4224552918073,17.46115094022699,False,"SnO2_Rpm=4500, Spiro_Oxid_Dur=18.00",4500.0,18.0,250.0,0.5,0.16835875742536832,False,True
3850.0,17.5,15.5263685192425,0.9673912104922429,0.011661030098884577,16.49375972973474,17.422455291807296,17.461150940226986,False,"SnO2_Rpm=4000, Spiro_Oxid_Dur=18.00",4000.0,18.0,-150.0,-0.5,0.10279539592820394,False,True
3850.0,18.5,15.5263685192425,0.9673912104922429,0.011661030098884577,16.49375972973474,17.422455291807296,17.461150940226986,False,"SnO2_Rpm=4000, Spiro_Oxid_Dur=18.00",4000.0,18.0,-150.0,0.5,0.10279539592820396,False,True
4800.0,17.5,15.526368519242496,0.9673912104922429,0.011661030098884452,16.493759729734737,17.422455291807292,17.461150940226982,False,"SnO2_Rpm=5000, Spiro_Oxid_Dur=18.00",5000.0,18.0,-200.0,-0.5,0.1354425014602656,False,True
4800.0,18.5,15.526368519242496,0.9673912104922429,0.011661030098884452,16.493759729734737,17.422455291807292,17.461150940226982,False,"SnO2_Rpm=5000, Spiro_Oxid_Dur=18.00",5000.0,18.0,-200.0,0.5,0.1354425014602656,False,True
3800.0,17.5,15.526368519242492,0.9673912104922429,0.011661030098884355,16.493759729734734,17.42245529180729,17.46115094022698,False,"SnO2_Rpm=4000, Spiro_Oxid_Dur=18.00",4000.0,18.0,-200.0,-0.5,0.1354425014602656,False,True
3800.0,18.5,15.526368519242492,0.9673912104922429,0.011661030098884355,16.493759729734734,17.42245529180729,17.46115094022698,False,"SnO2_Rpm=4000, Spiro_Oxid_Dur=18.00",4000.0,18.0,-200.0,0.5,0.1354425014602656,False,True
4850.0,17.5,15.526368519242487,0.9673912104922429,0.011661030098884202,16.49375972973473,17.42245529180728,17.461150940226972,False,"SnO2_Rpm=5000, Spiro_Oxid_Dur=18.00",5000.0,18.0,-150.0,-0.5,0.10279539592820437,False,True
4850.0,18.5,15.526368519242487,0.9673912104922429,0.011661030098884202,16.49375972973473,17.42245529180728,17.461150940226972,False,"SnO2_Rpm=5000, Spiro_Oxid_Dur=18.00",5000.0,18.0,-150.0,0.5,0.10279539592820439,False,True
3750.0,17.5,15.526368519242482,0.9673912104922429,0.01166103009888405,16.493759729734723,17.422455291807278,17.46115094022697,False,"SnO2_Rpm=3500, Spiro_Oxid_Dur=18.00",3500.0,18.0,250.0,-0.5,0.1683587574253683,False,True
3750.0,18.5,15.526368519242482,0.9673912104922429,0.01166103009888405,16.493759729734723,17.422455291807278,17.46115094022697,False,"SnO2_Rpm=3500, Spiro_Oxid_Dur=18.00",3500.0,18.0,250.0,0.5,0.16835875742536832,False,True
4900.0,17.5,15.526368519242478,0.9673912104922429,0.011661030098883904,16.49375972973472,17.422455291807275,17.461150940226965,False,"SnO2_Rpm=5000, Spiro_Oxid_Dur=18.00",5000.0,18.0,-100.0,-0.5,0.07079080355865972,False,True
4900.0,18.5,15.526368519242478,0.9673912104922429,0.011661030098883904,16.49375972973472,17.422455291807275,17.461150940226965,False,"SnO2_Rpm=5000, Spiro_Oxid_Dur=18.00",5000.0,18.0,-100.0,0.5,0.07079080355865976,False,True
3700.0,17.5,15.526368519242471,0.9673912104922429,0.011661030098883696,16.493759729734712,17.422455291807267,17.461150940226958,False,"SnO2_Rpm=3500, Spiro_Oxid_Dur=18.00",3500.0,18.0,200.0,-0.5,0.1354425014602656,False,True
3700.0,18.5,15.526368519242471,0.9673912104922429,0.011661030098883696,16.493759729734712,17.422455291807267,17.461150940226958,False,"SnO2_Rpm=3500, Spiro_Oxid_Dur=18.00",3500.0,18.0,200.0,0.5,0.1354425014602656,False,True
4950.0,17.5,15.526368519242467,0.9673912104922429,0.011661030098883592,16.49375972973471,17.422455291807264,17.461150940226954,False,"SnO2_Rpm=5000, Spiro_Oxid_Dur=18.00",5000.0,18.0,-50.0,-0.5,0.04096345365258415,False,True
4950.0,18.5,15.526368519242467,0.9673912104922429,0.011661030098883592,16.49375972973471,17.422455291807264,17.461150940226954,False,"SnO2_Rpm=5000, Spiro_Oxid_Dur=18.00",5000.0,18.0,-50.0,0.5,0.04096345365258422,False,True
3650.0,17.5,15.52636851924246,0.9673912104922429,0.011661030098883363,16.493759729734702,17.422455291807257,17.461150940226947,False,"SnO2_Rpm=3500, Spiro_Oxid_Dur=18.00",3500.0,18.0,150.0,-0.5,0.10279539592820394,False,True
3650.0,18.5,15.52636851924246,0.9673912104922429,0.011661030098883363,16.493759729734702,17.422455291807257,17.461150940226947,False,"SnO2_Rpm=3500, Spiro_Oxid_Dur=18.00",3500.0,18.0,150.0,0.5,0.10279539592820396,False,True
5000.0,17.5,15.526368519242455,0.9673912104922429,0.011661030098883196,16.4937597297347,17.42245529180725,17.46115094022694,False,"SnO2_Rpm=5000, Spiro_Oxid_Dur=18.00",5000.0,18.0,0.0,-0.5,0.023809523809523725,False,True
5000.0,18.5,15.526368519242455,0.9673912104922429,0.011661030098883196,16.4937597297347,17.42245529180725,17.46115094022694,False,"SnO2_Rpm=5000, Spiro_Oxid_Dur=18.00",5000.0,18.0,0.0,0.5,0.023809523809523836,False,True
3600.0,17.5,15.526368519242448,0.9673912104922429,0.011661030098883002,16.49375972973469,17.422455291807243,17.461150940226933,False,"SnO2_Rpm=3500, Spiro_Oxid_Dur=18.00",3500.0,18.0,100.0,-0.5,0.0707908035586593,False,True
3600.0,18.5,15.526368519242448,0.9673912104922429,0.011661030098883002,16.49375972973469,17.422455291807243,17.461150940226933,False,"SnO2_Rpm=3500, Spiro_Oxid_Dur=18.00",3500.0,18.0,100.0,0.5,0.07079080355865934,False,True
3550.0,17.5,15.526368519242435,0.9673912104922429,0.0116610300988826,16.493759729734677,17.422455291807232,17.461150940226922,False,"SnO2_Rpm=3500, Spiro_Oxid_Dur=18.00",3500.0,18.0,50.0,-0.5,0.040963453652583796,False,True
3550.0,18.5,15.526368519242435,0.9673912104922429,0.0116610300988826,16.493759729734677,17.422455291807232,17.461150940226922,False,"SnO2_Rpm=3500, Spiro_Oxid_Dur=18.00",3500.0,18.0,50.0,0.5,0.04096345365258386,False,True
3500.0,17.5,15.526368519242421,0.9673912104922429,0.011661030098882141,16.493759729734663,17.422455291807218,17.461150940226908,False,"SnO2_Rpm=3500, Spiro_Oxid_Dur=18.00",3500.0,18.0,0.0,-0.5,0.023809523809523725,False,True
3500.0,18.5,15.526368519242421,0.9673912104922429,0.011661030098882141,16.493759729734663,17.422455291807218,17.461150940226908,False,"SnO2_Rpm=3500, Spiro_Oxid_Dur=18.00",3500.0,18.0,0.0,0.5,0.023809523809523836,False,True
3500.0,4.0,15.52636842105263,0.9673912104924576,0.011661027056386053,16.49375963154509,17.422455193617846,17.461150842037547,False,"SnO2_Rpm=3500, Spiro_Oxid_Dur=6.00",3500.0,6.0,0.0,-2.0,0.09523809523809523,False,True
3500.0,4.5,15.52636842105263,0.9673912104924576,0.011661027056386053,16.49375963154509,17.422455193617846,17.461150842037547,False,"SnO2_Rpm=3500, Spiro_Oxid_Dur=6.00",3500.0,6.0,0.0,-1.5,0.07142857142857142,False,True
3500.0,5.0,15.52636842105263,0.9673912104924576,0.011661027056386053,16.49375963154509,17.422455193617846,17.461150842037547,False,"SnO2_Rpm=3500, Spiro_Oxid_Dur=6.00",3500.0,6.0,0.0,-1.0,0.047619047619047616,False,True
3500.0,7.0,15.52636842105263,0.9673912104924576,0.011661027056386053,16.49375963154509,17.422455193617846,17.461150842037547,False,"SnO2_Rpm=3500, Spiro_Oxid_Dur=6.00",3500.0,6.0,0.0,1.0,0.047619047619047616,False,True
3500.0,7.5,15.52636842105263,0.9673912104924576,0.011661027056386053,16.49375963154509,17.422455193617846,17.461150842037547,False,"SnO2_Rpm=3500, Spiro_Oxid_Dur=6.00",3500.0,6.0,0.0,1.5,0.07142857142857145,False,True
3500.0,8.0,15.52636842105263,0.9673912104924576,0.011661027056386053,16.49375963154509,17.422455193617846,17.461150842037547,False,"SnO2_Rpm=3500, Spiro_Oxid_Dur=6.00",3500.0,6.0,0.0,2.0,0.09523809523809523,False,True
3500.0,8.5,15.52636842105263,0.9673912104924576,0.011661027056386053,16.49375963154509,17.422455193617846,17.461150842037547,False,"SnO2_Rpm=3500, Spiro_Oxid_Dur=6.00",3500.0,6.0,0.0,2.5,0.11904761904761907,False,True
3500.0,9.0,15.52636842105263,0.9673912104924576,0.011661027056386053,16.49375963154509,17.422455193617846,17.461150842037547,False,"SnO2_Rpm=3500, Spiro_Oxid_Dur=6.00",3500.0,6.0,0.0,3.0,0.14285714285714285,False,True
3500.0,9.5,15.52636842105263,0.9673912104924576,0.011661027056386053,16.49375963154509,17.422455193617846,17.461150842037547,False,"SnO2_Rpm=3500, Spiro_Oxid_Dur=12.00",3500.0,12.0,0.0,-2.5,0.11904761904761901,False,True
3500.0,10.0,15.52636842105263,0.9673912104924576,0.011661027056386053,16.49375963154509,17.422455193617846,17.461150842037547,False,"SnO2_Rpm=3500, Spiro_Oxid_Dur=12.00",3500.0,12.0,0.0,-2.0,0.09523809523809523,False,True
3500.0,10.5,15.52636842105263,0.9673912104924576,0.011661027056386053,16.49375963154509,17.422455193617846,17.461150842037547,False,"SnO2_Rpm=3500, Spiro_Oxid_Dur=12.00",3500.0,12.0,0.0,-1.5,0.0714285714285714,False,True
3500.0,11.0,15.52636842105263,0.9673912104924576,0.011661027056386053,16.49375963154509,17.422455193617846,17.461150842037547,False,"SnO2_Rpm=3500, Spiro_Oxid_Dur=12.00",3500.0,12.0,0.0,-1.0,0.04761904761904756,False,True
3500.0,13.0,15.52636842105263,0.9673912104924576,0.011661027056386053,16.49375963154509,17.422455193617846,17.461150842037547,False,"SnO2_Rpm=3500, Spiro_Oxid_Dur=12.00",3500.0,12.0,0.0,1.0,0.04761904761904767,False,True
3500.0,13.5,15.52636842105263,0.9673912104924576,0.011661027056386053,16.49375963154509,17.422455193617846,17.461150842037547,False,"SnO2_Rpm=3500, Spiro_Oxid_Dur=12.00",3500.0,12.0,0.0,1.5,0.07142857142857151,False,True
3500.0,14.0,15.52636842105263,0.9673912104924576,0.011661027056386053,16.49375963154509,17.422455193617846,17.461150842037547,False,"SnO2_Rpm=3500, Spiro_Oxid_Dur=12.00",3500.0,12.0,0.0,2.0,0.09523809523809523,False,True
3500.0,14.5,15.52636842105263,0.9673912104924576,0.011661027056386053,16.49375963154509,17.422455193617846,17.461150842037547,False,"SnO2_Rpm=3500, Spiro_Oxid_Dur=12.00",3500.0,12.0,0.0,2.5,0.11904761904761907,False,True
3500.0,15.0,15.52636842105263,0.9673912104924576,0.011661027056386053,16.49375963154509,17.422455193617846,17.461150842037547,False,"SnO2_Rpm=3500, Spiro_Oxid_Dur=18.00",3500.0,18.0,0.0,-3.0,0.1428571428571428,False,True
3500.0,15.5,15.52636842105263,0.9673912104924576,0.011661027056386053,16.49375963154509,17.422455193617846,17.461150842037547,False,"SnO2_Rpm=3500, Spiro_Oxid_Dur=18.00",3500.0,18.0,0.0,-2.5,0.11904761904761896,False,True
3500.0,16.0,15.52636842105263,0.9673912104924576,0.011661027056386053,16.49375963154509,17.422455193617846,17.461150842037547,False,"SnO2_Rpm=3500, Spiro_Oxid_Dur=18.00",3500.0,18.0,0.0,-2.0,0.09523809523809523,False,True
3500.0,16.5,15.52636842105263,0.9673912104924576,0.011661027056386053,16.49375963154509,17.422455193617846,17.461150842037547,False,"SnO2_Rpm=3500, Spiro_Oxid_Dur=18.00",3500.0,18.0,0.0,-1.5,0.0714285714285714,False,True
3500.0,17.0,15.52636842105263,0.9673912104924576,0.011661027056386053,16.49375963154509,17.422455193617846,17.461150842037547,False,"SnO2_Rpm=3500, Spiro_Oxid_Dur=18.00",3500.0,18.0,0.0,-1.0,0.04761904761904756,False,True
3500.0,19.0,15.52636842105263,0.9673912104924576,0.011661027056386053,16.49375963154509,17.422455193617846,17.461150842037547,False,"SnO2_Rpm=3500, Spiro_Oxid_Dur=18.00",3500.0,18.0,0.0,1.0,0.04761904761904767,False,True
3500.0,19.5,15.52636842105263,0.9673912104924576,0.011661027056386053,16.49375963154509,17.422455193617846,17.461150842037547,False,"SnO2_Rpm=3500, Spiro_Oxid_Dur=18.00",3500.0,18.0,0.0,1.5,0.07142857142857151,False,True
3500.0,20.0,15.52636842105263,0.9673912104924576,0.011661027056386053,16.49375963154509,17.422455193617846,17.461150842037547,False,"SnO2_Rpm=3500, Spiro_Oxid_Dur=18.00",3500.0,18.0,0.0,2.0,0.09523809523809523,False,True
3500.0,20.5,15.52636842105263,0.9673912104924576,0.011661027056386053,16.49375963154509,17.422455193617846,17.461150842037547,False,"SnO2_Rpm=3500, Spiro_Oxid_Dur=18.00",3500.0,18.0,0.0,2.5,0.11904761904761907,False,True
3500.0,21.0,15.52636842105263,0.9673912104924576,0.011661027056386053,16.49375963154509,17.422455193617846,17.461150842037547,False,"SnO2_Rpm=3500, Spiro_Oxid_Dur=24.00",3500.0,24.0,0.0,-3.0,0.1428571428571428,False,True
3500.0,21.5,15.52636842105263,0.9673912104924576,0.011661027056386053,16.49375963154509,17.422455193617846,17.461150842037547,False,"SnO2_Rpm=3500, Spiro_Oxid_Dur=24.00",3500.0,24.0,0.0,-2.5,0.11904761904761907,False,True
3500.0,22.0,15.52636842105263,0.9673912104924576,0.011661027056386053,16.49375963154509,17.422455193617846,17.461150842037547,False,"SnO2_Rpm=3500, Spiro_Oxid_Dur=24.00",3500.0,24.0,0.0,-2.0,0.09523809523809512,False,True
3500.0,22.5,15.52636842105263,0.9673912104924576,0.011661027056386053,16.49375963154509,17.422455193617846,17.461150842037547,False,"SnO2_Rpm=3500, Spiro_Oxid_Dur=24.00",3500.0,24.0,0.0,-1.5,0.0714285714285714,False,True
3500.0,23.0,15.52636842105263,0.9673912104924576,0.011661027056386053,16.49375963154509,17.422455193617846,17.461150842037547,False,"SnO2_Rpm=3500, Spiro_Oxid_Dur=24.00",3500.0,24.0,0.0,-1.0,0.04761904761904745,False,True
3550.0,4.0,15.52636842105263,0.9673912104924576,0.011661027056386053,16.49375963154509,17.422455193617846,17.461150842037547,False,"SnO2_Rpm=3500, Spiro_Oxid_Dur=6.00",3500.0,6.0,50.0,-2.0,0.10090295285912895,False,True
3550.0,4.5,15.52636842105263,0.9673912104924576,0.011661027056386053,16.49375963154509,17.422455193617846,17.461150842037547,False,"SnO2_Rpm=3500, Spiro_Oxid_Dur=6.00",3500.0,6.0,50.0,-1.5,0.07882354932022304,False,True
3550.0,5.0,15.52636842105263,0.9673912104924576,0.011661027056386053,16.49375963154509,17.422455193617846,17.461150842037547,False,"SnO2_Rpm=3500, Spiro_Oxid_Dur=6.00",3500.0,6.0,50.0,-1.0,0.058126455313017564,False,True
3550.0,7.0,15.52636842105263,0.9673912104924576,0.011661027056386053,16.49375963154509,17.422455193617846,17.461150842037547,False,"SnO2_Rpm=3500, Spiro_Oxid_Dur=6.00",3500.0,6.0,50.0,1.0,0.058126455313017564,False,True
3550.0,7.5,15.52636842105263,0.9673912104924576,0.011661027056386053,16.49375963154509,17.422455193617846,17.461150842037547,False,"SnO2_Rpm=3500, Spiro_Oxid_Dur=6.00",3500.0,6.0,50.0,1.5,0.07882354932022306,False,True
3550.0,8.0,15.52636842105263,0.9673912104924576,0.011661027056386053,16.49375963154509,17.422455193617846,17.461150842037547,False,"SnO2_Rpm=3500, Spiro_Oxid_Dur=6.00",3500.0,6.0,50.0,2.0,0.10090295285912895,False,True
3550.0,8.5,15.52636842105263,0.9673912104924576,0.011661027056386053,16.49375963154509,17.422455193617846,17.461150842037547,False,"SnO2_Rpm=3500, Spiro_Oxid_Dur=6.00",3500.0,6.0,50.0,2.5,0.12362623795949683,False,True
3550.0,9.0,15.52636842105263,0.9673912104924576,0.011661027056386053,16.49375963154509,17.422455193617846,17.461150842037547,False,"SnO2_Rpm=3500, Spiro_Oxid_Dur=6.00",3500.0,6.0,50.0,3.0,0.1466944933404701,False,True
3550.0,9.5,15.52636842105263,0.9673912104924576,0.011661027056386053,16.49375963154509,17.422455193617846,17.461150842037547,False,"SnO2_Rpm=3500, Spiro_Oxid_Dur=12.00",3500.0,12.0,50.0,-2.5,0.12362623795949679,False,True
3550.0,10.0,15.52636842105263,0.9673912104924576,0.011661027056386053,16.49375963154509,17.422455193617846,17.461150842037547,False,"SnO2_Rpm=3500, Spiro_Oxid_Dur=12.00",3500.0,12.0,50.0,-2.0,0.10090295285912895,False,True
3550.0,10.5,15.52636842105263,0.9673912104924576,0.011661027056386053,16.49375963154509,17.422455193617846,17.461150842037547,False,"SnO2_Rpm=3500, Spiro_Oxid_Dur=12.00",3500.0,12.0,50.0,-1.5,0.07882354932022301,False,True
3550.0,11.0,15.52636842105263,0.9673912104924576,0.011661027056386053,16.49375963154509,17.422455193617846,17.461150842037547,False,"SnO2_Rpm=3500, Spiro_Oxid_Dur=12.00",3500.0,12.0,50.0,-1.0,0.05812645531301752,False,True
3550.0,13.0,15.52636842105263,0.9673912104924576,0.011661027056386053,16.49375963154509,17.422455193617846,17.461150842037547,False,"SnO2_Rpm=3500, Spiro_Oxid_Dur=12.00",3500.0,12.0,50.0,1.0,0.05812645531301761,False,True
3550.0,13.5,15.52636842105263,0.9673912104924576,0.011661027056386053,16.49375963154509,17.422455193617846,17.461150842037547,False,"SnO2_Rpm=3500, Spiro_Oxid_Dur=12.00",3500.0,12.0,50.0,1.5,0.07882354932022312,False,True
3550.0,14.0,15.52636842105263,0.9673912104924576,0.011661027056386053,16.49375963154509,17.422455193617846,17.461150842037547,False,"SnO2_Rpm=3500, Spiro_Oxid_Dur=12.00",3500.0,12.0,50.0,2.0,0.10090295285912895,False,True
3550.0,14.5,15.52636842105263,0.9673912104924576,0.011661027056386053,16.49375963154509,17.422455193617846,17.461150842037547,False,"SnO2_Rpm=3500, Spiro_Oxid_Dur=12.00",3500.0,12.0,50.0,2.5,0.12362623795949683,False,True
3550.0,15.0,15.52636842105263,0.9673912104924576,0.011661027056386053,16.49375963154509,17.422455193617846,17.461150842037547,False,"SnO2_Rpm=3500, Spiro_Oxid_Dur=18.00",3500.0,18.0,50.0,-3.0,0.14669449334047005,False,True
3550.0,15.5,15.52636842105263,0.9673912104924576,0.011661027056386053,16.49375963154509,17.422455193617846,17.461150842037547,False,"SnO2_Rpm=3500, Spiro_Oxid_Dur=18.00",3500.0,18.0,50.0,-2.5,0.12362623795949673,False,True
3550.0,16.0,15.52636842105263,0.9673912104924576,0.011661027056386053,16.49375963154509,17.422455193617846,17.461150842037547,False,"SnO2_Rpm=3500, Spiro_Oxid_Dur=18.00",3500.0,18.0,50.0,-2.0,0.10090295285912895,False,True
3550.0,16.5,15.52636842105263,0.9673912104924576,0.011661027056386053,16.49375963154509,17.422455193617846,17.461150842037547,False,"SnO2_Rpm=3500, Spiro_Oxid_Dur=18.00",3500.0,18.0,50.0,-1.5,0.07882354932022301,False,True
3550.0,17.0,15.52636842105263,0.9673912104924576,0.011661027056386053,16.49375963154509,17.422455193617846,17.461150842037547,False,"SnO2_Rpm=3500, Spiro_Oxid_Dur=18.00",3500.0,18.0,50.0,-1.0,0.05812645531301752,False,True
3550.0,19.0,15.52636842105263,0.9673912104924576,0.011661027056386053,16.49375963154509,17.422455193617846,17.461150842037547,False,"SnO2_Rpm=3500, Spiro_Oxid_Dur=18.00",3500.0,18.0,50.0,1.0,0.05812645531301761,False,True
3550.0,19.5,15.52636842105263,0.9673912104924576,0.011661027056386053,16.49375963154509,17.422455193617846,17.461150842037547,False,"SnO2_Rpm=3500, Spiro_Oxid_Dur=18.00",3500.0,18.0,50.0,1.5,0.07882354932022312,False,True
3550.0,20.0,15.52636842105263,0.9673912104924576,0.011661027056386053,16.49375963154509,17.422455193617846,17.461150842037547,False,"SnO2_Rpm=3500, Spiro_Oxid_Dur=18.00",3500.0,18.0,50.0,2.0,0.10090295285912895,False,True
3550.0,20.5,15.52636842105263,0.9673912104924576,0.011661027056386053,16.49375963154509,17.422455193617846,17.461150842037547,False,"SnO2_Rpm=3500, Spiro_Oxid_Dur=18.00",3500.0,18.0,50.0,2.5,0.12362623795949683,False,True
3550.0,21.0,15.52636842105263,0.9673912104924576,0.011661027056386053,16.49375963154509,17.422455193617846,17.461150842037547,False,"SnO2_Rpm=3500, Spiro_Oxid_Dur=24.00",3500.0,24.0,50.0,-3.0,0.14669449334047005,False,True
3550.0,21.5,15.52636842105263,0.9673912104924576,0.011661027056386053,16.49375963154509,17.422455193617846,17.461150842037547,False,"SnO2_Rpm=3500, Spiro_Oxid_Dur=24.00",3500.0,24.0,50.0,-2.5,0.12362623795949683,False,True
3550.0,22.0,15.52636842105263,0.9673912104924576,0.011661027056386053,16.49375963154509,17.422455193617846,17.461150842037547,False,"SnO2_Rpm=3500, Spiro_Oxid_Dur=24.00",3500.0,24.0,50.0,-2.0,0.10090295285912886,False,True
3550.0,22.5,15.52636842105263,0.9673912104924576,0.011661027056386053,16.49375963154509,17.422455193617846,17.461150842037547,False,"SnO2_Rpm=3500, Spiro_Oxid_Dur=24.00",3500.0,24.0,50.0,-1.5,0.07882354932022301,False,True
3550.0,23.0,15.52636842105263,0.9673912104924576,0.011661027056386053,16.49375963154509,17.422455193617846,17.461150842037547,False,"SnO2_Rpm=3500, Spiro_Oxid_Dur=24.00",3500.0,24.0,50.0,-1.0,0.05812645531301743,False,True
3600.0,4.0,15.52636842105263,0.9673912104924576,0.011661027056386053,16.49375963154509,17.422455193617846,17.461150842037547,False,"SnO2_Rpm=3500, Spiro_Oxid_Dur=6.00",3500.0,6.0,100.0,-2.0,0.11625291062603513,False,True
3600.0,4.5,15.52636842105263,0.9673912104924576,0.011661027056386053,16.49375963154509,17.422455193617846,17.461150842037547,False,"SnO2_Rpm=3500, Spiro_Oxid_Dur=6.00",3500.0,6.0,100.0,-1.5,0.09770611680325313,False,True
3600.0,5.0,15.52636842105263,0.9673912104924576,0.011661027056386053,16.49375963154509,17.422455193617846,17.461150842037547,False,"SnO2_Rpm=3500, Spiro_Oxid_Dur=6.00",3500.0,6.0,100.0,-1.0,0.08192690730516768,False,True
3600.0,7.0,15.52636842105263,0.9673912104924576,0.011661027056386053,16.49375963154509,17.422455193617846,17.461150842037547,False,"SnO2_Rpm=3500, Spiro_Oxid_Dur=6.00",3500.0,6.0,100.0,1.0,0.08192690730516768,False,True
3600.0,7.5,15.52636842105263,0.9673912104924576,0.011661027056386053,16.49375963154509,17.422455193617846,17.461150842037547,False,"SnO2_Rpm=3500, Spiro_Oxid_Dur=6.00",3500.0,6.0,100.0,1.5,0.09770611680325314,False,True
3600.0,8.0,15.52636842105263,0.9673912104924576,0.011661027056386053,16.49375963154509,17.422455193617846,17.461150842037547,False,"SnO2_Rpm=3500, Spiro_Oxid_Dur=6.00",3500.0,6.0,100.0,2.0,0.11625291062603513,False,True
3600.0,8.5,15.52636842105263,0.9673912104924576,0.011661027056386053,16.49375963154509,17.422455193617846,17.461150842037547,False,"SnO2_Rpm=3500, Spiro_Oxid_Dur=6.00",3500.0,6.0,100.0,2.5,0.13644332173232754,False,True
3600.0,9.0,15.52636842105263,0.9673912104924576,0.011661027056386053,16.49375963154509,17.422455193617846,17.461150842037547,False,"SnO2_Rpm=3500, Spiro_Oxid_Dur=6.00",3500.0,6.0,100.0,3.0,0.15764709864044607,False,True
3600.0,9.5,15.52636842105263,0.9673912104924576,0.011661027056386053,16.49375963154509,17.422455193617846,17.461150842037547,False,"SnO2_Rpm=3500, Spiro_Oxid_Dur=12.00",3500.0,12.0,100.0,-2.5,0.1364433217323275,False,True
3600.0,10.0,15.52636842105263,0.9673912104924576,0.011661027056386053,16.49375963154509,17.422455193617846,17.461150842037547,False,"SnO2_Rpm=3500, Spiro_Oxid_Dur=12.00",3500.0,12.0,100.0,-2.0,0.11625291062603513,False,True
3600.0,10.5,15.52636842105263,0.9673912104924576,0.011661027056386053,16.49375963154509,17.422455193617846,17.461150842037547,False,"SnO2_Rpm=3500, Spiro_Oxid_Dur=12.00",3500.0,12.0,100.0,-1.5,0.09770611680325311,False,True
3600.0,11.0,15.52636842105263,0.9673912104924576,0.011661027056386053,16.49375963154509,17.422455193617846,17.461150842037547,False,"SnO2_Rpm=3500, Spiro_Oxid_Dur=12.00",3500.0,12.0,100.0,-1.0,0.08192690730516765,False,True
3600.0,13.0,15.52636842105263,0.9673912104924576,0.011661027056386053,16.49375963154509,17.422455193617846,17.461150842037547,False,"SnO2_Rpm=3500, Spiro_Oxid_Dur=12.00",3500.0,12.0,100.0,1.0,0.08192690730516772,False,True
3600.0,13.5,15.52636842105263,0.9673912104924576,0.011661027056386053,16.49375963154509,17.422455193617846,17.461150842037547,False,"SnO2_Rpm=3500, Spiro_Oxid_Dur=12.00",3500.0,12.0,100.0,1.5,0.0977061168032532,False,True
3600.0,14.0,15.52636842105263,0.9673912104924576,0.011661027056386053,16.49375963154509,17.422455193617846,17.461150842037547,False,"SnO2_Rpm=3500, Spiro_Oxid_Dur=12.00",3500.0,12.0,100.0,2.0,0.11625291062603513,False,True
3600.0,14.5,15.52636842105263,0.9673912104924576,0.011661027056386053,16.49375963154509,17.422455193617846,17.461150842037547,False,"SnO2_Rpm=3500, Spiro_Oxid_Dur=12.00",3500.0,12.0,100.0,2.5,0.13644332173232754,False,True
3600.0,15.0,15.52636842105263,0.9673912104924576,0.011661027056386053,16.49375963154509,17.422455193617846,17.461150842037547,False,"SnO2_Rpm=3500, Spiro_Oxid_Dur=18.00",3500.0,18.0,100.0,-3.0,0.15764709864044602,False,True
3600.0,15.5,15.52636842105263,0.9673912104924576,0.011661027056386053,16.49375963154509,17.422455193617846,17.461150842037547,False,"SnO2_Rpm=3500, Spiro_Oxid_Dur=18.00",3500.0,18.0,100.0,-2.5,0.13644332173232745,False,True
3600.0,16.0,15.52636842105263,0.9673912104924576,0.011661027056386053,16.49375963154509,17.422455193617846,17.461150842037547,False,"SnO2_Rpm=3500, Spiro_Oxid_Dur=18.00",3500.0,18.0,100.0,-2.0,0.11625291062603513,False,True
3600.0,16.5,15.52636842105263,0.9673912104924576,0.011661027056386053,16.49375963154509,17.422455193617846,17.461150842037547,False,"SnO2_Rpm=3500, Spiro_Oxid_Dur=18.00",3500.0,18.0,100.0,-1.5,0.09770611680325311,False,True
3600.0,17.0,15.52636842105263,0.9673912104924576,0.011661027056386053,16.49375963154509,17.422455193617846,17.461150842037547,False,"SnO2_Rpm=3500, Spiro_Oxid_Dur=18.00",3500.0,18.0,100.0,-1.0,0.08192690730516765,False,True
3600.0,19.0,15.52636842105263,0.9673912104924576,0.011661027056386053,16.49375963154509,17.422455193617846,17.461150842037547,False,"SnO2_Rpm=3500, Spiro_Oxid_Dur=18.00",3500.0,18.0,100.0,1.0,0.08192690730516772,False,True
3600.0,19.5,15.52636842105263,0.9673912104924576,0.011661027056386053,16.49375963154509,17.422455193617846,17.461150842037547,False,"SnO2_Rpm=3500, Spiro_Oxid_Dur=18.00",3500.0,18.0,100.0,1.5,0.0977061168032532,False,True
3600.0,20.0,15.52636842105263,0.9673912104924576,0.011661027056386053,16.49375963154509,17.422455193617846,17.461150842037547,False,"SnO2_Rpm=3500, Spiro_Oxid_Dur=18.00",3500.0,18.0,100.0,2.0,0.11625291062603513,False,True
3600.0,20.5,15.52636842105263,0.9673912104924576,0.011661027056386053,16.49375963154509,17.422455193617846,17.461150842037547,False,"SnO2_Rpm=3500, Spiro_Oxid_Dur=18.00",3500.0,18.0,100.0,2.5,0.13644332173232754,False,True
3600.0,21.0,15.52636842105263,0.9673912104924576,0.011661027056386053,16.49375963154509,17.422455193617846,17.461150842037547,False,"SnO2_Rpm=3500, Spiro_Oxid_Dur=24.00",3500.0,24.0,100.0,-3.0,0.15764709864044602,False,True
3600.0,21.5,15.52636842105263,0.9673912104924576,0.011661027056386053,16.49375963154509,17.422455193617846,17.461150842037547,False,"SnO2_Rpm=3500, Spiro_Oxid_Dur=24.00",3500.0,24.0,100.0,-2.5,0.13644332173232754,False,True
3600.0,22.0,15.52636842105263,0.9673912104924576,0.011661027056386053,16.49375963154509,17.422455193617846,17.461150842037547,False,"SnO2_Rpm=3500, Spiro_Oxid_Dur=24.00",3500.0,24.0,100.0,-2.0,0.11625291062603504,False,True
3600.0,22.5,15.52636842105263,0.9673912104924576,0.011661027056386053,16.49375963154509,17.422455193617846,17.461150842037547,False,"SnO2_Rpm=3500, Spiro_Oxid_Dur=24.00",3500.0,24.0,100.0,-1.5,0.09770611680325311,False,True
3600.0,23.0,15.52636842105263,0.9673912104924576,0.011661027056386053,16.49375963154509,17.422455193617846,17.461150842037547,False,"SnO2_Rpm=3500, Spiro_Oxid_Dur=24.00",3500.0,24.0,100.0,-1.0,0.08192690730516759,False,True
3650.0,4.0,15.52636842105263,0.9673912104924576,0.011661027056386053,16.49375963154509,17.422455193617846,17.461150842037547,False,"SnO2_Rpm=3500, Spiro_Oxid_Dur=6.00",3500.0,6.0,150.0,-2.0,0.13809523809523783,False,True
3650.0,4.5,15.52636842105263,0.9673912104924576,0.011661027056386053,16.49375963154509,17.422455193617846,17.461150842037547,False,"SnO2_Rpm=3500, Spiro_Oxid_Dur=6.00",3500.0,6.0,150.0,-1.5,0.12289036095775152,False,True
3650.0,5.0,15.52636842105263,0.9673912104924576,0.011661027056386053,16.49375963154509,17.422455193617846,17.461150842037547,False,"SnO2_Rpm=3500, Spiro_Oxid_Dur=6.00",3500.0,6.0,150.0,-1.0,0.11075907952012355,False,True
3650.0,7.0,15.52636842105263,0.9673912104924576,0.011661027056386053,16.49375963154509,17.422455193617846,17.461150842037547,False,"SnO2_Rpm=3500, Spiro_Oxid_Dur=6.00",3500.0,6.0,150.0,1.0,0.11075907952012355,False,True
3650.0,7.5,15.52636842105263,0.9673912104924576,0.011661027056386053,16.49375963154509,17.422455193617846,17.461150842037547,False,"SnO2_Rpm=3500, Spiro_Oxid_Dur=6.00",3500.0,6.0,150.0,1.5,0.12289036095775153,False,True
3650.0,8.0,15.52636842105263,0.9673912104924576,0.011661027056386053,16.49375963154509,17.422455193617846,17.461150842037547,False,"SnO2_Rpm=3500, Spiro_Oxid_Dur=6.00",3500.0,6.0,150.0,2.0,0.13809523809523783,False,True
3650.0,8.5,15.52636842105263,0.9673912104924576,0.011661027056386053,16.49375963154509,17.422455193617846,17.461150842037547,False,"SnO2_Rpm=3500, Spiro_Oxid_Dur=6.00",3500.0,6.0,150.0,2.5,0.15547454968870938,False,True
3650.0,9.0,15.52636842105263,0.9673912104924576,0.011661027056386053,16.49375963154509,17.422455193617846,17.461150842037547,False,"SnO2_Rpm=3500, Spiro_Oxid_Dur=6.00",3500.0,6.0,150.0,3.0,0.1743793659390527,False,True
3650.0,9.5,15.52636842105263,0.9673912104924576,0.011661027056386053,16.49375963154509,17.422455193617846,17.461150842037547,False,"SnO2_Rpm=3500, Spiro_Oxid_Dur=12.00",3500.0,12.0,150.0,-2.5,0.15547454968870936,False,True
3650.0,10.0,15.52636842105263,0.9673912104924576,0.011661027056386053,16.49375963154509,17.422455193617846,17.461150842037547,False,"SnO2_Rpm=3500, Spiro_Oxid_Dur=12.00",3500.0,12.0,150.0,-2.0,0.13809523809523783,False,True
3650.0,10.5,15.52636842105263,0.9673912104924576,0.011661027056386053,16.49375963154509,17.422455193617846,17.461150842037547,False,"SnO2_Rpm=3500, Spiro_Oxid_Dur=12.00",3500.0,12.0,150.0,-1.5,0.12289036095775151,False,True
3650.0,11.0,15.52636842105263,0.9673912104924576,0.011661027056386053,16.49375963154509,17.422455193617846,17.461150842037547,False,"SnO2_Rpm=3500, Spiro_Oxid_Dur=12.00",3500.0,12.0,150.0,-1.0,0.11075907952012354,False,True
3650.0,13.0,15.52636842105263,0.9673912104924576,0.011661027056386053,16.49375963154509,17.422455193617846,17.461150842037547,False,"SnO2_Rpm=3500, Spiro_Oxid_Dur=12.00",3500.0,12.0,150.0,1.0,0.11075907952012358,False,True
3650.0,13.5,15.52636842105263,0.9673912104924576,0.011661027056386053,16.49375963154509,17.422455193617846,17.461150842037547,False,"SnO2_Rpm=3500, Spiro_Oxid_Dur=12.00",3500.0,12.0,150.0,1.5,0.12289036095775158,False,True
3650.0,14.0,15.52636842105263,0.9673912104924576,0.011661027056386053,16.49375963154509,17.422455193617846,17.461150842037547,False,"SnO2_Rpm=3500, Spiro_Oxid_Dur=12.00",3500.0,12.0,150.0,2.0,0.13809523809523783,False,True
3650.0,14.5,15.52636842105263,0.9673912104924576,0.011661027056386053,16.49375963154509,17.422455193617846,17.461150842037547,False,"SnO2_Rpm=3500, Spiro_Oxid_Dur=12.00",3500.0,12.0,150.0,2.5,0.15547454968870938,False,True
3650.0,15.0,15.52636842105263,0.9673912104924576,0.011661027056386053,16.49375963154509,17.422455193617846,17.461150842037547,False,"SnO2_Rpm=3500, Spiro_Oxid_Dur=18.00",3500.0,18.0,150.0,-3.0,0.17437936593905265,False,True
3650.0,15.5,15.52636842105263,0.9673912104924576,0.011661027056386053,16.49375963154509,17.422455193617846,17.461150842037547,False,"SnO2_Rpm=3500, Spiro_Oxid_Dur=18.00",3500.0,18.0,150.0,-2.5,0.1554745496887093,False,True
3650.0,16.0,15.52636842105263,0.9673912104924576,0.011661027056386053,16.49375963154509,17.422455193617846,17.461150842037547,False,"SnO2_Rpm=3500, Spiro_Oxid_Dur=18.00",3500.0,18.0,150.0,-2.0,0.13809523809523783,False,True
3650.0,16.5,15.52636842105263,0.9673912104924576,0.011661027056386053,16.49375963154509,17.422455193617846,17.461150842037547,False,"SnO2_Rpm=3500, Spiro_Oxid_Dur=18.00",3500.0,18.0,150.0,-1.5,0.12289036095775151,False,True
3650.0,17.0,15.52636842105263,0.9673912104924576,0.011661027056386053,16.49375963154509,17.422455193617846,17.461150842037547,False,"SnO2_Rpm=3500, Spiro_Oxid_Dur=18.00",3500.0,18.0,150.0,-1.0,0.11075907952012354,False,True
3650.0,19.0,15.52636842105263,0.9673912104924576,0.011661027056386053,16.49375963154509,17.422455193617846,17.461150842037547,False,"SnO2_Rpm=3500, Spiro_Oxid_Dur=18.00",3500.0,18.0,150.0,1.0,0.11075907952012358,False,True
3650.0,19.5,15.52636842105263,0.9673912104924576,0.011661027056386053,16.49375963154509,17.422455193617846,17.461150842037547,False,"SnO2_Rpm=3500, Spiro_Oxid_Dur=18.00",3500.0,18.0,150.0,1.5,0.12289036095775158,False,True
3650.0,20.0,15.52636842105263,0.9673912104924576,0.011661027056386053,16.49375963154509,17.422455193617846,17.461150842037547,False,"SnO2_Rpm=3500, Spiro_Oxid_Dur=18.00",3500.0,18.0,150.0,2.0,0.13809523809523783,False,True
3650.0,20.5,15.52636842105263,0.9673912104924576,0.011661027056386053,16.49375963154509,17.422455193617846,17.461150842037547,False,"SnO2_Rpm=3500, Spiro_Oxid_Dur=18.00",3500.0,18.0,150.0,2.5,0.15547454968870938,False,True
3650.0,21.0,15.52636842105263,0.9673912104924576,0.011661027056386053,16.49375963154509,17.422455193617846,17.461150842037547,False,"SnO2_Rpm=3500, Spiro_Oxid_Dur=24.00",3500.0,24.0,150.0,-3.0,0.17437936593905265,False,True
3650.0,21.5,15.52636842105263,0.9673912104924576,0.011661027056386053,16.49375963154509,17.422455193617846,17.461150842037547,False,"SnO2_Rpm=3500, Spiro_Oxid_Dur=24.00",3500.0,24.0,150.0,-2.5,0.15547454968870938,False,True
3650.0,22.0,15.52636842105263,0.9673912104924576,0.011661027056386053,16.49375963154509,17.422455193617846,17.461150842037547,False,"SnO2_Rpm=3500, Spiro_Oxid_Dur=24.00",3500.0,24.0,150.0,-2.0,0.13809523809523777,False,True
3650.0,22.5,15.52636842105263,0.9673912104924576,0.011661027056386053,16.49375963154509,17.422455193617846,17.461150842037547,False,"SnO2_Rpm=3500, Spiro_Oxid_Dur=24.00",3500.0,24.0,150.0,-1.5,0.12289036095775151,False,True
3650.0,23.0,15.52636842105263,0.9673912104924576,0.011661027056386053,16.49375963154509,17.422455193617846,17.461150842037547,False,"SnO2_Rpm=3500, Spiro_Oxid_Dur=24.00",3500.0,24.0,150.0,-1.0,0.11075907952012348,False,True
3700.0,4.0,15.52636842105263,0.9673912104924576,0.011661027056386053,16.49375963154509,17.422455193617846,17.461150842037547,False,"SnO2_Rpm=3500, Spiro_Oxid_Dur=6.00",3500.0,6.0,200.0,-2.0,0.1638538146103357,False,True
3700.0,4.5,15.52636842105263,0.9673912104924576,0.011661027056386053,16.49375963154509,17.422455193617846,17.461150842037547,False,"SnO2_Rpm=3500, Spiro_Oxid_Dur=6.00",3500.0,6.0,200.0,-1.5,0.15126076356446275,False,True
3700.0,5.0,15.52636842105263,0.9673912104924576,0.011661027056386053,16.49375963154509,17.422455193617846,17.461150842037547,False,"SnO2_Rpm=3500, Spiro_Oxid_Dur=6.00",3500.0,6.0,200.0,-1.0,0.14158160711731907,False,True
3700.0,7.0,15.52636842105263,0.9673912104924576,0.011661027056386053,16.49375963154509,17.422455193617846,17.461150842037547,False,"SnO2_Rpm=3500, Spiro_Oxid_Dur=6.00",3500.0,6.0,200.0,1.0,0.14158160711731907,False,True
3700.0,7.5,15.52636842105263,0.9673912104924576,0.011661027056386053,16.49375963154509,17.422455193617846,17.461150842037547,False,"SnO2_Rpm=3500, Spiro_Oxid_Dur=6.00",3500.0,6.0,200.0,1.5,0.15126076356446275,False,True
3700.0,8.0,15.52636842105263,0.9673912104924576,0.011661027056386053,16.49375963154509,17.422455193617846,17.461150842037547,False,"SnO2_Rpm=3500, Spiro_Oxid_Dur=6.00",3500.0,6.0,200.0,2.0,0.1638538146103357,False,True
3700.0,8.5,15.52636842105263,0.9673912104924576,0.011661027056386053,16.49375963154509,17.422455193617846,17.461150842037547,False,"SnO2_Rpm=3500, Spiro_Oxid_Dur=6.00",3500.0,6.0,200.0,2.5,0.17874594646784248,False,True
3700.0,9.0,15.52636842105263,0.9673912104924576,0.011661027056386053,16.49375963154509,17.422455193617846,17.461150842037547,False,"SnO2_Rpm=3500, Spiro_Oxid_Dur=6.00",3500.0,6.0,200.0,3.0,0.19541223360650656,False,True
3700.0,9.5,15.52636842105263,0.9673912104924576,0.011661027056386053,16.49375963154509,17.422455193617846,17.461150842037547,False,"SnO2_Rpm=3500, Spiro_Oxid_Dur=12.00",3500.0,12.0,200.0,-2.5,0.17874594646784245,False,True
3700.0,10.0,15.52636842105263,0.9673912104924576,0.011661027056386053,16.49375963154509,17.422455193617846,17.461150842037547,False,"SnO2_Rpm=3500, Spiro_Oxid_Dur=12.00",3500.0,12.0,200.0,-2.0,0.1638538146103357,False,True
3700.0,10.5,15.52636842105263,0.9673912104924576,0.011661027056386053,16.49375963154509,17.422455193617846,17.461150842037547,False,"SnO2_Rpm=3500, Spiro_Oxid_Dur=12.00",3500.0,12.0,200.0,-1.5,0.15126076356446275,False,True
3700.0,11.0,15.52636842105263,0.9673912104924576,0.011661027056386053,16.49375963154509,17.422455193617846,17.461150842037547,False,"SnO2_Rpm=3500, Spiro_Oxid_Dur=12.00",3500.0,12.0,200.0,-1.0,0.14158160711731907,False,True
3700.0,13.0,15.52636842105263,0.9673912104924576,0.011661027056386053,16.49375963154509,17.422455193617846,17.461150842037547,False,"SnO2_Rpm=3500, Spiro_Oxid_Dur=12.00",3500.0,12.0,200.0,1.0,0.1415816071173191,False,True
3700.0,13.5,15.52636842105263,0.9673912104924576,0.011661027056386053,16.49375963154509,17.422455193617846,17.461150842037547,False,"SnO2_Rpm=3500, Spiro_Oxid_Dur=12.00",3500.0,12.0,200.0,1.5,0.1512607635644628,False,True
3700.0,14.0,15.52636842105263,0.9673912104924576,0.011661027056386053,16.49375963154509,17.422455193617846,17.461150842037547,False,"SnO2_Rpm=3500, Spiro_Oxid_Dur=12.00",3500.0,12.0,200.0,2.0,0.1638538146103357,False,True
3700.0,14.5,15.52636842105263,0.9673912104924576,0.011661027056386053,16.49375963154509,17.422455193617846,17.461150842037547,False,"SnO2_Rpm=3500, Spiro_Oxid_Dur=12.00",3500.0,12.0,200.0,2.5,0.17874594646784248,False,True
3700.0,15.0,15.52636842105263,0.9673912104924576,0.011661027056386053,16.49375963154509,17.422455193617846,17.461150842037547,False,"SnO2_Rpm=3500, Spiro_Oxid_Dur=18.00",3500.0,18.0,200.0,-3.0,0.1954122336065065,False,True
3700.0,15.5,15.52636842105263,0.9673912104924576,0.011661027056386053,16.49375963154509,17.422455193617846,17.461150842037547,False,"SnO2_Rpm=3500, Spiro_Oxid_Dur=18.00",3500.0,18.0,200.0,-2.5,0.1787459464678424,False,True
3700.0,16.0,15.52636842105263,0.9673912104924576,0.011661027056386053,16.49375963154509,17.422455193617846,17.461150842037547,False,"SnO2_Rpm=3500, Spiro_Oxid_Dur=18.00",3500.0,18.0,200.0,-2.0,0.1638538146103357,False,True
3700.0,16.5,15.52636842105263,0.9673912104924576,0.011661027056386053,16.49375963154509,17.422455193617846,17.461150842037547,False,"SnO2_Rpm=3500, Spiro_Oxid_Dur=18.00",3500.0,18.0,200.0,-1.5,0.15126076356446275,False,True
3700.0,17.0,15.52636842105263,0.9673912104924576,0.011661027056386053,16.49375963154509,17.422455193617846,17.461150842037547,False,"SnO2_Rpm=3500, Spiro_Oxid_Dur=18.00",3500.0,18.0,200.0,-1.0,0.14158160711731907,False,True
3700.0,19.0,15.52636842105263,0.9673912104924576,0.011661027056386053,16.49375963154509,17.422455193617846,17.461150842037547,False,"SnO2_Rpm=3500, Spiro_Oxid_Dur=18.00",3500.0,18.0,200.0,1.0,0.1415816071173191,False,True
3700.0,19.5,15.52636842105263,0.9673912104924576,0.011661027056386053,16.49375963154509,17.422455193617846,17.461150842037547,False,"SnO2_Rpm=3500, Spiro_Oxid_Dur=18.00",3500.0,18.0,200.0,1.5,0.1512607635644628,False,True
3700.0,20.0,15.52636842105263,0.9673912104924576,0.011661027056386053,16.49375963154509,17.422455193617846,17.461150842037547,False,"SnO2_Rpm=3500, Spiro_Oxid_Dur=18.00",3500.0,18.0,200.0,2.0,0.1638538146103357,False,True
3700.0,20.5,15.52636842105263,0.9673912104924576,0.011661027056386053,16.49375963154509,17.422455193617846,17.461150842037547,False,"SnO2_Rpm=3500, Spiro_Oxid_Dur=18.00",3500.0,18.0,200.0,2.5,0.17874594646784248,False,True
3700.0,21.0,15.52636842105263,0.9673912104924576,0.011661027056386053,16.49375963154509,17.422455193617846,17.461150842037547,False,"SnO2_Rpm=3500, Spiro_Oxid_Dur=24.00",3500.0,24.0,200.0,-3.0,0.1954122336065065,False,True
3700.0,21.5,15.52636842105263,0.9673912104924576,0.011661027056386053,16.49375963154509,17.422455193617846,17.461150842037547,False,"SnO2_Rpm=3500, Spiro_Oxid_Dur=24.00",3500.0,24.0,200.0,-2.5,0.17874594646784248,False,True
3700.0,22.0,15.52636842105263,0.9673912104924576,0.011661027056386053,16.49375963154509,17.422455193617846,17.461150842037547,False,"SnO2_Rpm=3500, Spiro_Oxid_Dur=24.00",3500.0,24.0,200.0,-2.0,0.16385381461033566,False,True
3700.0,22.5,15.52636842105263,0.9673912104924576,0.011661027056386053,16.49375963154509,17.422455193617846,17.461150842037547,False,"SnO2_Rpm=3500, Spiro_Oxid_Dur=24.00",3500.0,24.0,200.0,-1.5,0.15126076356446275,False,True
3700.0,23.0,15.52636842105263,0.9673912104924576,0.011661027056386053,16.49375963154509,17.422455193617846,17.461150842037547,False,"SnO2_Rpm=3500, Spiro_Oxid_Dur=24.00",3500.0,24.0,200.0,-1.0,0.141581607117319,False,True
3750.0,4.0,15.52636842105263,0.9673912104924576,0.011661027056386053,16.49375963154509,17.422455193617846,17.461150842037547,False,"SnO2_Rpm=4000, Spiro_Oxid_Dur=6.00",4000.0,6.0,-250.0,-2.0,0.191958517816632,False,True
3750.0,4.5,15.52636842105263,0.9673912104924576,0.011661027056386053,16.49375963154509,17.422455193617846,17.461150842037547,False,"SnO2_Rpm=4000, Spiro_Oxid_Dur=6.00",4000.0,6.0,-250.0,-1.5,0.18132793109199768,False,True
3750.0,5.0,15.52636842105263,0.9673912104924576,0.011661027056386053,16.49375963154509,17.422455193617846,17.461150842037547,False,"SnO2_Rpm=4000, Spiro_Oxid_Dur=6.00",4000.0,6.0,-250.0,-1.0,0.1733359497447741,False,True
3750.0,7.0,15.52636842105263,0.9673912104924576,0.011661027056386053,16.49375963154509,17.422455193617846,17.461150842037547,False,"SnO2_Rpm=4000, Spiro_Oxid_Dur=6.00",4000.0,6.0,-250.0,1.0,0.1733359497447741,False,True
3750.0,7.5,15.52636842105263,0.9673912104924576,0.011661027056386053,16.49375963154509,17.422455193617846,17.461150842037547,False,"SnO2_Rpm=4000, Spiro_Oxid_Dur=6.00",4000.0,6.0,-250.0,1.5,0.18132793109199768,False,True
3750.0,8.0,15.52636842105263,0.9673912104924576,0.011661027056386053,16.49375963154509,17.422455193617846,17.461150842037547,False,"SnO2_Rpm=4000, Spiro_Oxid_Dur=6.00",4000.0,6.0,-250.0,2.0,0.191958517816632,False,True
3750.0,8.5,15.52636842105263,0.9673912104924576,0.011661027056386053,16.49375963154509,17.422455193617846,17.461150842037547,False,"SnO2_Rpm=4000, Spiro_Oxid_Dur=6.00",4000.0,6.0,-250.0,2.5,0.20481726826291957,False,True
3750.0,9.0,15.52636842105263,0.9673912104924576,0.011661027056386053,16.49375963154509,17.422455193617846,17.461150842037547,False,"SnO2_Rpm=4000, Spiro_Oxid_Dur=6.00",4000.0,6.0,-250.0,3.0,0.21951296326887815,False,True
3750.0,9.5,15.52636842105263,0.9673912104924576,0.011661027056386053,16.49375963154509,17.422455193617846,17.461150842037547,False,"SnO2_Rpm=3500, Spiro_Oxid_Dur=12.00",3500.0,12.0,250.0,-2.5,0.20481726826291954,False,True
3750.0,10.0,15.52636842105263,0.9673912104924576,0.011661027056386053,16.49375963154509,17.422455193617846,17.461150842037547,False,"SnO2_Rpm=3500, Spiro_Oxid_Dur=12.00",3500.0,12.0,250.0,-2.0,0.191958517816632,False,True
3750.0,10.5,15.52636842105263,0.9673912104924576,0.011661027056386053,16.49375963154509,17.422455193617846,17.461150842037547,False,"SnO2_Rpm=3500, Spiro_Oxid_Dur=12.00",3500.0,12.0,250.0,-1.5,0.18132793109199768,False,True
3750.0,11.0,15.52636842105263,0.9673912104924576,0.011661027056386053,16.49375963154509,17.422455193617846,17.461150842037547,False,"SnO2_Rpm=3500, Spiro_Oxid_Dur=12.00",3500.0,12.0,250.0,-1.0,0.1733359497447741,False,True
3750.0,13.0,15.52636842105263,0.9673912104924576,0.011661027056386053,16.49375963154509,17.422455193617846,17.461150842037547,False,"SnO2_Rpm=3500, Spiro_Oxid_Dur=12.00",3500.0,12.0,250.0,1.0,0.17333594974477412,False,True
3750.0,13.5,15.52636842105263,0.9673912104924576,0.011661027056386053,16.49375963154509,17.422455193617846,17.461150842037547,False,"SnO2_Rpm=3500, Spiro_Oxid_Dur=12.00",3500.0,12.0,250.0,1.5,0.1813279310919977,False,True
3750.0,14.0,15.52636842105263,0.9673912104924576,0.011661027056386053,16.49375963154509,17.422455193617846,17.461150842037547,False,"SnO2_Rpm=3500, Spiro_Oxid_Dur=12.00",3500.0,12.0,250.0,2.0,0.191958517816632,False,True
3750.0,14.5,15.52636842105263,0.9673912104924576,0.011661027056386053,16.49375963154509,17.422455193617846,17.461150842037547,False,"SnO2_Rpm=3500, Spiro_Oxid_Dur=12.00",3500.0,12.0,250.0,2.5,0.20481726826291957,False,True
3750.0,15.0,15.52636842105263,0.9673912104924576,0.011661027056386053,16.49375963154509,17.422455193617846,17.461150842037547,False,"SnO2_Rpm=3500, Spiro_Oxid_Dur=18.00",3500.0,18.0,250.0,-3.0,0.21951296326887812,False,True
3750.0,15.5,15.52636842105263,0.9673912104924576,0.011661027056386053,16.49375963154509,17.422455193617846,17.461150842037547,False,"SnO2_Rpm=3500, Spiro_Oxid_Dur=18.00",3500.0,18.0,250.0,-2.5,0.20481726826291952,False,True
3750.0,16.0,15.52636842105263,0.9673912104924576,0.011661027056386053,16.49375963154509,17.422455193617846,17.461150842037547,False,"SnO2_Rpm=3500, Spiro_Oxid_Dur=18.00",3500.0,18.0,250.0,-2.0,0.191958517816632,False,True
3750.0,16.5,15.52636842105263,0.9673912104924576,0.011661027056386053,16.49375963154509,17.422455193617846,17.461150842037547,False,"SnO2_Rpm=3500, Spiro_Oxid_Dur=18.00",3500.0,18.0,250.0,-1.5,0.18132793109199768,False,True
3750.0,17.0,15.52636842105263,0.9673912104924576,0.011661027056386053,16.49375963154509,17.422455193617846,17.461150842037547,False,"SnO2_Rpm=3500, Spiro_Oxid_Dur=18.00",3500.0,18.0,250.0,-1.0,0.1733359497447741,False,True
3750.0,19.0,15.52636842105263,0.9673912104924576,0.011661027056386053,16.49375963154509,17.422455193617846,17.461150842037547,False,"SnO2_Rpm=3500, Spiro_Oxid_Dur=18.00",3500.0,18.0,250.0,1.0,0.17333594974477412,False,True
3750.0,19.5,15.52636842105263,0.9673912104924576,0.011661027056386053,16.49375963154509,17.422455193617846,17.461150842037547,False,"SnO2_Rpm=3500, Spiro_Oxid_Dur=18.00",3500.0,18.0,250.0,1.5,0.1813279310919977,False,True
3750.0,20.0,15.52636842105263,0.9673912104924576,0.011661027056386053,16.49375963154509,17.422455193617846,17.461150842037547,False,"SnO2_Rpm=3500, Spiro_Oxid_Dur=18.00",3500.0,18.0,250.0,2.0,0.191958517816632,False,True
3750.0,20.5,15.52636842105263,0.9673912104924576,0.011661027056386053,16.49375963154509,17.422455193617846,17.461150842037547,False,"SnO2_Rpm=3500, Spiro_Oxid_Dur=18.00",3500.0,18.0,250.0,2.5,0.20481726826291957,False,True
3750.0,21.0,15.52636842105263,0.9673912104924576,0.011661027056386053,16.49375963154509,17.422455193617846,17.461150842037547,False,"SnO2_Rpm=3500, Spiro_Oxid_Dur=24.00",3500.0,24.0,250.0,-3.0,0.21951296326887812,False,True
3750.0,21.5,15.52636842105263,0.9673912104924576,0.011661027056386053,16.49375963154509,17.422455193617846,17.461150842037547,False,"SnO2_Rpm=3500, Spiro_Oxid_Dur=24.00",3500.0,24.0,250.0,-2.5,0.20481726826291957,False,True
3750.0,22.0,15.52636842105263,0.9673912104924576,0.011661027056386053,16.49375963154509,17.422455193617846,17.461150842037547,False,"SnO2_Rpm=3500, Spiro_Oxid_Dur=24.00",3500.0,24.0,250.0,-2.0,0.19195851781663195,False,True
3750.0,22.5,15.52636842105263,0.9673912104924576,0.011661027056386053,16.49375963154509,17.422455193617846,17.461150842037547,False,"SnO2_Rpm=3500, Spiro_Oxid_Dur=24.00",3500.0,24.0,250.0,-1.5,0.18132793109199768,False,True
3750.0,23.0,15.52636842105263,0.9673912104924576,0.011661027056386053,16.49375963154509,17.422455193617846,17.461150842037547,False,"SnO2_Rpm=3500, Spiro_Oxid_Dur=24.00",3500.0,24.0,250.0,-1.0,0.17333594974477406,False,True
3800.0,4.0,15.52636842105263,0.9673912104924576,0.011661027056386053,16.49375963154509,17.422455193617846,17.461150842037547,False,"SnO2_Rpm=4000, Spiro_Oxid_Dur=6.00",4000.0,6.0,-200.0,-2.0,0.1638538146103357,False,True
3800.0,4.5,15.52636842105263,0.9673912104924576,0.011661027056386053,16.49375963154509,17.422455193617846,17.461150842037547,False,"SnO2_Rpm=4000, Spiro_Oxid_Dur=6.00",4000.0,6.0,-200.0,-1.5,0.15126076356446275,False,True
3800.0,5.0,15.52636842105263,0.9673912104924576,0.011661027056386053,16.49375963154509,17.422455193617846,17.461150842037547,False,"SnO2_Rpm=4000, Spiro_Oxid_Dur=6.00",4000.0,6.0,-200.0,-1.0,0.14158160711731907,False,True
3800.0,7.0,15.52636842105263,0.9673912104924576,0.011661027056386053,16.49375963154509,17.422455193617846,17.461150842037547,False,"SnO2_Rpm=4000, Spiro_Oxid_Dur=6.00",4000.0,6.0,-200.0,1.0,0.14158160711731907,False,True
3800.0,7.5,15.52636842105263,0.9673912104924576,0.011661027056386053,16.49375963154509,17.422455193617846,17.461150842037547,False,"SnO2_Rpm=4000, Spiro_Oxid_Dur=6.00",4000.0,6.0,-200.0,1.5,0.15126076356446275,False,True
3800.0,8.0,15.52636842105263,0.9673912104924576,0.011661027056386053,16.49375963154509,17.422455193617846,17.461150842037547,False,"SnO2_Rpm=4000, Spiro_Oxid_Dur=6.00",4000.0,6.0,-200.0,2.0,0.1638538146103357,False,True
3800.0,8.5,15.52636842105263,0.9673912104924576,0.011661027056386053,16.49375963154509,17.422455193617846,17.461150842037547,False,"SnO2_Rpm=4000, Spiro_Oxid_Dur=6.00",4000.0,6.0,-200.0,2.5,0.17874594646784248,False,True
3800.0,9.0,15.52636842105263,0.9673912104924576,0.011661027056386053,16.49375963154509,17.422455193617846,17.461150842037547,False,"SnO2_Rpm=4000, Spiro_Oxid_Dur=6.00",4000.0,6.0,-200.0,3.0,0.19541223360650656,False,True
3800.0,9.5,15.52636842105263,0.9673912104924576,0.011661027056386053,16.49375963154509,17.422455193617846,17.461150842037547,False,"SnO2_Rpm=4000, Spiro_Oxid_Dur=12.00",4000.0,12.0,-200.0,-2.5,0.17874594646784245,False,True
3800.0,10.0,15.52636842105263,0.9673912104924576,0.011661027056386053,16.49375963154509,17.422455193617846,17.461150842037547,False,"SnO2_Rpm=4000, Spiro_Oxid_Dur=12.00",4000.0,12.0,-200.0,-2.0,0.1638538146103357,False,True
3800.0,10.5,15.52636842105263,0.9673912104924576,0.011661027056386053,16.49375963154509,17.422455193617846,17.461150842037547,False,"SnO2_Rpm=4000, Spiro_Oxid_Dur=12.00",4000.0,12.0,-200.0,-1.5,0.15126076356446275,False,True
3800.0,11.0,15.52636842105263,0.9673912104924576,0.011661027056386053,16.49375963154509,17.422455193617846,17.461150842037547,False,"SnO2_Rpm=4000, Spiro_Oxid_Dur=12.00",4000.0,12.0,-200.0,-1.0,0.14158160711731907,False,True
3800.0,13.0,15.52636842105263,0.9673912104924576,0.011661027056386053,16.49375963154509,17.422455193617846,17.461150842037547,False,"SnO2_Rpm=4000, Spiro_Oxid_Dur=12.00",4000.0,12.0,-200.0,1.0,0.1415816071173191,False,True
3800.0,13.5,15.52636842105263,0.9673912104924576,0.011661027056386053,16.49375963154509,17.422455193617846,17.461150842037547,False,"SnO2_Rpm=4000, Spiro_Oxid_Dur=12.00",4000.0,12.0,-200.0,1.5,0.1512607635644628,False,True
3800.0,14.0,15.52636842105263,0.9673912104924576,0.011661027056386053,16.49375963154509,17.422455193617846,17.461150842037547,False,"SnO2_Rpm=4000, Spiro_Oxid_Dur=12.00",4000.0,12.0,-200.0,2.0,0.1638538146103357,False,True
3800.0,14.5,15.52636842105263,0.9673912104924576,0.011661027056386053,16.49375963154509,17.422455193617846,17.461150842037547,False,"SnO2_Rpm=4000, Spiro_Oxid_Dur=12.00",4000.0,12.0,-200.0,2.5,0.17874594646784248,False,True
3800.0,15.0,15.52636842105263,0.9673912104924576,0.011661027056386053,16.49375963154509,17.422455193617846,17.461150842037547,False,"SnO2_Rpm=4000, Spiro_Oxid_Dur=18.00",4000.0,18.0,-200.0,-3.0,0.1954122336065065,False,True
3800.0,15.5,15.52636842105263,0.9673912104924576,0.011661027056386053,16.49375963154509,17.422455193617846,17.461150842037547,False,"SnO2_Rpm=4000, Spiro_Oxid_Dur=18.00",4000.0,18.0,-200.0,-2.5,0.1787459464678424,False,True
3800.0,16.0,15.52636842105263,0.9673912104924576,0.011661027056386053,16.49375963154509,17.422455193617846,17.461150842037547,False,"SnO2_Rpm=4000, Spiro_Oxid_Dur=18.00",4000.0,18.0,-200.0,-2.0,0.1638538146103357,False,True
3800.0,16.5,15.52636842105263,0.9673912104924576,0.011661027056386053,16.49375963154509,17.422455193617846,17.461150842037547,False,"SnO2_Rpm=4000, Spiro_Oxid_Dur=18.00",4000.0,18.0,-200.0,-1.5,0.15126076356446275,False,True
3800.0,17.0,15.52636842105263,0.9673912104924576,0.011661027056386053,16.49375963154509,17.422455193617846,17.461150842037547,False,"SnO2_Rpm=4000, Spiro_Oxid_Dur=18.00",4000.0,18.0,-200.0,-1.0,0.14158160711731907,False,True
3800.0,19.0,15.52636842105263,0.9673912104924576,0.011661027056386053,16.49375963154509,17.422455193617846,17.461150842037547,False,"SnO2_Rpm=4000, Spiro_Oxid_Dur=18.00",4000.0,18.0,-200.0,1.0,0.1415816071173191,False,True
3800.0,19.5,15.52636842105263,0.9673912104924576,0.011661027056386053,16.49375963154509,17.422455193617846,17.461150842037547,False,"SnO2_Rpm=4000, Spiro_Oxid_Dur=18.00",4000.0,18.0,-200.0,1.5,0.1512607635644628,False,True
3800.0,20.0,15.52636842105263,0.9673912104924576,0.011661027056386053,16.49375963154509,17.422455193617846,17.461150842037547,False,"SnO2_Rpm=4000, Spiro_Oxid_Dur=18.00",4000.0,18.0,-200.0,2.0,0.1638538146103357,False,True
3800.0,20.5,15.52636842105263,0.9673912104924576,0.011661027056386053,16.49375963154509,17.422455193617846,17.461150842037547,False,"SnO2_Rpm=4000, Spiro_Oxid_Dur=18.00",4000.0,18.0,-200.0,2.5,0.17874594646784248,False,True
3800.0,21.0,15.52636842105263,0.9673912104924576,0.011661027056386053,16.49375963154509,17.422455193617846,17.461150842037547,False,"SnO2_Rpm=4000, Spiro_Oxid_Dur=24.00",4000.0,24.0,-200.0,-3.0,0.1954122336065065,False,True
3800.0,21.5,15.52636842105263,0.9673912104924576,0.011661027056386053,16.49375963154509,17.422455193617846,17.461150842037547,False,"SnO2_Rpm=4000, Spiro_Oxid_Dur=24.00",4000.0,24.0,-200.0,-2.5,0.17874594646784248,False,True
3800.0,22.0,15.52636842105263,0.9673912104924576,0.011661027056386053,16.49375963154509,17.422455193617846,17.461150842037547,False,"SnO2_Rpm=4000, Spiro_Oxid_Dur=24.00",4000.0,24.0,-200.0,-2.0,0.16385381461033566,False,True
3800.0,22.5,15.52636842105263,0.9673912104924576,0.011661027056386053,16.49375963154509,17.422455193617846,17.461150842037547,False,"SnO2_Rpm=4000, Spiro_Oxid_Dur=24.00",4000.0,24.0,-200.0,-1.5,0.15126076356446275,False,True
3800.0,23.0,15.52636842105263,0.9673912104924576,0.011661027056386053,16.49375963154509,17.422455193617846,17.461150842037547,False,"SnO2_Rpm=4000, Spiro_Oxid_Dur=24.00",4000.0,24.0,-200.0,-1.0,0.141581607117319,False,True
3850.0,4.0,15.52636842105263,0.9673912104924576,0.011661027056386053,16.49375963154509,17.422455193617846,17.461150842037547,False,"SnO2_Rpm=4000, Spiro_Oxid_Dur=6.00",4000.0,6.0,-150.0,-2.0,0.13809523809523783,False,True
3850.0,4.5,15.52636842105263,0.9673912104924576,0.011661027056386053,16.49375963154509,17.422455193617846,17.461150842037547,False,"SnO2_Rpm=4000, Spiro_Oxid_Dur=6.00",4000.0,6.0,-150.0,-1.5,0.12289036095775152,False,True
3850.0,5.0,15.52636842105263,0.9673912104924576,0.011661027056386053,16.49375963154509,17.422455193617846,17.461150842037547,False,"SnO2_Rpm=4000, Spiro_Oxid_Dur=6.00",4000.0,6.0,-150.0,-1.0,0.11075907952012355,False,True
3850.0,7.0,15.52636842105263,0.9673912104924576,0.011661027056386053,16.49375963154509,17.422455193617846,17.461150842037547,False,"SnO2_Rpm=4000, Spiro_Oxid_Dur=6.00",4000.0,6.0,-150.0,1.0,0.11075907952012355,False,True
3850.0,7.5,15.52636842105263,0.9673912104924576,0.011661027056386053,16.49375963154509,17.422455193617846,17.461150842037547,False,"SnO2_Rpm=4000, Spiro_Oxid_Dur=6.00",4000.0,6.0,-150.0,1.5,0.12289036095775153,False,True
3850.0,8.0,15.52636842105263,0.9673912104924576,0.011661027056386053,16.49375963154509,17.422455193617846,17.461150842037547,False,"SnO2_Rpm=4000, Spiro_Oxid_Dur=6.00",4000.0,6.0,-150.0,2.0,0.13809523809523783,False,True
3850.0,8.5,15.52636842105263,0.9673912104924576,0.011661027056386053,16.49375963154509,17.422455193617846,17.461150842037547,False,"SnO2_Rpm=4000, Spiro_Oxid_Dur=6.00",4000.0,6.0,-150.0,2.5,0.15547454968870938,False,True
3850.0,9.0,15.52636842105263,0.9673912104924576,0.011661027056386053,16.49375963154509,17.422455193617846,17.461150842037547,False,"SnO2_Rpm=4000, Spiro_Oxid_Dur=6.00",4000.0,6.0,-150.0,3.0,0.1743793659390527,False,True
3850.0,9.5,15.52636842105263,0.9673912104924576,0.011661027056386053,16.49375963154509,17.422455193617846,17.461150842037547,False,"SnO2_Rpm=4000, Spiro_Oxid_Dur=12.00",4000.0,12.0,-150.0,-2.5,0.15547454968870936,False,True
3850.0,10.0,15.52636842105263,0.9673912104924576,0.011661027056386053,16.49375963154509,17.422455193617846,17.461150842037547,False,"SnO2_Rpm=4000, Spiro_Oxid_Dur=12.00",4000.0,12.0,-150.0,-2.0,0.13809523809523783,False,True
3850.0,10.5,15.52636842105263,0.9673912104924576,0.011661027056386053,16.49375963154509,17.422455193617846,17.461150842037547,False,"SnO2_Rpm=4000, Spiro_Oxid_Dur=12.00",4000.0,12.0,-150.0,-1.5,0.12289036095775151,False,True
3850.0,11.0,15.52636842105263,0.9673912104924576,0.011661027056386053,16.49375963154509,17.422455193617846,17.461150842037547,False,"SnO2_Rpm=4000, Spiro_Oxid_Dur=12.00",4000.0,12.0,-150.0,-1.0,0.11075907952012354,False,True
3850.0,13.0,15.52636842105263,0.9673912104924576,0.011661027056386053,16.49375963154509,17.422455193617846,17.461150842037547,False,"SnO2_Rpm=4000, Spiro_Oxid_Dur=12.00",4000.0,12.0,-150.0,1.0,0.11075907952012358,False,True
3850.0,13.5,15.52636842105263,0.9673912104924576,0.011661027056386053,16.49375963154509,17.422455193617846,17.461150842037547,False,"SnO2_Rpm=4000, Spiro_Oxid_Dur=12.00",4000.0,12.0,-150.0,1.5,0.12289036095775158,False,True
3850.0,14.0,15.52636842105263,0.9673912104924576,0.011661027056386053,16.49375963154509,17.422455193617846,17.461150842037547,False,"SnO2_Rpm=4000, Spiro_Oxid_Dur=12.00",4000.0,12.0,-150.0,2.0,0.13809523809523783,False,True
3850.0,14.5,15.52636842105263,0.9673912104924576,0.011661027056386053,16.49375963154509,17.422455193617846,17.461150842037547,False,"SnO2_Rpm=4000, Spiro_Oxid_Dur=12.00",4000.0,12.0,-150.0,2.5,0.15547454968870938,False,True
3850.0,15.0,15.52636842105263,0.9673912104924576,0.011661027056386053,16.49375963154509,17.422455193617846,17.461150842037547,False,"SnO2_Rpm=4000, Spiro_Oxid_Dur=18.00",4000.0,18.0,-150.0,-3.0,0.17437936593905265,False,True
3850.0,15.5,15.52636842105263,0.9673912104924576,0.011661027056386053,16.49375963154509,17.422455193617846,17.461150842037547,False,"SnO2_Rpm=4000, Spiro_Oxid_Dur=18.00",4000.0,18.0,-150.0,-2.5,0.1554745496887093,False,True
3850.0,16.0,15.52636842105263,0.9673912104924576,0.011661027056386053,16.49375963154509,17.422455193617846,17.461150842037547,False,"SnO2_Rpm=4000, Spiro_Oxid_Dur=18.00",4000.0,18.0,-150.0,-2.0,0.13809523809523783,False,True
3850.0,16.5,15.52636842105263,0.9673912104924576,0.011661027056386053,16.49375963154509,17.422455193617846,17.461150842037547,False,"SnO2_Rpm=4000, Spiro_Oxid_Dur=18.00",4000.0,18.0,-150.0,-1.5,0.12289036095775151,False,True
3850.0,17.0,15.52636842105263,0.9673912104924576,0.011661027056386053,16.49375963154509,17.422455193617846,17.461150842037547,False,"SnO2_Rpm=4000, Spiro_Oxid_Dur=18.00",4000.0,18.0,-150.0,-1.0,0.11075907952012354,False,True
3850.0,19.0,15.52636842105263,0.9673912104924576,0.011661027056386053,16.49375963154509,17.422455193617846,17.461150842037547,False,"SnO2_Rpm=4000, Spiro_Oxid_Dur=18.00",4000.0,18.0,-150.0,1.0,0.11075907952012358,False,True
3850.0,19.5,15.52636842105263,0.9673912104924576,0.011661027056386053,16.49375963154509,17.422455193617846,17.461150842037547,False,"SnO2_Rpm=4000, Spiro_Oxid_Dur=18.00",4000.0,18.0,-150.0,1.5,0.12289036095775158,False,True
3850.0,20.0,15.52636842105263,0.9673912104924576,0.011661027056386053,16.49375963154509,17.422455193617846,17.461150842037547,False,"SnO2_Rpm=4000, Spiro_Oxid_Dur=18.00",4000.0,18.0,-150.0,2.0,0.13809523809523783,False,True
3850.0,20.5,15.52636842105263,0.9673912104924576,0.011661027056386053,16.49375963154509,17.422455193617846,17.461150842037547,False,"SnO2_Rpm=4000, Spiro_Oxid_Dur=18.00",4000.0,18.0,-150.0,2.5,0.15547454968870938,False,True
3850.0,21.0,15.52636842105263,0.9673912104924576,0.011661027056386053,16.49375963154509,17.422455193617846,17.461150842037547,False,"SnO2_Rpm=4000, Spiro_Oxid_Dur=24.00",4000.0,24.0,-150.0,-3.0,0.17437936593905265,False,True
3850.0,21.5,15.52636842105263,0.9673912104924576,0.011661027056386053,16.49375963154509,17.422455193617846,17.461150842037547,False,"SnO2_Rpm=4000, Spiro_Oxid_Dur=24.00",4000.0,24.0,-150.0,-2.5,0.15547454968870938,False,True
3850.0,22.0,15.52636842105263,0.9673912104924576,0.011661027056386053,16.49375963154509,17.422455193617846,17.461150842037547,False,"SnO2_Rpm=4000, Spiro_Oxid_Dur=24.00",4000.0,24.0,-150.0,-2.0,0.13809523809523777,False,True
3850.0,22.5,15.52636842105263,0.9673912104924576,0.011661027056386053,16.49375963154509,17.422455193617846,17.461150842037547,False,"SnO2_Rpm=4000, Spiro_Oxid_Dur=24.00",4000.0,24.0,-150.0,-1.5,0.12289036095775151,False,True
3850.0,23.0,15.52636842105263,0.9673912104924576,0.011661027056386053,16.49375963154509,17.422455193617846,17.461150842037547,False,"SnO2_Rpm=4000, Spiro_Oxid_Dur=24.00",4000.0,24.0,-150.0,-1.0,0.11075907952012348,False,True
3900.0,4.0,15.52636842105263,0.9673912104924576,0.011661027056386053,16.49375963154509,17.422455193617846,17.461150842037547,False,"SnO2_Rpm=4000, Spiro_Oxid_Dur=6.00",4000.0,6.0,-100.0,-2.0,0.11625291062603513,False,True
3900.0,4.5,15.52636842105263,0.9673912104924576,0.011661027056386053,16.49375963154509,17.422455193617846,17.461150842037547,False,"SnO2_Rpm=4000, Spiro_Oxid_Dur=6.00",4000.0,6.0,-100.0,-1.5,0.09770611680325313,False,True
3900.0,5.0,15.52636842105263,0.9673912104924576,0.011661027056386053,16.49375963154509,17.422455193617846,17.461150842037547,False,"SnO2_Rpm=4000, Spiro_Oxid_Dur=6.00",4000.0,6.0,-100.0,-1.0,0.08192690730516768,False,True
3900.0,7.0,15.52636842105263,0.9673912104924576,0.011661027056386053,16.49375963154509,17.422455193617846,17.461150842037547,False,"SnO2_Rpm=4000, Spiro_Oxid_Dur=6.00",4000.0,6.0,-100.0,1.0,0.08192690730516768,False,True
3900.0,7.5,15.52636842105263,0.9673912104924576,0.011661027056386053,16.49375963154509,17.422455193617846,17.461150842037547,False,"SnO2_Rpm=4000, Spiro_Oxid_Dur=6.00",4000.0,6.0,-100.0,1.5,0.09770611680325314,False,True
3900.0,8.0,15.52636842105263,0.9673912104924576,0.011661027056386053,16.49375963154509,17.422455193617846,17.461150842037547,False,"SnO2_Rpm=4000, Spiro_Oxid_Dur=6.00",4000.0,6.0,-100.0,2.0,0.11625291062603513,False,True
3900.0,8.5,15.52636842105263,0.9673912104924576,0.011661027056386053,16.49375963154509,17.422455193617846,17.461150842037547,False,"SnO2_Rpm=4000, Spiro_Oxid_Dur=6.00",4000.0,6.0,-100.0,2.5,0.13644332173232754,False,True
3900.0,9.0,15.52636842105263,0.9673912104924576,0.011661027056386053,16.49375963154509,17.422455193617846,17.461150842037547,False,"SnO2_Rpm=4000, Spiro_Oxid_Dur=6.00",4000.0,6.0,-100.0,3.0,0.15764709864044607,False,True
3900.0,9.5,15.52636842105263,0.9673912104924576,0.011661027056386053,16.49375963154509,17.422455193617846,17.461150842037547,False,"SnO2_Rpm=4000, Spiro_Oxid_Dur=12.00",4000.0,12.0,-100.0,-2.5,0.1364433217323275,False,True
3900.0,10.0,15.52636842105263,0.9673912104924576,0.011661027056386053,16.49375963154509,17.422455193617846,17.461150842037547,False,"SnO2_Rpm=4000, Spiro_Oxid_Dur=12.00",4000.0,12.0,-100.0,-2.0,0.11625291062603513,False,True
3900.0,10.5,15.52636842105263,0.9673912104924576,0.011661027056386053,16.49375963154509,17.422455193617846,17.461150842037547,False,"SnO2_Rpm=4000, Spiro_Oxid_Dur=12.00",4000.0,12.0,-100.0,-1.5,0.09770611680325311,False,True
3900.0,11.0,15.52636842105263,0.9673912104924576,0.011661027056386053,16.49375963154509,17.422455193617846,17.461150842037547,False,"SnO2_Rpm=4000, Spiro_Oxid_Dur=12.00",4000.0,12.0,-100.0,-1.0,0.08192690730516765,False,True
3900.0,13.0,15.52636842105263,0.9673912104924576,0.011661027056386053,16.49375963154509,17.422455193617846,17.461150842037547,False,"SnO2_Rpm=4000, Spiro_Oxid_Dur=12.00",4000.0,12.0,-100.0,1.0,0.08192690730516772,False,True
3900.0,13.5,15.52636842105263,0.9673912104924576,0.011661027056386053,16.49375963154509,17.422455193617846,17.461150842037547,False,"SnO2_Rpm=4000, Spiro_Oxid_Dur=12.00",4000.0,12.0,-100.0,1.5,0.0977061168032532,False,True
3900.0,14.0,15.52636842105263,0.9673912104924576,0.011661027056386053,16.49375963154509,17.422455193617846,17.461150842037547,False,"SnO2_Rpm=4000, Spiro_Oxid_Dur=12.00",4000.0,12.0,-100.0,2.0,0.11625291062603513,False,True
3900.0,14.5,15.52636842105263,0.9673912104924576,0.011661027056386053,16.49375963154509,17.422455193617846,17.461150842037547,False,"SnO2_Rpm=4000, Spiro_Oxid_Dur=12.00",4000.0,12.0,-100.0,2.5,0.13644332173232754,False,True
3900.0,15.0,15.52636842105263,0.9673912104924576,0.011661027056386053,16.49375963154509,17.422455193617846,17.461150842037547,False,"SnO2_Rpm=4000, Spiro_Oxid_Dur=18.00",4000.0,18.0,-100.0,-3.0,0.15764709864044602,False,True
3900.0,15.5,15.52636842105263,0.9673912104924576,0.011661027056386053,16.49375963154509,17.422455193617846,17.461150842037547,False,"SnO2_Rpm=4000, Spiro_Oxid_Dur=18.00",4000.0,18.0,-100.0,-2.5,0.13644332173232745,False,True
3900.0,16.0,15.52636842105263,0.9673912104924576,0.011661027056386053,16.49375963154509,17.422455193617846,17.461150842037547,False,"SnO2_Rpm=4000, Spiro_Oxid_Dur=18.00",4000.0,18.0,-100.0,-2.0,0.11625291062603513,False,True
3900.0,16.5,15.52636842105263,0.9673912104924576,0.011661027056386053,16.49375963154509,17.422455193617846,17.461150842037547,False,"SnO2_Rpm=4000, Spiro_Oxid_Dur=18.00",4000.0,18.0,-100.0,-1.5,0.09770611680325311,False,True
3900.0,17.0,15.52636842105263,0.9673912104924576,0.011661027056386053,16.49375963154509,17.422455193617846,17.461150842037547,False,"SnO2_Rpm=4000, Spiro_Oxid_Dur=18.00",4000.0,18.0,-100.0,-1.0,0.08192690730516765,False,True
3900.0,19.0,15.52636842105263,0.9673912104924576,0.011661027056386053,16.49375963154509,17.422455193617846,17.461150842037547,False,"SnO2_Rpm=4000, Spiro_Oxid_Dur=18.00",4000.0,18.0,-100.0,1.0,0.08192690730516772,False,True
3900.0,19.5,15.52636842105263,0.9673912104924576,0.011661027056386053,16.49375963154509,17.422455193617846,17.461150842037547,False,"SnO2_Rpm=4000, Spiro_Oxid_Dur=18.00",4000.0,18.0,-100.0,1.5,0.0977061168032532,False,True
3900.0,20.0,15.52636842105263,0.9673912104924576,0.011661027056386053,16.49375963154509,17.422455193617846,17.461150842037547,False,"SnO2_Rpm=4000, Spiro_Oxid_Dur=18.00",4000.0,18.0,-100.0,2.0,0.11625291062603513,False,True
3900.0,20.5,15.52636842105263,0.9673912104924576,0.011661027056386053,16.49375963154509,17.422455193617846,17.461150842037547,False,"SnO2_Rpm=4000, Spiro_Oxid_Dur=18.00",4000.0,18.0,-100.0,2.5,0.13644332173232754,False,True
3900.0,21.0,15.52636842105263,0.9673912104924576,0.011661027056386053,16.49375963154509,17.422455193617846,17.461150842037547,False,"SnO2_Rpm=4000, Spiro_Oxid_Dur=24.00",4000.0,24.0,-100.0,-3.0,0.15764709864044602,False,True
3900.0,21.5,15.52636842105263,0.9673912104924576,0.011661027056386053,16.49375963154509,17.422455193617846,17.461150842037547,False,"SnO2_Rpm=4000, Spiro_Oxid_Dur=24.00",4000.0,24.0,-100.0,-2.5,0.13644332173232754,False,True
3900.0,22.0,15.52636842105263,0.9673912104924576,0.011661027056386053,16.49375963154509,17.422455193617846,17.461150842037547,False,"SnO2_Rpm=4000, Spiro_Oxid_Dur=24.00",4000.0,24.0,-100.0,-2.0,0.11625291062603504,False,True
3900.0,22.5,15.52636842105263,0.9673912104924576,0.011661027056386053,16.49375963154509,17.422455193617846,17.461150842037547,False,"SnO2_Rpm=4000, Spiro_Oxid_Dur=24.00",4000.0,24.0,-100.0,-1.5,0.09770611680325311,False,True
3900.0,23.0,15.52636842105263,0.9673912104924576,0.011661027056386053,16.49375963154509,17.422455193617846,17.461150842037547,False,"SnO2_Rpm=4000, Spiro_Oxid_Dur=24.00",4000.0,24.0,-100.0,-1.0,0.08192690730516759,False,True
3950.0,4.0,15.52636842105263,0.9673912104924576,0.011661027056386053,16.49375963154509,17.422455193617846,17.461150842037547,False,"SnO2_Rpm=4000, Spiro_Oxid_Dur=6.00",4000.0,6.0,-50.0,-2.0,0.10090295285912895,False,True
3950.0,4.5,15.52636842105263,0.9673912104924576,0.011661027056386053,16.49375963154509,17.422455193617846,17.461150842037547,False,"SnO2_Rpm=4000, Spiro_Oxid_Dur=6.00",4000.0,6.0,-50.0,-1.5,0.07882354932022304,False,True
3950.0,5.0,15.52636842105263,0.9673912104924576,0.011661027056386053,16.49375963154509,17.422455193617846,17.461150842037547,False,"SnO2_Rpm=4000, Spiro_Oxid_Dur=6.00",4000.0,6.0,-50.0,-1.0,0.058126455313017564,False,True
3950.0,7.0,15.52636842105263,0.9673912104924576,0.011661027056386053,16.49375963154509,17.422455193617846,17.461150842037547,False,"SnO2_Rpm=4000, Spiro_Oxid_Dur=6.00",4000.0,6.0,-50.0,1.0,0.058126455313017564,False,True
3950.0,7.5,15.52636842105263,0.9673912104924576,0.011661027056386053,16.49375963154509,17.422455193617846,17.461150842037547,False,"SnO2_Rpm=4000, Spiro_Oxid_Dur=6.00",4000.0,6.0,-50.0,1.5,0.07882354932022306,False,True
3950.0,8.0,15.52636842105263,0.9673912104924576,0.011661027056386053,16.49375963154509,17.422455193617846,17.461150842037547,False,"SnO2_Rpm=4000, Spiro_Oxid_Dur=6.00",4000.0,6.0,-50.0,2.0,0.10090295285912895,False,True
3950.0,8.5,15.52636842105263,0.9673912104924576,0.011661027056386053,16.49375963154509,17.422455193617846,17.461150842037547,False,"SnO2_Rpm=4000, Spiro_Oxid_Dur=6.00",4000.0,6.0,-50.0,2.5,0.12362623795949683,False,True
3950.0,9.0,15.52636842105263,0.9673912104924576,0.011661027056386053,16.49375963154509,17.422455193617846,17.461150842037547,False,"SnO2_Rpm=4000, Spiro_Oxid_Dur=6.00",4000.0,6.0,-50.0,3.0,0.1466944933404701,False,True
3950.0,9.5,15.52636842105263,0.9673912104924576,0.011661027056386053,16.49375963154509,17.422455193617846,17.461150842037547,False,"SnO2_Rpm=4000, Spiro_Oxid_Dur=12.00",4000.0,12.0,-50.0,-2.5,0.12362623795949679,False,True
3950.0,10.0,15.52636842105263,0.9673912104924576,0.011661027056386053,16.49375963154509,17.422455193617846,17.461150842037547,False,"SnO2_Rpm=4000, Spiro_Oxid_Dur=12.00",4000.0,12.0,-50.0,-2.0,0.10090295285912895,False,True
3950.0,10.5,15.52636842105263,0.9673912104924576,0.011661027056386053,16.49375963154509,17.422455193617846,17.461150842037547,False,"SnO2_Rpm=4000, Spiro_Oxid_Dur=12.00",4000.0,12.0,-50.0,-1.5,0.07882354932022301,False,True
3950.0,11.0,15.52636842105263,0.9673912104924576,0.011661027056386053,16.49375963154509,17.422455193617846,17.461150842037547,False,"SnO2_Rpm=4000, Spiro_Oxid_Dur=12.00",4000.0,12.0,-50.0,-1.0,0.05812645531301752,False,True
3950.0,13.0,15.52636842105263,0.9673912104924576,0.011661027056386053,16.49375963154509,17.422455193617846,17.461150842037547,False,"SnO2_Rpm=4000, Spiro_Oxid_Dur=12.00",4000.0,12.0,-50.0,1.0,0.05812645531301761,False,True
3950.0,13.5,15.52636842105263,0.9673912104924576,0.011661027056386053,16.49375963154509,17.422455193617846,17.461150842037547,False,"SnO2_Rpm=4000, Spiro_Oxid_Dur=12.00",4000.0,12.0,-50.0,1.5,0.07882354932022312,False,True
3950.0,14.0,15.52636842105263,0.9673912104924576,0.011661027056386053,16.49375963154509,17.422455193617846,17.461150842037547,False,"SnO2_Rpm=4000, Spiro_Oxid_Dur=12.00",4000.0,12.0,-50.0,2.0,0.10090295285912895,False,True
3950.0,14.5,15.52636842105263,0.9673912104924576,0.011661027056386053,16.49375963154509,17.422455193617846,17.461150842037547,False,"SnO2_Rpm=4000, Spiro_Oxid_Dur=12.00",4000.0,12.0,-50.0,2.5,0.12362623795949683,False,True
3950.0,15.0,15.52636842105263,0.9673912104924576,0.011661027056386053,16.49375963154509,17.422455193617846,17.461150842037547,False,"SnO2_Rpm=4000, Spiro_Oxid_Dur=18.00",4000.0,18.0,-50.0,-3.0,0.14669449334047005,False,True
3950.0,15.5,15.52636842105263,0.9673912104924576,0.011661027056386053,16.49375963154509,17.422455193617846,17.461150842037547,False,"SnO2_Rpm=4000, Spiro_Oxid_Dur=18.00",4000.0,18.0,-50.0,-2.5,0.12362623795949673,False,True
3950.0,16.0,15.52636842105263,0.9673912104924576,0.011661027056386053,16.49375963154509,17.422455193617846,17.461150842037547,False,"SnO2_Rpm=4000, Spiro_Oxid_Dur=18.00",4000.0,18.0,-50.0,-2.0,0.10090295285912895,False,True
3950.0,16.5,15.52636842105263,0.9673912104924576,0.011661027056386053,16.49375963154509,17.422455193617846,17.461150842037547,False,"SnO2_Rpm=4000, Spiro_Oxid_Dur=18.00",4000.0,18.0,-50.0,-1.5,0.07882354932022301,False,True
3950.0,17.0,15.52636842105263,0.9673912104924576,0.011661027056386053,16.49375963154509,17.422455193617846,17.461150842037547,False,"SnO2_Rpm=4000, Spiro_Oxid_Dur=18.00",4000.0,18.0,-50.0,-1.0,0.05812645531301752,False,True
3950.0,19.0,15.52636842105263,0.9673912104924576,0.011661027056386053,16.49375963154509,17.422455193617846,17.461150842037547,False,"SnO2_Rpm=4000, Spiro_Oxid_Dur=18.00",4000.0,18.0,-50.0,1.0,0.05812645531301761,False,True
3950.0,19.5,15.52636842105263,0.9673912104924576,0.011661027056386053,16.49375963154509,17.422455193617846,17.461150842037547,False,"SnO2_Rpm=4000, Spiro_Oxid_Dur=18.00",4000.0,18.0,-50.0,1.5,0.07882354932022312,False,True
3950.0,20.0,15.52636842105263,0.9673912104924576,0.011661027056386053,16.49375963154509,17.422455193617846,17.461150842037547,False,"SnO2_Rpm=4000, Spiro_Oxid_Dur=18.00",4000.0,18.0,-50.0,2.0,0.10090295285912895,False,True
3950.0,20.5,15.52636842105263,0.9673912104924576,0.011661027056386053,16.49375963154509,17.422455193617846,17.461150842037547,False,"SnO2_Rpm=4000, Spiro_Oxid_Dur=18.00",4000.0,18.0,-50.0,2.5,0.12362623795949683,False,True
3950.0,21.0,15.52636842105263,0.9673912104924576,0.011661027056386053,16.49375963154509,17.422455193617846,17.461150842037547,False,"SnO2_Rpm=4000, Spiro_Oxid_Dur=24.00",4000.0,24.0,-50.0,-3.0,0.14669449334047005,False,True
3950.0,21.5,15.52636842105263,0.9673912104924576,0.011661027056386053,16.49375963154509,17.422455193617846,17.461150842037547,False,"SnO2_Rpm=4000, Spiro_Oxid_Dur=24.00",4000.0,24.0,-50.0,-2.5,0.12362623795949683,False,True
3950.0,22.0,15.52636842105263,0.9673912104924576,0.011661027056386053,16.49375963154509,17.422455193617846,17.461150842037547,False,"SnO2_Rpm=4000, Spiro_Oxid_Dur=24.00",4000.0,24.0,-50.0,-2.0,0.10090295285912886,False,True
3950.0,22.5,15.52636842105263,0.9673912104924576,0.011661027056386053,16.49375963154509,17.422455193617846,17.461150842037547,False,"SnO2_Rpm=4000, Spiro_Oxid_Dur=24.00",4000.0,24.0,-50.0,-1.5,0.07882354932022301,False,True
3950.0,23.0,15.52636842105263,0.9673912104924576,0.011661027056386053,16.49375963154509,17.422455193617846,17.461150842037547,False,"SnO2_Rpm=4000, Spiro_Oxid_Dur=24.00",4000.0,24.0,-50.0,-1.0,0.05812645531301743,False,True
4000.0,4.0,15.52636842105263,0.9673912104924576,0.011661027056386053,16.49375963154509,17.422455193617846,17.461150842037547,False,"SnO2_Rpm=4000, Spiro_Oxid_Dur=6.00",4000.0,6.0,0.0,-2.0,0.09523809523809523,False,True
4000.0,4.5,15.52636842105263,0.9673912104924576,0.011661027056386053,16.49375963154509,17.422455193617846,17.461150842037547,False,"SnO2_Rpm=4000, Spiro_Oxid_Dur=6.00",4000.0,6.0,0.0,-1.5,0.07142857142857142,False,True
4000.0,5.0,15.52636842105263,0.9673912104924576,0.011661027056386053,16.49375963154509,17.422455193617846,17.461150842037547,False,"SnO2_Rpm=4000, Spiro_Oxid_Dur=6.00",4000.0,6.0,0.0,-1.0,0.047619047619047616,False,True
4000.0,7.0,15.52636842105263,0.9673912104924576,0.011661027056386053,16.49375963154509,17.422455193617846,17.461150842037547,False,"SnO2_Rpm=4000, Spiro_Oxid_Dur=6.00",4000.0,6.0,0.0,1.0,0.047619047619047616,False,True
4000.0,7.5,15.52636842105263,0.9673912104924576,0.011661027056386053,16.49375963154509,17.422455193617846,17.461150842037547,False,"SnO2_Rpm=4000, Spiro_Oxid_Dur=6.00",4000.0,6.0,0.0,1.5,0.07142857142857145,False,True
4000.0,8.0,15.52636842105263,0.9673912104924576,0.011661027056386053,16.49375963154509,17.422455193617846,17.461150842037547,False,"SnO2_Rpm=4000, Spiro_Oxid_Dur=6.00",4000.0,6.0,0.0,2.0,0.09523809523809523,False,True
4000.0,8.5,15.52636842105263,0.9673912104924576,0.011661027056386053,16.49375963154509,17.422455193617846,17.461150842037547,False,"SnO2_Rpm=4000, Spiro_Oxid_Dur=6.00",4000.0,6.0,0.0,2.5,0.11904761904761907,False,True
4000.0,9.0,15.52636842105263,0.9673912104924576,0.011661027056386053,16.49375963154509,17.422455193617846,17.461150842037547,False,"SnO2_Rpm=4000, Spiro_Oxid_Dur=6.00",4000.0,6.0,0.0,3.0,0.14285714285714285,False,True
4000.0,9.5,15.52636842105263,0.9673912104924576,0.011661027056386053,16.49375963154509,17.422455193617846,17.461150842037547,False,"SnO2_Rpm=4000, Spiro_Oxid_Dur=12.00",4000.0,12.0,0.0,-2.5,0.11904761904761901,False,True
4000.0,10.0,15.52636842105263,0.9673912104924576,0.011661027056386053,16.49375963154509,17.422455193617846,17.461150842037547,False,"SnO2_Rpm=4000, Spiro_Oxid_Dur=12.00",4000.0,12.0,0.0,-2.0,0.09523809523809523,False,True
4000.0,10.5,15.52636842105263,0.9673912104924576,0.011661027056386053,16.49375963154509,17.422455193617846,17.461150842037547,False,"SnO2_Rpm=4000, Spiro_Oxid_Dur=12.00",4000.0,12.0,0.0,-1.5,0.0714285714285714,False,True
4000.0,11.0,15.52636842105263,0.9673912104924576,0.011661027056386053,16.49375963154509,17.422455193617846,17.461150842037547,False,"SnO2_Rpm=4000, Spiro_Oxid_Dur=12.00",4000.0,12.0,0.0,-1.0,0.04761904761904756,False,True
4000.0,13.0,15.52636842105263,0.9673912104924576,0.011661027056386053,16.49375963154509,17.422455193617846,17.461150842037547,False,"SnO2_Rpm=4000, Spiro_Oxid_Dur=12.00",4000.0,12.0,0.0,1.0,0.04761904761904767,False,True
4000.0,13.5,15.52636842105263,0.9673912104924576,0.011661027056386053,16.49375963154509,17.422455193617846,17.461150842037547,False,"SnO2_Rpm=4000, Spiro_Oxid_Dur=12.00",4000.0,12.0,0.0,1.5,0.07142857142857151,False,True
4000.0,14.0,15.52636842105263,0.9673912104924576,0.011661027056386053,16.49375963154509,17.422455193617846,17.461150842037547,False,"SnO2_Rpm=4000, Spiro_Oxid_Dur=12.00",4000.0,12.0,0.0,2.0,0.09523809523809523,False,True
4000.0,14.5,15.52636842105263,0.9673912104924576,0.011661027056386053,16.49375963154509,17.422455193617846,17.461150842037547,False,"SnO2_Rpm=4000, Spiro_Oxid_Dur=12.00",4000.0,12.0,0.0,2.5,0.11904761904761907,False,True
4000.0,15.0,15.52636842105263,0.9673912104924576,0.011661027056386053,16.49375963154509,17.422455193617846,17.461150842037547,False,"SnO2_Rpm=4000, Spiro_Oxid_Dur=18.00",4000.0,18.0,0.0,-3.0,0.1428571428571428,False,True
4000.0,15.5,15.52636842105263,0.9673912104924576,0.011661027056386053,16.49375963154509,17.422455193617846,17.461150842037547,False,"SnO2_Rpm=4000, Spiro_Oxid_Dur=18.00",4000.0,18.0,0.0,-2.5,0.11904761904761896,False,True
4000.0,16.0,15.52636842105263,0.9673912104924576,0.011661027056386053,16.49375963154509,17.422455193617846,17.461150842037547,False,"SnO2_Rpm=4000, Spiro_Oxid_Dur=18.00",4000.0,18.0,0.0,-2.0,0.09523809523809523,False,True
4000.0,16.5,15.52636842105263,0.9673912104924576,0.011661027056386053,16.49375963154509,17.422455193617846,17.461150842037547,False,"SnO2_Rpm=4000, Spiro_Oxid_Dur=18.00",4000.0,18.0,0.0,-1.5,0.0714285714285714,False,True
4000.0,17.0,15.52636842105263,0.9673912104924576,0.011661027056386053,16.49375963154509,17.422455193617846,17.461150842037547,False,"SnO2_Rpm=4000, Spiro_Oxid_Dur=18.00",4000.0,18.0,0.0,-1.0,0.04761904761904756,False,True
4000.0,19.0,15.52636842105263,0.9673912104924576,0.011661027056386053,16.49375963154509,17.422455193617846,17.461150842037547,False,"SnO2_Rpm=4000, Spiro_Oxid_Dur=18.00",4000.0,18.0,0.0,1.0,0.04761904761904767,False,True
4000.0,19.5,15.52636842105263,0.9673912104924576,0.011661027056386053,16.49375963154509,17.422455193617846,17.461150842037547,False,"SnO2_Rpm=4000, Spiro_Oxid_Dur=18.00",4000.0,18.0,0.0,1.5,0.07142857142857151,False,True
4000.0,20.0,15.52636842105263,0.9673912104924576,0.011661027056386053,16.49375963154509,17.422455193617846,17.461150842037547,False,"SnO2_Rpm=4000, Spiro_Oxid_Dur=18.00",4000.0,18.0,0.0,2.0,0.09523809523809523,False,True
4000.0,20.5,15.52636842105263,0.9673912104924576,0.011661027056386053,16.49375963154509,17.422455193617846,17.461150842037547,False,"SnO2_Rpm=4000, Spiro_Oxid_Dur=18.00",4000.0,18.0,0.0,2.5,0.11904761904761907,False,True
4000.0,21.0,15.52636842105263,0.9673912104924576,0.011661027056386053,16.49375963154509,17.422455193617846,17.461150842037547,False,"SnO2_Rpm=4000, Spiro_Oxid_Dur=24.00",4000.0,24.0,0.0,-3.0,0.1428571428571428,False,True
4000.0,21.5,15.52636842105263,0.9673912104924576,0.011661027056386053,16.49375963154509,17.422455193617846,17.461150842037547,False,"SnO2_Rpm=4000, Spiro_Oxid_Dur=24.00",4000.0,24.0,0.0,-2.5,0.11904761904761907,False,True
4000.0,22.0,15.52636842105263,0.9673912104924576,0.011661027056386053,16.49375963154509,17.422455193617846,17.461150842037547,False,"SnO2_Rpm=4000, Spiro_Oxid_Dur=24.00",4000.0,24.0,0.0,-2.0,0.09523809523809512,False,True
4000.0,22.5,15.52636842105263,0.9673912104924576,0.011661027056386053,16.49375963154509,17.422455193617846,17.461150842037547,False,"SnO2_Rpm=4000, Spiro_Oxid_Dur=24.00",4000.0,24.0,0.0,-1.5,0.0714285714285714,False,True
4000.0,23.0,15.52636842105263,0.9673912104924576,0.011661027056386053,16.49375963154509,17.422455193617846,17.461150842037547,False,"SnO2_Rpm=4000, Spiro_Oxid_Dur=24.00",4000.0,24.0,0.0,-1.0,0.04761904761904745,False,True
4050.0,4.0,15.52636842105263,0.9673912104924576,0.011661027056386053,16.49375963154509,17.422455193617846,17.461150842037547,False,"SnO2_Rpm=4000, Spiro_Oxid_Dur=6.00",4000.0,6.0,50.0,-2.0,0.1009029528591291,False,True
4050.0,4.5,15.52636842105263,0.9673912104924576,0.011661027056386053,16.49375963154509,17.422455193617846,17.461150842037547,False,"SnO2_Rpm=4000, Spiro_Oxid_Dur=6.00",4000.0,6.0,50.0,-1.5,0.07882354932022323,False,True
4050.0,5.0,15.52636842105263,0.9673912104924576,0.011661027056386053,16.49375963154509,17.422455193617846,17.461150842037547,False,"SnO2_Rpm=4000, Spiro_Oxid_Dur=6.00",4000.0,6.0,50.0,-1.0,0.05812645531301782,False,True
4050.0,7.0,15.52636842105263,0.9673912104924576,0.011661027056386053,16.49375963154509,17.422455193617846,17.461150842037547,False,"SnO2_Rpm=4000, Spiro_Oxid_Dur=6.00",4000.0,6.0,50.0,1.0,0.05812645531301782,False,True
4050.0,7.5,15.52636842105263,0.9673912104924576,0.011661027056386053,16.49375963154509,17.422455193617846,17.461150842037547,False,"SnO2_Rpm=4000, Spiro_Oxid_Dur=6.00",4000.0,6.0,50.0,1.5,0.07882354932022324,False,True
4050.0,8.0,15.52636842105263,0.9673912104924576,0.011661027056386053,16.49375963154509,17.422455193617846,17.461150842037547,False,"SnO2_Rpm=4000, Spiro_Oxid_Dur=6.00",4000.0,6.0,50.0,2.0,0.1009029528591291,False,True
4050.0,8.5,15.52636842105263,0.9673912104924576,0.011661027056386053,16.49375963154509,17.422455193617846,17.461150842037547,False,"SnO2_Rpm=4000, Spiro_Oxid_Dur=6.00",4000.0,6.0,50.0,2.5,0.12362623795949695,False,True
4050.0,9.0,15.52636842105263,0.9673912104924576,0.011661027056386053,16.49375963154509,17.422455193617846,17.461150842037547,False,"SnO2_Rpm=4000, Spiro_Oxid_Dur=6.00",4000.0,6.0,50.0,3.0,0.1466944933404702,False,True
4050.0,9.5,15.52636842105263,0.9673912104924576,0.011661027056386053,16.49375963154509,17.422455193617846,17.461150842037547,False,"SnO2_Rpm=4000, Spiro_Oxid_Dur=12.00",4000.0,12.0,50.0,-2.5,0.12362623795949691,False,True
4050.0,10.0,15.52636842105263,0.9673912104924576,0.011661027056386053,16.49375963154509,17.422455193617846,17.461150842037547,False,"SnO2_Rpm=4000, Spiro_Oxid_Dur=12.00",4000.0,12.0,50.0,-2.0,0.1009029528591291,False,True
4050.0,10.5,15.52636842105263,0.9673912104924576,0.011661027056386053,16.49375963154509,17.422455193617846,17.461150842037547,False,"SnO2_Rpm=4000, Spiro_Oxid_Dur=12.00",4000.0,12.0,50.0,-1.5,0.0788235493202232,False,True
4050.0,11.0,15.52636842105263,0.9673912104924576,0.011661027056386053,16.49375963154509,17.422455193617846,17.461150842037547,False,"SnO2_Rpm=4000, Spiro_Oxid_Dur=12.00",4000.0,12.0,50.0,-1.0,0.05812645531301777,False,True
4050.0,13.0,15.52636842105263,0.9673912104924576,0.011661027056386053,16.49375963154509,17.422455193617846,17.461150842037547,False,"SnO2_Rpm=4000, Spiro_Oxid_Dur=12.00",4000.0,12.0,50.0,1.0,0.05812645531301786,False,True
4050.0,13.5,15.52636842105263,0.9673912104924576,0.011661027056386053,16.49375963154509,17.422455193617846,17.461150842037547,False,"SnO2_Rpm=4000, Spiro_Oxid_Dur=12.00",4000.0,12.0,50.0,1.5,0.0788235493202233,False,True
4050.0,14.0,15.52636842105263,0.9673912104924576,0.011661027056386053,16.49375963154509,17.422455193617846,17.461150842037547,False,"SnO2_Rpm=4000, Spiro_Oxid_Dur=12.00",4000.0,12.0,50.0,2.0,0.1009029528591291,False,True
4050.0,14.5,15.52636842105263,0.9673912104924576,0.011661027056386053,16.49375963154509,17.422455193617846,17.461150842037547,False,"SnO2_Rpm=4000, Spiro_Oxid_Dur=12.00",4000.0,12.0,50.0,2.5,0.12362623795949695,False,True
4050.0,15.0,15.52636842105263,0.9673912104924576,0.011661027056386053,16.49375963154509,17.422455193617846,17.461150842037547,False,"SnO2_Rpm=4000, Spiro_Oxid_Dur=18.00",4000.0,18.0,50.0,-3.0,0.14669449334047013,False,True
4050.0,15.5,15.52636842105263,0.9673912104924576,0.011661027056386053,16.49375963154509,17.422455193617846,17.461150842037547,False,"SnO2_Rpm=4000, Spiro_Oxid_Dur=18.00",4000.0,18.0,50.0,-2.5,0.12362623795949684,False,True
4050.0,16.0,15.52636842105263,0.9673912104924576,0.011661027056386053,16.49375963154509,17.422455193617846,17.461150842037547,False,"SnO2_Rpm=4000, Spiro_Oxid_Dur=18.00",4000.0,18.0,50.0,-2.0,0.1009029528591291,False,True
4050.0,16.5,15.52636842105263,0.9673912104924576,0.011661027056386053,16.49375963154509,17.422455193617846,17.461150842037547,False,"SnO2_Rpm=4000, Spiro_Oxid_Dur=18.00",4000.0,18.0,50.0,-1.5,0.0788235493202232,False,True
4050.0,17.0,15.52636842105263,0.9673912104924576,0.011661027056386053,16.49375963154509,17.422455193617846,17.461150842037547,False,"SnO2_Rpm=4000, Spiro_Oxid_Dur=18.00",4000.0,18.0,50.0,-1.0,0.05812645531301777,False,True
4050.0,19.0,15.52636842105263,0.9673912104924576,0.011661027056386053,16.49375963154509,17.422455193617846,17.461150842037547,False,"SnO2_Rpm=4000, Spiro_Oxid_Dur=18.00",4000.0,18.0,50.0,1.0,0.05812645531301786,False,True
4050.0,19.5,15.52636842105263,0.9673912104924576,0.011661027056386053,16.49375963154509,17.422455193617846,17.461150842037547,False,"SnO2_Rpm=4000, Spiro_Oxid_Dur=18.00",4000.0,18.0,50.0,1.5,0.0788235493202233,False,True
4050.0,20.0,15.52636842105263,0.9673912104924576,0.011661027056386053,16.49375963154509,17.422455193617846,17.461150842037547,False,"SnO2_Rpm=4000, Spiro_Oxid_Dur=18.00",4000.0,18.0,50.0,2.0,0.1009029528591291,False,True
4050.0,20.5,15.52636842105263,0.9673912104924576,0.011661027056386053,16.49375963154509,17.422455193617846,17.461150842037547,False,"SnO2_Rpm=4000, Spiro_Oxid_Dur=18.00",4000.0,18.0,50.0,2.5,0.12362623795949695,False,True
4050.0,21.0,15.52636842105263,0.9673912104924576,0.011661027056386053,16.49375963154509,17.422455193617846,17.461150842037547,False,"SnO2_Rpm=4000, Spiro_Oxid_Dur=24.00",4000.0,24.0,50.0,-3.0,0.14669449334047013,False,True
4050.0,21.5,15.52636842105263,0.9673912104924576,0.011661027056386053,16.49375963154509,17.422455193617846,17.461150842037547,False,"SnO2_Rpm=4000, Spiro_Oxid_Dur=24.00",4000.0,24.0,50.0,-2.5,0.12362623795949695,False,True
4050.0,22.0,15.52636842105263,0.9673912104924576,0.011661027056386053,16.49375963154509,17.422455193617846,17.461150842037547,False,"SnO2_Rpm=4000, Spiro_Oxid_Dur=24.00",4000.0,24.0,50.0,-2.0,0.100902952859129,False,True
4050.0,22.5,15.52636842105263,0.9673912104924576,0.011661027056386053,16.49375963154509,17.422455193617846,17.461150842037547,False,"SnO2_Rpm=4000, Spiro_Oxid_Dur=24.00",4000.0,24.0,50.0,-1.5,0.0788235493202232,False,True
4050.0,23.0,15.52636842105263,0.9673912104924576,0.011661027056386053,16.49375963154509,17.422455193617846,17.461150842037547,False,"SnO2_Rpm=4000, Spiro_Oxid_Dur=24.00",4000.0,24.0,50.0,-1.0,0.05812645531301768,False,True
4100.0,4.0,15.52636842105263,0.9673912104924576,0.011661027056386053,16.49375963154509,17.422455193617846,17.461150842037547,False,"SnO2_Rpm=4250, Spiro_Oxid_Dur=3.00",4250.0,3.0,-150.0,1.0,0.11075907952012395,False,True
4100.0,4.5,15.52636842105263,0.9673912104924576,0.011661027056386053,16.49375963154509,17.422455193617846,17.461150842037547,False,"SnO2_Rpm=4000, Spiro_Oxid_Dur=6.00",4000.0,6.0,100.0,-1.5,0.09770611680325343,False,True
4100.0,5.0,15.52636842105263,0.9673912104924576,0.011661027056386053,16.49375963154509,17.422455193617846,17.461150842037547,False,"SnO2_Rpm=4000, Spiro_Oxid_Dur=6.00",4000.0,6.0,100.0,-1.0,0.08192690730516804,False,True
4100.0,7.0,15.52636842105263,0.9673912104924576,0.011661027056386053,16.49375963154509,17.422455193617846,17.461150842037547,False,"SnO2_Rpm=4000, Spiro_Oxid_Dur=6.00",4000.0,6.0,100.0,1.0,0.08192690730516804,False,True
4100.0,7.5,15.52636842105263,0.9673912104924576,0.011661027056386053,16.49375963154509,17.422455193617846,17.461150842037547,False,"SnO2_Rpm=4000, Spiro_Oxid_Dur=6.00",4000.0,6.0,100.0,1.5,0.09770611680325345,False,True
4100.0,8.0,15.52636842105263,0.9673912104924576,0.011661027056386053,16.49375963154509,17.422455193617846,17.461150842037547,False,"SnO2_Rpm=4000, Spiro_Oxid_Dur=6.00",4000.0,6.0,100.0,2.0,0.11625291062603538,False,True
4100.0,8.5,15.52636842105263,0.9673912104924576,0.011661027056386053,16.49375963154509,17.422455193617846,17.461150842037547,False,"SnO2_Rpm=4000, Spiro_Oxid_Dur=6.00",4000.0,6.0,100.0,2.5,0.13644332173232776,False,True
4100.0,9.0,15.52636842105263,0.9673912104924576,0.011661027056386053,16.49375963154509,17.422455193617846,17.461150842037547,False,"SnO2_Rpm=4000, Spiro_Oxid_Dur=6.00",4000.0,6.0,100.0,3.0,0.15764709864044626,False,True
4100.0,9.5,15.52636842105263,0.9673912104924576,0.011661027056386053,16.49375963154509,17.422455193617846,17.461150842037547,False,"SnO2_Rpm=4000, Spiro_Oxid_Dur=12.00",4000.0,12.0,100.0,-2.5,0.1364433217323277,False,True
4100.0,10.0,15.52636842105263,0.9673912104924576,0.011661027056386053,16.49375963154509,17.422455193617846,17.461150842037547,False,"SnO2_Rpm=4000, Spiro_Oxid_Dur=12.00",4000.0,12.0,100.0,-2.0,0.11625291062603538,False,True
4100.0,10.5,15.52636842105263,0.9673912104924576,0.011661027056386053,16.49375963154509,17.422455193617846,17.461150842037547,False,"SnO2_Rpm=4000, Spiro_Oxid_Dur=12.00",4000.0,12.0,100.0,-1.5,0.09770611680325342,False,True
4100.0,11.0,15.52636842105263,0.9673912104924576,0.011661027056386053,16.49375963154509,17.422455193617846,17.461150842037547,False,"SnO2_Rpm=4000, Spiro_Oxid_Dur=12.00",4000.0,12.0,100.0,-1.0,0.08192690730516801,False,True
4100.0,13.0,15.52636842105263,0.9673912104924576,0.011661027056386053,16.49375963154509,17.422455193617846,17.461150842037547,False,"SnO2_Rpm=4000, Spiro_Oxid_Dur=12.00",4000.0,12.0,100.0,1.0,0.08192690730516808,False,True
4100.0,13.5,15.52636842105263,0.9673912104924576,0.011661027056386053,16.49375963154509,17.422455193617846,17.461150842037547,False,"SnO2_Rpm=4000, Spiro_Oxid_Dur=12.00",4000.0,12.0,100.0,1.5,0.09770611680325349,False,True
4100.0,14.0,15.52636842105263,0.9673912104924576,0.011661027056386053,16.49375963154509,17.422455193617846,17.461150842037547,False,"SnO2_Rpm=4000, Spiro_Oxid_Dur=12.00",4000.0,12.0,100.0,2.0,0.11625291062603538,False,True
4100.0,14.5,15.52636842105263,0.9673912104924576,0.011661027056386053,16.49375963154509,17.422455193617846,17.461150842037547,False,"SnO2_Rpm=4000, Spiro_Oxid_Dur=12.00",4000.0,12.0,100.0,2.5,0.13644332173232776,False,True
4100.0,15.0,15.52636842105263,0.9673912104924576,0.011661027056386053,16.49375963154509,17.422455193617846,17.461150842037547,False,"SnO2_Rpm=4000, Spiro_Oxid_Dur=18.00",4000.0,18.0,100.0,-3.0,0.1576470986404462,False,True
4100.0,15.5,15.52636842105263,0.9673912104924576,0.011661027056386053,16.49375963154509,17.422455193617846,17.461150842037547,False,"SnO2_Rpm=4000, Spiro_Oxid_Dur=18.00",4000.0,18.0,100.0,-2.5,0.13644332173232768,False,True
4100.0,16.0,15.52636842105263,0.9673912104924576,0.011661027056386053,16.49375963154509,17.422455193617846,17.461150842037547,False,"SnO2_Rpm=4000, Spiro_Oxid_Dur=18.00",4000.0,18.0,100.0,-2.0,0.11625291062603538,False,True
4100.0,16.5,15.52636842105263,0.9673912104924576,0.011661027056386053,16.49375963154509,17.422455193617846,17.461150842037547,False,"SnO2_Rpm=4000, Spiro_Oxid_Dur=18.00",4000.0,18.0,100.0,-1.5,0.09770611680325342,False,True
4100.0,17.0,15.52636842105263,0.9673912104924576,0.011661027056386053,16.49375963154509,17.422455193617846,17.461150842037547,False,"SnO2_Rpm=4000, Spiro_Oxid_Dur=18.00",4000.0,18.0,100.0,-1.0,0.08192690730516801,False,True
4100.0,19.0,15.52636842105263,0.9673912104924576,0.011661027056386053,16.49375963154509,17.422455193617846,17.461150842037547,False,"SnO2_Rpm=4000, Spiro_Oxid_Dur=18.00",4000.0,18.0,100.0,1.0,0.08192690730516808,False,True
4100.0,19.5,15.52636842105263,0.9673912104924576,0.011661027056386053,16.49375963154509,17.422455193617846,17.461150842037547,False,"SnO2_Rpm=4000, Spiro_Oxid_Dur=18.00",4000.0,18.0,100.0,1.5,0.09770611680325349,False,True
4100.0,20.0,15.52636842105263,0.9673912104924576,0.011661027056386053,16.49375963154509,17.422455193617846,17.461150842037547,False,"SnO2_Rpm=4000, Spiro_Oxid_Dur=18.00",4000.0,18.0,100.0,2.0,0.11625291062603538,False,True
4100.0,20.5,15.52636842105263,0.9673912104924576,0.011661027056386053,16.49375963154509,17.422455193617846,17.461150842037547,False,"SnO2_Rpm=4000, Spiro_Oxid_Dur=18.00",4000.0,18.0,100.0,2.5,0.13644332173232776,False,True
4100.0,21.0,15.52636842105263,0.9673912104924576,0.011661027056386053,16.49375963154509,17.422455193617846,17.461150842037547,False,"SnO2_Rpm=4000, Spiro_Oxid_Dur=24.00",4000.0,24.0,100.0,-3.0,0.1576470986404462,False,True
4100.0,21.5,15.52636842105263,0.9673912104924576,0.011661027056386053,16.49375963154509,17.422455193617846,17.461150842037547,False,"SnO2_Rpm=4000, Spiro_Oxid_Dur=24.00",4000.0,24.0,100.0,-2.5,0.13644332173232776,False,True
4100.0,22.0,15.52636842105263,0.9673912104924576,0.011661027056386053,16.49375963154509,17.422455193617846,17.461150842037547,False,"SnO2_Rpm=4000, Spiro_Oxid_Dur=24.00",4000.0,24.0,100.0,-2.0,0.1162529106260353,False,True
4100.0,22.5,15.52636842105263,0.9673912104924576,0.011661027056386053,16.49375963154509,17.422455193617846,17.461150842037547,False,"SnO2_Rpm=4000, Spiro_Oxid_Dur=24.00",4000.0,24.0,100.0,-1.5,0.09770611680325342,False,True
4100.0,23.0,15.52636842105263,0.9673912104924576,0.011661027056386053,16.49375963154509,17.422455193617846,17.461150842037547,False,"SnO2_Rpm=4000, Spiro_Oxid_Dur=24.00",4000.0,24.0,100.0,-1.0,0.08192690730516794,False,True
4150.0,4.0,15.52636842105263,0.9673912104924576,0.011661027056386053,16.49375963154509,17.422455193617846,17.461150842037547,False,"SnO2_Rpm=4250, Spiro_Oxid_Dur=3.00",4250.0,3.0,-100.0,1.0,0.08192690730516804,False,True
4150.0,4.5,15.52636842105263,0.9673912104924576,0.011661027056386053,16.49375963154509,17.422455193617846,17.461150842037547,False,"SnO2_Rpm=4250, Spiro_Oxid_Dur=3.00",4250.0,3.0,-100.0,1.5,0.09770611680325343,False,True
4150.0,5.0,15.52636842105263,0.9673912104924576,0.011661027056386053,16.49375963154509,17.422455193617846,17.461150842037547,False,"SnO2_Rpm=4000, Spiro_Oxid_Dur=6.00",4000.0,6.0,150.0,-1.0,0.11075907952012395,False,True
4150.0,7.0,15.52636842105263,0.9673912104924576,0.011661027056386053,16.49375963154509,17.422455193617846,17.461150842037547,False,"SnO2_Rpm=4000, Spiro_Oxid_Dur=6.00",4000.0,6.0,150.0,1.0,0.11075907952012395,False,True
4150.0,7.5,15.52636842105263,0.9673912104924576,0.011661027056386053,16.49375963154509,17.422455193617846,17.461150842037547,False,"SnO2_Rpm=4000, Spiro_Oxid_Dur=6.00",4000.0,6.0,150.0,1.5,0.1228903609577519,False,True
4150.0,8.0,15.52636842105263,0.9673912104924576,0.011661027056386053,16.49375963154509,17.422455193617846,17.461150842037547,False,"SnO2_Rpm=4000, Spiro_Oxid_Dur=6.00",4000.0,6.0,150.0,2.0,0.13809523809523816,False,True
4150.0,8.5,15.52636842105263,0.9673912104924576,0.011661027056386053,16.49375963154509,17.422455193617846,17.461150842037547,False,"SnO2_Rpm=4000, Spiro_Oxid_Dur=6.00",4000.0,6.0,150.0,2.5,0.15547454968870966,False,True
4150.0,9.0,15.52636842105263,0.9673912104924576,0.011661027056386053,16.49375963154509,17.422455193617846,17.461150842037547,False,"SnO2_Rpm=4000, Spiro_Oxid_Dur=6.00",4000.0,6.0,150.0,3.0,0.17437936593905295,False,True
4150.0,9.5,15.52636842105263,0.9673912104924576,0.011661027056386053,16.49375963154509,17.422455193617846,17.461150842037547,False,"SnO2_Rpm=4000, Spiro_Oxid_Dur=12.00",4000.0,12.0,150.0,-2.5,0.15547454968870963,False,True
4150.0,10.0,15.52636842105263,0.9673912104924576,0.011661027056386053,16.49375963154509,17.422455193617846,17.461150842037547,False,"SnO2_Rpm=4000, Spiro_Oxid_Dur=12.00",4000.0,12.0,150.0,-2.0,0.13809523809523816,False,True
4150.0,10.5,15.52636842105263,0.9673912104924576,0.011661027056386053,16.49375963154509,17.422455193617846,17.461150842037547,False,"SnO2_Rpm=4000, Spiro_Oxid_Dur=12.00",4000.0,12.0,150.0,-1.5,0.12289036095775187,False,True
4150.0,11.0,15.52636842105263,0.9673912104924576,0.011661027056386053,16.49375963154509,17.422455193617846,17.461150842037547,False,"SnO2_Rpm=4000, Spiro_Oxid_Dur=12.00",4000.0,12.0,150.0,-1.0,0.11075907952012393,False,True
4150.0,13.0,15.52636842105263,0.9673912104924576,0.011661027056386053,16.49375963154509,17.422455193617846,17.461150842037547,False,"SnO2_Rpm=4000, Spiro_Oxid_Dur=12.00",4000.0,12.0,150.0,1.0,0.11075907952012398,False,True
4150.0,13.5,15.52636842105263,0.9673912104924576,0.011661027056386053,16.49375963154509,17.422455193617846,17.461150842037547,False,"SnO2_Rpm=4000, Spiro_Oxid_Dur=12.00",4000.0,12.0,150.0,1.5,0.12289036095775192,False,True
4150.0,14.0,15.52636842105263,0.9673912104924576,0.011661027056386053,16.49375963154509,17.422455193617846,17.461150842037547,False,"SnO2_Rpm=4000, Spiro_Oxid_Dur=12.00",4000.0,12.0,150.0,2.0,0.13809523809523816,False,True
4150.0,14.5,15.52636842105263,0.9673912104924576,0.011661027056386053,16.49375963154509,17.422455193617846,17.461150842037547,False,"SnO2_Rpm=4000, Spiro_Oxid_Dur=12.00",4000.0,12.0,150.0,2.5,0.15547454968870966,False,True
4150.0,15.0,15.52636842105263,0.9673912104924576,0.011661027056386053,16.49375963154509,17.422455193617846,17.461150842037547,False,"SnO2_Rpm=4000, Spiro_Oxid_Dur=18.00",4000.0,18.0,150.0,-3.0,0.1743793659390529,False,True
4150.0,15.5,15.52636842105263,0.9673912104924576,0.011661027056386053,16.49375963154509,17.422455193617846,17.461150842037547,False,"SnO2_Rpm=4000, Spiro_Oxid_Dur=18.00",4000.0,18.0,150.0,-2.5,0.15547454968870958,False,True
4150.0,16.0,15.52636842105263,0.9673912104924576,0.011661027056386053,16.49375963154509,17.422455193617846,17.461150842037547,False,"SnO2_Rpm=4000, Spiro_Oxid_Dur=18.00",4000.0,18.0,150.0,-2.0,0.13809523809523816,False,True
4150.0,16.5,15.52636842105263,0.9673912104924576,0.011661027056386053,16.49375963154509,17.422455193617846,17.461150842037547,False,"SnO2_Rpm=4000, Spiro_Oxid_Dur=18.00",4000.0,18.0,150.0,-1.5,0.12289036095775187,False,True
4150.0,17.0,15.52636842105263,0.9673912104924576,0.011661027056386053,16.49375963154509,17.422455193617846,17.461150842037547,False,"SnO2_Rpm=4000, Spiro_Oxid_Dur=18.00",4000.0,18.0,150.0,-1.0,0.11075907952012393,False,True
4150.0,19.0,15.52636842105263,0.9673912104924576,0.011661027056386053,16.49375963154509,17.422455193617846,17.461150842037547,False,"SnO2_Rpm=4000, Spiro_Oxid_Dur=18.00",4000.0,18.0,150.0,1.0,0.11075907952012398,False,True
4150.0,19.5,15.52636842105263,0.9673912104924576,0.011661027056386053,16.49375963154509,17.422455193617846,17.461150842037547,False,"SnO2_Rpm=4000, Spiro_Oxid_Dur=18.00",4000.0,18.0,150.0,1.5,0.12289036095775192,False,True
4150.0,20.0,15.52636842105263,0.9673912104924576,0.011661027056386053,16.49375963154509,17.422455193617846,17.461150842037547,False,"SnO2_Rpm=4000, Spiro_Oxid_Dur=18.00",4000.0,18.0,150.0,2.0,0.13809523809523816,False,True
4150.0,20.5,15.52636842105263,0.9673912104924576,0.011661027056386053,16.49375963154509,17.422455193617846,17.461150842037547,False,"SnO2_Rpm=4000, Spiro_Oxid_Dur=18.00",4000.0,18.0,150.0,2.5,0.15547454968870966,False,True
4150.0,21.0,15.52636842105263,0.9673912104924576,0.011661027056386053,16.49375963154509,17.422455193617846,17.461150842037547,False,"SnO2_Rpm=4000, Spiro_Oxid_Dur=24.00",4000.0,24.0,150.0,-3.0,0.1743793659390529,False,True
4150.0,21.5,15.52636842105263,0.9673912104924576,0.011661027056386053,16.49375963154509,17.422455193617846,17.461150842037547,False,"SnO2_Rpm=4000, Spiro_Oxid_Dur=24.00",4000.0,24.0,150.0,-2.5,0.15547454968870966,False,True
4150.0,22.0,15.52636842105263,0.9673912104924576,0.011661027056386053,16.49375963154509,17.422455193617846,17.461150842037547,False,"SnO2_Rpm=4000, Spiro_Oxid_Dur=24.00",4000.0,24.0,150.0,-2.0,0.13809523809523808,False,True
4150.0,22.5,15.52636842105263,0.9673912104924576,0.011661027056386053,16.49375963154509,17.422455193617846,17.461150842037547,False,"SnO2_Rpm=4000, Spiro_Oxid_Dur=24.00",4000.0,24.0,150.0,-1.5,0.12289036095775187,False,True
4150.0,23.0,15.52636842105263,0.9673912104924576,0.011661027056386053,16.49375963154509,17.422455193617846,17.461150842037547,False,"SnO2_Rpm=4000, Spiro_Oxid_Dur=24.00",4000.0,24.0,150.0,-1.0,0.11075907952012388,False,True
4200.0,4.0,15.52636842105263,0.9673912104924576,0.011661027056386053,16.49375963154509,17.422455193617846,17.461150842037547,False,"SnO2_Rpm=4250, Spiro_Oxid_Dur=3.00",4250.0,3.0,-50.0,1.0,0.05812645531301782,False,True
4200.0,4.5,15.52636842105263,0.9673912104924576,0.011661027056386053,16.49375963154509,17.422455193617846,17.461150842037547,False,"SnO2_Rpm=4250, Spiro_Oxid_Dur=3.00",4250.0,3.0,-50.0,1.5,0.07882354932022323,False,True
4200.0,5.0,15.52636842105263,0.9673912104924576,0.011661027056386053,16.49375963154509,17.422455193617846,17.461150842037547,False,"SnO2_Rpm=4250, Spiro_Oxid_Dur=3.00",4250.0,3.0,-50.0,2.0,0.1009029528591291,False,True
4200.0,7.0,15.52636842105263,0.9673912104924576,0.011661027056386053,16.49375963154509,17.422455193617846,17.461150842037547,False,"SnO2_Rpm=4000, Spiro_Oxid_Dur=6.00",4000.0,6.0,200.0,1.0,0.14158160711731907,False,True
4200.0,7.5,15.52636842105263,0.9673912104924576,0.011661027056386053,16.49375963154509,17.422455193617846,17.461150842037547,False,"SnO2_Rpm=4000, Spiro_Oxid_Dur=6.00",4000.0,6.0,200.0,1.5,0.15126076356446275,False,True
4200.0,8.0,15.52636842105263,0.9673912104924576,0.011661027056386053,16.49375963154509,17.422455193617846,17.461150842037547,False,"SnO2_Rpm=4000, Spiro_Oxid_Dur=6.00",4000.0,6.0,200.0,2.0,0.1638538146103357,False,True
4200.0,8.5,15.52636842105263,0.9673912104924576,0.011661027056386053,16.49375963154509,17.422455193617846,17.461150842037547,False,"SnO2_Rpm=4000, Spiro_Oxid_Dur=6.00",4000.0,6.0,200.0,2.5,0.17874594646784248,False,True
4200.0,9.0,15.52636842105263,0.9673912104924576,0.011661027056386053,16.49375963154509,17.422455193617846,17.461150842037547,False,"SnO2_Rpm=4000, Spiro_Oxid_Dur=6.00",4000.0,6.0,200.0,3.0,0.19541223360650656,False,True
4200.0,9.5,15.52636842105263,0.9673912104924576,0.011661027056386053,16.49375963154509,17.422455193617846,17.461150842037547,False,"SnO2_Rpm=4000, Spiro_Oxid_Dur=12.00",4000.0,12.0,200.0,-2.5,0.17874594646784245,False,True
4200.0,10.0,15.52636842105263,0.9673912104924576,0.011661027056386053,16.49375963154509,17.422455193617846,17.461150842037547,False,"SnO2_Rpm=4000, Spiro_Oxid_Dur=12.00",4000.0,12.0,200.0,-2.0,0.1638538146103357,False,True
4200.0,10.5,15.52636842105263,0.9673912104924576,0.011661027056386053,16.49375963154509,17.422455193617846,17.461150842037547,False,"SnO2_Rpm=4000, Spiro_Oxid_Dur=12.00",4000.0,12.0,200.0,-1.5,0.15126076356446275,False,True
4200.0,11.0,15.52636842105263,0.9673912104924576,0.011661027056386053,16.49375963154509,17.422455193617846,17.461150842037547,False,"SnO2_Rpm=4000, Spiro_Oxid_Dur=12.00",4000.0,12.0,200.0,-1.0,0.14158160711731907,False,True
4200.0,13.0,15.52636842105263,0.9673912104924576,0.011661027056386053,16.49375963154509,17.422455193617846,17.461150842037547,False,"SnO2_Rpm=4000, Spiro_Oxid_Dur=12.00",4000.0,12.0,200.0,1.0,0.1415816071173191,False,True
4200.0,13.5,15.52636842105263,0.9673912104924576,0.011661027056386053,16.49375963154509,17.422455193617846,17.461150842037547,False,"SnO2_Rpm=4000, Spiro_Oxid_Dur=12.00",4000.0,12.0,200.0,1.5,0.1512607635644628,False,True
4200.0,14.0,15.52636842105263,0.9673912104924576,0.011661027056386053,16.49375963154509,17.422455193617846,17.461150842037547,False,"SnO2_Rpm=4000, Spiro_Oxid_Dur=12.00",4000.0,12.0,200.0,2.0,0.1638538146103357,False,True
4200.0,14.5,15.52636842105263,0.9673912104924576,0.011661027056386053,16.49375963154509,17.422455193617846,17.461150842037547,False,"SnO2_Rpm=4000, Spiro_Oxid_Dur=12.00",4000.0,12.0,200.0,2.5,0.17874594646784248,False,True
4200.0,15.0,15.52636842105263,0.9673912104924576,0.011661027056386053,16.49375963154509,17.422455193617846,17.461150842037547,False,"SnO2_Rpm=4000, Spiro_Oxid_Dur=18.00",4000.0,18.0,200.0,-3.0,0.1954122336065065,False,True
4200.0,15.5,15.52636842105263,0.9673912104924576,0.011661027056386053,16.49375963154509,17.422455193617846,17.461150842037547,False,"SnO2_Rpm=4000, Spiro_Oxid_Dur=18.00",4000.0,18.0,200.0,-2.5,0.1787459464678424,False,True
4200.0,16.0,15.52636842105263,0.9673912104924576,0.011661027056386053,16.49375963154509,17.422455193617846,17.461150842037547,False,"SnO2_Rpm=4000, Spiro_Oxid_Dur=18.00",4000.0,18.0,200.0,-2.0,0.1638538146103357,False,True
4200.0,16.5,15.52636842105263,0.9673912104924576,0.011661027056386053,16.49375963154509,17.422455193617846,17.461150842037547,False,"SnO2_Rpm=4000, Spiro_Oxid_Dur=18.00",4000.0,18.0,200.0,-1.5,0.15126076356446275,False,True
4200.0,17.0,15.52636842105263,0.9673912104924576,0.011661027056386053,16.49375963154509,17.422455193617846,17.461150842037547,False,"SnO2_Rpm=4000, Spiro_Oxid_Dur=18.00",4000.0,18.0,200.0,-1.0,0.14158160711731907,False,True
4200.0,19.0,15.52636842105263,0.9673912104924576,0.011661027056386053,16.49375963154509,17.422455193617846,17.461150842037547,False,"SnO2_Rpm=4000, Spiro_Oxid_Dur=18.00",4000.0,18.0,200.0,1.0,0.1415816071173191,False,True
4200.0,19.5,15.52636842105263,0.9673912104924576,0.011661027056386053,16.49375963154509,17.422455193617846,17.461150842037547,False,"SnO2_Rpm=4000, Spiro_Oxid_Dur=18.00",4000.0,18.0,200.0,1.5,0.1512607635644628,False,True
4200.0,20.0,15.52636842105263,0.9673912104924576,0.011661027056386053,16.49375963154509,17.422455193617846,17.461150842037547,False,"SnO2_Rpm=4000, Spiro_Oxid_Dur=18.00",4000.0,18.0,200.0,2.0,0.1638538146103357,False,True
4200.0,20.5,15.52636842105263,0.9673912104924576,0.011661027056386053,16.49375963154509,17.422455193617846,17.461150842037547,False,"SnO2_Rpm=4000, Spiro_Oxid_Dur=18.00",4000.0,18.0,200.0,2.5,0.17874594646784248,False,True
4200.0,21.0,15.52636842105263,0.9673912104924576,0.011661027056386053,16.49375963154509,17.422455193617846,17.461150842037547,False,"SnO2_Rpm=4000, Spiro_Oxid_Dur=24.00",4000.0,24.0,200.0,-3.0,0.1954122336065065,False,True
4200.0,21.5,15.52636842105263,0.9673912104924576,0.011661027056386053,16.49375963154509,17.422455193617846,17.461150842037547,False,"SnO2_Rpm=4000, Spiro_Oxid_Dur=24.00",4000.0,24.0,200.0,-2.5,0.17874594646784248,False,True
4200.0,22.0,15.52636842105263,0.9673912104924576,0.011661027056386053,16.49375963154509,17.422455193617846,17.461150842037547,False,"SnO2_Rpm=4000, Spiro_Oxid_Dur=24.00",4000.0,24.0,200.0,-2.0,0.16385381461033566,False,True
4200.0,22.5,15.52636842105263,0.9673912104924576,0.011661027056386053,16.49375963154509,17.422455193617846,17.461150842037547,False,"SnO2_Rpm=4000, Spiro_Oxid_Dur=24.00",4000.0,24.0,200.0,-1.5,0.15126076356446275,False,True
4200.0,23.0,15.52636842105263,0.9673912104924576,0.011661027056386053,16.49375963154509,17.422455193617846,17.461150842037547,False,"SnO2_Rpm=4000, Spiro_Oxid_Dur=24.00",4000.0,24.0,200.0,-1.0,0.141581607117319,False,True
4250.0,4.0,15.52636842105263,0.9673912104924576,0.011661027056386053,16.49375963154509,17.422455193617846,17.461150842037547,False,"SnO2_Rpm=4250, Spiro_Oxid_Dur=3.00",4250.0,3.0,0.0,1.0,0.047619047619047616,False,True
4250.0,4.5,15.52636842105263,0.9673912104924576,0.011661027056386053,16.49375963154509,17.422455193617846,17.461150842037547,False,"SnO2_Rpm=4250, Spiro_Oxid_Dur=3.00",4250.0,3.0,0.0,1.5,0.07142857142857142,False,True
4250.0,5.0,15.52636842105263,0.9673912104924576,0.011661027056386053,16.49375963154509,17.422455193617846,17.461150842037547,False,"SnO2_Rpm=4250, Spiro_Oxid_Dur=3.00",4250.0,3.0,0.0,2.0,0.09523809523809523,False,True
4250.0,7.0,15.52636842105263,0.9673912104924576,0.011661027056386053,16.49375963154509,17.422455193617846,17.461150842037547,False,"SnO2_Rpm=4500, Spiro_Oxid_Dur=6.00",4500.0,6.0,-250.0,1.0,0.1733359497447741,False,True
4250.0,7.5,15.52636842105263,0.9673912104924576,0.011661027056386053,16.49375963154509,17.422455193617846,17.461150842037547,False,"SnO2_Rpm=4500, Spiro_Oxid_Dur=6.00",4500.0,6.0,-250.0,1.5,0.18132793109199768,False,True
4250.0,8.0,15.52636842105263,0.9673912104924576,0.011661027056386053,16.49375963154509,17.422455193617846,17.461150842037547,False,"SnO2_Rpm=4500, Spiro_Oxid_Dur=6.00",4500.0,6.0,-250.0,2.0,0.191958517816632,False,True
4250.0,8.5,15.52636842105263,0.9673912104924576,0.011661027056386053,16.49375963154509,17.422455193617846,17.461150842037547,False,"SnO2_Rpm=4500, Spiro_Oxid_Dur=6.00",4500.0,6.0,-250.0,2.5,0.20481726826291957,False,True
4250.0,9.0,15.52636842105263,0.9673912104924576,0.011661027056386053,16.49375963154509,17.422455193617846,17.461150842037547,False,"SnO2_Rpm=4500, Spiro_Oxid_Dur=6.00",4500.0,6.0,-250.0,3.0,0.21951296326887815,False,True
4250.0,9.5,15.52636842105263,0.9673912104924576,0.011661027056386053,16.49375963154509,17.422455193617846,17.461150842037547,False,"SnO2_Rpm=4500, Spiro_Oxid_Dur=12.00",4500.0,12.0,-250.0,-2.5,0.20481726826291954,False,True
4250.0,10.0,15.52636842105263,0.9673912104924576,0.011661027056386053,16.49375963154509,17.422455193617846,17.461150842037547,False,"SnO2_Rpm=4500, Spiro_Oxid_Dur=12.00",4500.0,12.0,-250.0,-2.0,0.191958517816632,False,True
4250.0,10.5,15.52636842105263,0.9673912104924576,0.011661027056386053,16.49375963154509,17.422455193617846,17.461150842037547,False,"SnO2_Rpm=4500, Spiro_Oxid_Dur=12.00",4500.0,12.0,-250.0,-1.5,0.18132793109199768,False,True
4250.0,11.0,15.52636842105263,0.9673912104924576,0.011661027056386053,16.49375963154509,17.422455193617846,17.461150842037547,False,"SnO2_Rpm=4500, Spiro_Oxid_Dur=12.00",4500.0,12.0,-250.0,-1.0,0.1733359497447741,False,True
4250.0,13.0,15.52636842105263,0.9673912104924576,0.011661027056386053,16.49375963154509,17.422455193617846,17.461150842037547,False,"SnO2_Rpm=4500, Spiro_Oxid_Dur=12.00",4500.0,12.0,-250.0,1.0,0.17333594974477412,False,True
4250.0,13.5,15.52636842105263,0.9673912104924576,0.011661027056386053,16.49375963154509,17.422455193617846,17.461150842037547,False,"SnO2_Rpm=4500, Spiro_Oxid_Dur=12.00",4500.0,12.0,-250.0,1.5,0.1813279310919977,False,True
4250.0,14.0,15.52636842105263,0.9673912104924576,0.011661027056386053,16.49375963154509,17.422455193617846,17.461150842037547,False,"SnO2_Rpm=4500, Spiro_Oxid_Dur=12.00",4500.0,12.0,-250.0,2.0,0.191958517816632,False,True
4250.0,14.5,15.52636842105263,0.9673912104924576,0.011661027056386053,16.49375963154509,17.422455193617846,17.461150842037547,False,"SnO2_Rpm=4500, Spiro_Oxid_Dur=12.00",4500.0,12.0,-250.0,2.5,0.20481726826291957,False,True
4250.0,15.0,15.52636842105263,0.9673912104924576,0.011661027056386053,16.49375963154509,17.422455193617846,17.461150842037547,False,"SnO2_Rpm=4500, Spiro_Oxid_Dur=18.00",4500.0,18.0,-250.0,-3.0,0.21951296326887812,False,True
4250.0,15.5,15.52636842105263,0.9673912104924576,0.011661027056386053,16.49375963154509,17.422455193617846,17.461150842037547,False,"SnO2_Rpm=4500, Spiro_Oxid_Dur=18.00",4500.0,18.0,-250.0,-2.5,0.20481726826291952,False,True
4250.0,16.0,15.52636842105263,0.9673912104924576,0.011661027056386053,16.49375963154509,17.422455193617846,17.461150842037547,False,"SnO2_Rpm=4500, Spiro_Oxid_Dur=18.00",4500.0,18.0,-250.0,-2.0,0.191958517816632,False,True
4250.0,16.5,15.52636842105263,0.9673912104924576,0.011661027056386053,16.49375963154509,17.422455193617846,17.461150842037547,False,"SnO2_Rpm=4500, Spiro_Oxid_Dur=18.00",4500.0,18.0,-250.0,-1.5,0.18132793109199768,False,True
4250.0,17.0,15.52636842105263,0.9673912104924576,0.011661027056386053,16.49375963154509,17.422455193617846,17.461150842037547,False,"SnO2_Rpm=4500, Spiro_Oxid_Dur=18.00",4500.0,18.0,-250.0,-1.0,0.1733359497447741,False,True
4250.0,19.0,15.52636842105263,0.9673912104924576,0.011661027056386053,16.49375963154509,17.422455193617846,17.461150842037547,False,"SnO2_Rpm=4500, Spiro_Oxid_Dur=18.00",4500.0,18.0,-250.0,1.0,0.17333594974477412,False,True
4250.0,19.5,15.52636842105263,0.9673912104924576,0.011661027056386053,16.49375963154509,17.422455193617846,17.461150842037547,False,"SnO2_Rpm=4500, Spiro_Oxid_Dur=18.00",4500.0,18.0,-250.0,1.5,0.1813279310919977,False,True
4250.0,20.0,15.52636842105263,0.9673912104924576,0.011661027056386053,16.49375963154509,17.422455193617846,17.461150842037547,False,"SnO2_Rpm=4500, Spiro_Oxid_Dur=18.00",4500.0,18.0,-250.0,2.0,0.191958517816632,False,True
4250.0,20.5,15.52636842105263,0.9673912104924576,0.011661027056386053,16.49375963154509,17.422455193617846,17.461150842037547,False,"SnO2_Rpm=4500, Spiro_Oxid_Dur=18.00",4500.0,18.0,-250.0,2.5,0.20481726826291957,False,True
4250.0,21.0,15.52636842105263,0.9673912104924576,0.011661027056386053,16.49375963154509,17.422455193617846,17.461150842037547,False,"SnO2_Rpm=4500, Spiro_Oxid_Dur=24.00",4500.0,24.0,-250.0,-3.0,0.21951296326887812,False,True
4250.0,21.5,15.52636842105263,0.9673912104924576,0.011661027056386053,16.49375963154509,17.422455193617846,17.461150842037547,False,"SnO2_Rpm=4500, Spiro_Oxid_Dur=24.00",4500.0,24.0,-250.0,-2.5,0.20481726826291957,False,True
4250.0,22.0,15.52636842105263,0.9673912104924576,0.011661027056386053,16.49375963154509,17.422455193617846,17.461150842037547,False,"SnO2_Rpm=4500, Spiro_Oxid_Dur=24.00",4500.0,24.0,-250.0,-2.0,0.19195851781663195,False,True
4250.0,22.5,15.52636842105263,0.9673912104924576,0.011661027056386053,16.49375963154509,17.422455193617846,17.461150842037547,False,"SnO2_Rpm=4500, Spiro_Oxid_Dur=24.00",4500.0,24.0,-250.0,-1.5,0.18132793109199768,False,True
4250.0,23.0,15.52636842105263,0.9673912104924576,0.011661027056386053,16.49375963154509,17.422455193617846,17.461150842037547,False,"SnO2_Rpm=4500, Spiro_Oxid_Dur=24.00",4500.0,24.0,-250.0,-1.0,0.17333594974477406,False,True
4300.0,4.0,15.52636842105263,0.9673912104924576,0.011661027056386053,16.49375963154509,17.422455193617846,17.461150842037547,False,"SnO2_Rpm=4250, Spiro_Oxid_Dur=3.00",4250.0,3.0,50.0,1.0,0.058126455313017564,False,True
4300.0,4.5,15.52636842105263,0.9673912104924576,0.011661027056386053,16.49375963154509,17.422455193617846,17.461150842037547,False,"SnO2_Rpm=4250, Spiro_Oxid_Dur=3.00",4250.0,3.0,50.0,1.5,0.07882354932022304,False,True
4300.0,5.0,15.52636842105263,0.9673912104924576,0.011661027056386053,16.49375963154509,17.422455193617846,17.461150842037547,False,"SnO2_Rpm=4250, Spiro_Oxid_Dur=3.00",4250.0,3.0,50.0,2.0,0.10090295285912895,False,True
4300.0,7.0,15.52636842105263,0.9673912104924576,0.011661027056386053,16.49375963154509,17.422455193617846,17.461150842037547,False,"SnO2_Rpm=4500, Spiro_Oxid_Dur=6.00",4500.0,6.0,-200.0,1.0,0.14158160711731907,False,True
4300.0,7.5,15.52636842105263,0.9673912104924576,0.011661027056386053,16.49375963154509,17.422455193617846,17.461150842037547,False,"SnO2_Rpm=4500, Spiro_Oxid_Dur=6.00",4500.0,6.0,-200.0,1.5,0.15126076356446275,False,True
4300.0,8.0,15.52636842105263,0.9673912104924576,0.011661027056386053,16.49375963154509,17.422455193617846,17.461150842037547,False,"SnO2_Rpm=4500, Spiro_Oxid_Dur=6.00",4500.0,6.0,-200.0,2.0,0.1638538146103357,False,True
4300.0,8.5,15.52636842105263,0.9673912104924576,0.011661027056386053,16.49375963154509,17.422455193617846,17.461150842037547,False,"SnO2_Rpm=4500, Spiro_Oxid_Dur=6.00",4500.0,6.0,-200.0,2.5,0.17874594646784248,False,True
4300.0,9.0,15.52636842105263,0.9673912104924576,0.011661027056386053,16.49375963154509,17.422455193617846,17.461150842037547,False,"SnO2_Rpm=4500, Spiro_Oxid_Dur=6.00",4500.0,6.0,-200.0,3.0,0.19541223360650656,False,True
4300.0,9.5,15.52636842105263,0.9673912104924576,0.011661027056386053,16.49375963154509,17.422455193617846,17.461150842037547,False,"SnO2_Rpm=4500, Spiro_Oxid_Dur=12.00",4500.0,12.0,-200.0,-2.5,0.17874594646784245,False,True
4300.0,10.0,15.52636842105263,0.9673912104924576,0.011661027056386053,16.49375963154509,17.422455193617846,17.461150842037547,False,"SnO2_Rpm=4500, Spiro_Oxid_Dur=12.00",4500.0,12.0,-200.0,-2.0,0.1638538146103357,False,True
4300.0,10.5,15.52636842105263,0.9673912104924576,0.011661027056386053,16.49375963154509,17.422455193617846,17.461150842037547,False,"SnO2_Rpm=4500, Spiro_Oxid_Dur=12.00",4500.0,12.0,-200.0,-1.5,0.15126076356446275,False,True
4300.0,11.0,15.52636842105263,0.9673912104924576,0.011661027056386053,16.49375963154509,17.422455193617846,17.461150842037547,False,"SnO2_Rpm=4500, Spiro_Oxid_Dur=12.00",4500.0,12.0,-200.0,-1.0,0.14158160711731907,False,True
4300.0,13.0,15.52636842105263,0.9673912104924576,0.011661027056386053,16.49375963154509,17.422455193617846,17.461150842037547,False,"SnO2_Rpm=4500, Spiro_Oxid_Dur=12.00",4500.0,12.0,-200.0,1.0,0.1415816071173191,False,True
4300.0,13.5,15.52636842105263,0.9673912104924576,0.011661027056386053,16.49375963154509,17.422455193617846,17.461150842037547,False,"SnO2_Rpm=4500, Spiro_Oxid_Dur=12.00",4500.0,12.0,-200.0,1.5,0.1512607635644628,False,True
4300.0,14.0,15.52636842105263,0.9673912104924576,0.011661027056386053,16.49375963154509,17.422455193617846,17.461150842037547,False,"SnO2_Rpm=4500, Spiro_Oxid_Dur=12.00",4500.0,12.0,-200.0,2.0,0.1638538146103357,False,True
4300.0,14.5,15.52636842105263,0.9673912104924576,0.011661027056386053,16.49375963154509,17.422455193617846,17.461150842037547,False,"SnO2_Rpm=4500, Spiro_Oxid_Dur=12.00",4500.0,12.0,-200.0,2.5,0.17874594646784248,False,True
4300.0,15.0,15.52636842105263,0.9673912104924576,0.011661027056386053,16.49375963154509,17.422455193617846,17.461150842037547,False,"SnO2_Rpm=4500, Spiro_Oxid_Dur=18.00",4500.0,18.0,-200.0,-3.0,0.1954122336065065,False,True
4300.0,15.5,15.52636842105263,0.9673912104924576,0.011661027056386053,16.49375963154509,17.422455193617846,17.461150842037547,False,"SnO2_Rpm=4500, Spiro_Oxid_Dur=18.00",4500.0,18.0,-200.0,-2.5,0.1787459464678424,False,True
4300.0,16.0,15.52636842105263,0.9673912104924576,0.011661027056386053,16.49375963154509,17.422455193617846,17.461150842037547,False,"SnO2_Rpm=4500, Spiro_Oxid_Dur=18.00",4500.0,18.0,-200.0,-2.0,0.1638538146103357,False,True
4300.0,16.5,15.52636842105263,0.9673912104924576,0.011661027056386053,16.49375963154509,17.422455193617846,17.461150842037547,False,"SnO2_Rpm=4500, Spiro_Oxid_Dur=18.00",4500.0,18.0,-200.0,-1.5,0.15126076356446275,False,True
4300.0,17.0,15.52636842105263,0.9673912104924576,0.011661027056386053,16.49375963154509,17.422455193617846,17.461150842037547,False,"SnO2_Rpm=4500, Spiro_Oxid_Dur=18.00",4500.0,18.0,-200.0,-1.0,0.14158160711731907,False,True
4300.0,19.0,15.52636842105263,0.9673912104924576,0.011661027056386053,16.49375963154509,17.422455193617846,17.461150842037547,False,"SnO2_Rpm=4500, Spiro_Oxid_Dur=18.00",4500.0,18.0,-200.0,1.0,0.1415816071173191,False,True
4300.0,19.5,15.52636842105263,0.9673912104924576,0.011661027056386053,16.49375963154509,17.422455193617846,17.461150842037547,False,"SnO2_Rpm=4500, Spiro_Oxid_Dur=18.00",4500.0,18.0,-200.0,1.5,0.1512607635644628,False,True
4300.0,20.0,15.52636842105263,0.9673912104924576,0.011661027056386053,16.49375963154509,17.422455193617846,17.461150842037547,False,"SnO2_Rpm=4500, Spiro_Oxid_Dur=18.00",4500.0,18.0,-200.0,2.0,0.1638538146103357,False,True
4300.0,20.5,15.52636842105263,0.9673912104924576,0.011661027056386053,16.49375963154509,17.422455193617846,17.461150842037547,False,"SnO2_Rpm=4500, Spiro_Oxid_Dur=18.00",4500.0,18.0,-200.0,2.5,0.17874594646784248,False,True
4300.0,21.0,15.52636842105263,0.9673912104924576,0.011661027056386053,16.49375963154509,17.422455193617846,17.461150842037547,False,"SnO2_Rpm=4500, Spiro_Oxid_Dur=24.00",4500.0,24.0,-200.0,-3.0,0.1954122336065065,False,True
4300.0,21.5,15.52636842105263,0.9673912104924576,0.011661027056386053,16.49375963154509,17.422455193617846,17.461150842037547,False,"SnO2_Rpm=4500, Spiro_Oxid_Dur=24.00",4500.0,24.0,-200.0,-2.5,0.17874594646784248,False,True
4300.0,22.0,15.52636842105263,0.9673912104924576,0.011661027056386053,16.49375963154509,17.422455193617846,17.461150842037547,False,"SnO2_Rpm=4500, Spiro_Oxid_Dur=24.00",4500.0,24.0,-200.0,-2.0,0.16385381461033566,False,True
4300.0,22.5,15.52636842105263,0.9673912104924576,0.011661027056386053,16.49375963154509,17.422455193617846,17.461150842037547,False,"SnO2_Rpm=4500, Spiro_Oxid_Dur=24.00",4500.0,24.0,-200.0,-1.5,0.15126076356446275,False,True
4300.0,23.0,15.52636842105263,0.9673912104924576,0.011661027056386053,16.49375963154509,17.422455193617846,17.461150842037547,False,"SnO2_Rpm=4500, Spiro_Oxid_Dur=24.00",4500.0,24.0,-200.0,-1.0,0.141581607117319,False,True
4350.0,4.0,15.52636842105263,0.9673912104924576,0.011661027056386053,16.49375963154509,17.422455193617846,17.461150842037547,False,"SnO2_Rpm=4250, Spiro_Oxid_Dur=3.00",4250.0,3.0,100.0,1.0,0.08192690730516768,False,True
4350.0,4.5,15.52636842105263,0.9673912104924576,0.011661027056386053,16.49375963154509,17.422455193617846,17.461150842037547,False,"SnO2_Rpm=4250, Spiro_Oxid_Dur=3.00",4250.0,3.0,100.0,1.5,0.09770611680325313,False,True
4350.0,5.0,15.52636842105263,0.9673912104924576,0.011661027056386053,16.49375963154509,17.422455193617846,17.461150842037547,False,"SnO2_Rpm=4500, Spiro_Oxid_Dur=6.00",4500.0,6.0,-150.0,-1.0,0.11075907952012395,False,True
4350.0,7.0,15.52636842105263,0.9673912104924576,0.011661027056386053,16.49375963154509,17.422455193617846,17.461150842037547,False,"SnO2_Rpm=4500, Spiro_Oxid_Dur=6.00",4500.0,6.0,-150.0,1.0,0.11075907952012395,False,True
4350.0,7.5,15.52636842105263,0.9673912104924576,0.011661027056386053,16.49375963154509,17.422455193617846,17.461150842037547,False,"SnO2_Rpm=4500, Spiro_Oxid_Dur=6.00",4500.0,6.0,-150.0,1.5,0.1228903609577519,False,True
4350.0,8.0,15.52636842105263,0.9673912104924576,0.011661027056386053,16.49375963154509,17.422455193617846,17.461150842037547,False,"SnO2_Rpm=4500, Spiro_Oxid_Dur=6.00",4500.0,6.0,-150.0,2.0,0.13809523809523816,False,True
4350.0,8.5,15.52636842105263,0.9673912104924576,0.011661027056386053,16.49375963154509,17.422455193617846,17.461150842037547,False,"SnO2_Rpm=4500, Spiro_Oxid_Dur=6.00",4500.0,6.0,-150.0,2.5,0.15547454968870966,False,True
4350.0,9.0,15.52636842105263,0.9673912104924576,0.011661027056386053,16.49375963154509,17.422455193617846,17.461150842037547,False,"SnO2_Rpm=4500, Spiro_Oxid_Dur=6.00",4500.0,6.0,-150.0,3.0,0.17437936593905295,False,True
4350.0,9.5,15.52636842105263,0.9673912104924576,0.011661027056386053,16.49375963154509,17.422455193617846,17.461150842037547,False,"SnO2_Rpm=4500, Spiro_Oxid_Dur=12.00",4500.0,12.0,-150.0,-2.5,0.15547454968870963,False,True
4350.0,10.0,15.52636842105263,0.9673912104924576,0.011661027056386053,16.49375963154509,17.422455193617846,17.461150842037547,False,"SnO2_Rpm=4500, Spiro_Oxid_Dur=12.00",4500.0,12.0,-150.0,-2.0,0.13809523809523816,False,True
4350.0,10.5,15.52636842105263,0.9673912104924576,0.011661027056386053,16.49375963154509,17.422455193617846,17.461150842037547,False,"SnO2_Rpm=4500, Spiro_Oxid_Dur=12.00",4500.0,12.0,-150.0,-1.5,0.12289036095775187,False,True
4350.0,11.0,15.52636842105263,0.9673912104924576,0.011661027056386053,16.49375963154509,17.422455193617846,17.461150842037547,False,"SnO2_Rpm=4500, Spiro_Oxid_Dur=12.00",4500.0,12.0,-150.0,-1.0,0.11075907952012393,False,True
4350.0,13.0,15.52636842105263,0.9673912104924576,0.011661027056386053,16.49375963154509,17.422455193617846,17.461150842037547,False,"SnO2_Rpm=4500, Spiro_Oxid_Dur=12.00",4500.0,12.0,-150.0,1.0,0.11075907952012398,False,True
4350.0,13.5,15.52636842105263,0.9673912104924576,0.011661027056386053,16.49375963154509,17.422455193617846,17.461150842037547,False,"SnO2_Rpm=4500, Spiro_Oxid_Dur=12.00",4500.0,12.0,-150.0,1.5,0.12289036095775192,False,True
4350.0,14.0,15.52636842105263,0.9673912104924576,0.011661027056386053,16.49375963154509,17.422455193617846,17.461150842037547,False,"SnO2_Rpm=4500, Spiro_Oxid_Dur=12.00",4500.0,12.0,-150.0,2.0,0.13809523809523816,False,True
4350.0,14.5,15.52636842105263,0.9673912104924576,0.011661027056386053,16.49375963154509,17.422455193617846,17.461150842037547,False,"SnO2_Rpm=4500, Spiro_Oxid_Dur=12.00",4500.0,12.0,-150.0,2.5,0.15547454968870966,False,True
4350.0,15.0,15.52636842105263,0.9673912104924576,0.011661027056386053,16.49375963154509,17.422455193617846,17.461150842037547,False,"SnO2_Rpm=4500, Spiro_Oxid_Dur=18.00",4500.0,18.0,-150.0,-3.0,0.1743793659390529,False,True
4350.0,15.5,15.52636842105263,0.9673912104924576,0.011661027056386053,16.49375963154509,17.422455193617846,17.461150842037547,False,"SnO2_Rpm=4500, Spiro_Oxid_Dur=18.00",4500.0,18.0,-150.0,-2.5,0.15547454968870958,False,True
4350.0,16.0,15.52636842105263,0.9673912104924576,0.011661027056386053,16.49375963154509,17.422455193617846,17.461150842037547,False,"SnO2_Rpm=4500, Spiro_Oxid_Dur=18.00",4500.0,18.0,-150.0,-2.0,0.13809523809523816,False,True
4350.0,16.5,15.52636842105263,0.9673912104924576,0.011661027056386053,16.49375963154509,17.422455193617846,17.461150842037547,False,"SnO2_Rpm=4500, Spiro_Oxid_Dur=18.00",4500.0,18.0,-150.0,-1.5,0.12289036095775187,False,True
4350.0,17.0,15.52636842105263,0.9673912104924576,0.011661027056386053,16.49375963154509,17.422455193617846,17.461150842037547,False,"SnO2_Rpm=4500, Spiro_Oxid_Dur=18.00",4500.0,18.0,-150.0,-1.0,0.11075907952012393,False,True
4350.0,19.0,15.52636842105263,0.9673912104924576,0.011661027056386053,16.49375963154509,17.422455193617846,17.461150842037547,False,"SnO2_Rpm=4500, Spiro_Oxid_Dur=18.00",4500.0,18.0,-150.0,1.0,0.11075907952012398,False,True
4350.0,19.5,15.52636842105263,0.9673912104924576,0.011661027056386053,16.49375963154509,17.422455193617846,17.461150842037547,False,"SnO2_Rpm=4500, Spiro_Oxid_Dur=18.00",4500.0,18.0,-150.0,1.5,0.12289036095775192,False,True
4350.0,20.0,15.52636842105263,0.9673912104924576,0.011661027056386053,16.49375963154509,17.422455193617846,17.461150842037547,False,"SnO2_Rpm=4500, Spiro_Oxid_Dur=18.00",4500.0,18.0,-150.0,2.0,0.13809523809523816,False,True
4350.0,20.5,15.52636842105263,0.9673912104924576,0.011661027056386053,16.49375963154509,17.422455193617846,17.461150842037547,False,"SnO2_Rpm=4500, Spiro_Oxid_Dur=18.00",4500.0,18.0,-150.0,2.5,0.15547454968870966,False,True
4350.0,21.0,15.52636842105263,0.9673912104924576,0.011661027056386053,16.49375963154509,17.422455193617846,17.461150842037547,False,"SnO2_Rpm=4500, Spiro_Oxid_Dur=24.00",4500.0,24.0,-150.0,-3.0,0.1743793659390529,False,True
4350.0,21.5,15.52636842105263,0.9673912104924576,0.011661027056386053,16.49375963154509,17.422455193617846,17.461150842037547,False,"SnO2_Rpm=4500, Spiro_Oxid_Dur=24.00",4500.0,24.0,-150.0,-2.5,0.15547454968870966,False,True
4350.0,22.0,15.52636842105263,0.9673912104924576,0.011661027056386053,16.49375963154509,17.422455193617846,17.461150842037547,False,"SnO2_Rpm=4500, Spiro_Oxid_Dur=24.00",4500.0,24.0,-150.0,-2.0,0.13809523809523808,False,True
4350.0,22.5,15.52636842105263,0.9673912104924576,0.011661027056386053,16.49375963154509,17.422455193617846,17.461150842037547,False,"SnO2_Rpm=4500, Spiro_Oxid_Dur=24.00",4500.0,24.0,-150.0,-1.5,0.12289036095775187,False,True
4350.0,23.0,15.52636842105263,0.9673912104924576,0.011661027056386053,16.49375963154509,17.422455193617846,17.461150842037547,False,"SnO2_Rpm=4500, Spiro_Oxid_Dur=24.00",4500.0,24.0,-150.0,-1.0,0.11075907952012388,False,True
4400.0,4.0,15.52636842105263,0.9673912104924576,0.011661027056386053,16.49375963154509,17.422455193617846,17.461150842037547,False,"SnO2_Rpm=4500, Spiro_Oxid_Dur=3.00",4500.0,3.0,-100.0,1.0,0.08192690730516804,False,True
4400.0,4.5,15.52636842105263,0.9673912104924576,0.011661027056386053,16.49375963154509,17.422455193617846,17.461150842037547,False,"SnO2_Rpm=4500, Spiro_Oxid_Dur=6.00",4500.0,6.0,-100.0,-1.5,0.09770611680325343,False,True
4400.0,5.0,15.52636842105263,0.9673912104924576,0.011661027056386053,16.49375963154509,17.422455193617846,17.461150842037547,False,"SnO2_Rpm=4500, Spiro_Oxid_Dur=6.00",4500.0,6.0,-100.0,-1.0,0.08192690730516804,False,True
4400.0,7.0,15.52636842105263,0.9673912104924576,0.011661027056386053,16.49375963154509,17.422455193617846,17.461150842037547,False,"SnO2_Rpm=4500, Spiro_Oxid_Dur=6.00",4500.0,6.0,-100.0,1.0,0.08192690730516804,False,True
4400.0,7.5,15.52636842105263,0.9673912104924576,0.011661027056386053,16.49375963154509,17.422455193617846,17.461150842037547,False,"SnO2_Rpm=4500, Spiro_Oxid_Dur=6.00",4500.0,6.0,-100.0,1.5,0.09770611680325345,False,True
4400.0,8.0,15.52636842105263,0.9673912104924576,0.011661027056386053,16.49375963154509,17.422455193617846,17.461150842037547,False,"SnO2_Rpm=4500, Spiro_Oxid_Dur=6.00",4500.0,6.0,-100.0,2.0,0.11625291062603538,False,True
4400.0,8.5,15.52636842105263,0.9673912104924576,0.011661027056386053,16.49375963154509,17.422455193617846,17.461150842037547,False,"SnO2_Rpm=4500, Spiro_Oxid_Dur=6.00",4500.0,6.0,-100.0,2.5,0.13644332173232776,False,True
4400.0,9.0,15.52636842105263,0.9673912104924576,0.011661027056386053,16.49375963154509,17.422455193617846,17.461150842037547,False,"SnO2_Rpm=4500, Spiro_Oxid_Dur=6.00",4500.0,6.0,-100.0,3.0,0.15764709864044626,False,True
4400.0,9.5,15.52636842105263,0.9673912104924576,0.011661027056386053,16.49375963154509,17.422455193617846,17.461150842037547,False,"SnO2_Rpm=4500, Spiro_Oxid_Dur=12.00",4500.0,12.0,-100.0,-2.5,0.1364433217323277,False,True
4400.0,10.0,15.52636842105263,0.9673912104924576,0.011661027056386053,16.49375963154509,17.422455193617846,17.461150842037547,False,"SnO2_Rpm=4500, Spiro_Oxid_Dur=12.00",4500.0,12.0,-100.0,-2.0,0.11625291062603538,False,True
4400.0,10.5,15.52636842105263,0.9673912104924576,0.011661027056386053,16.49375963154509,17.422455193617846,17.461150842037547,False,"SnO2_Rpm=4500, Spiro_Oxid_Dur=12.00",4500.0,12.0,-100.0,-1.5,0.09770611680325342,False,True
4400.0,11.0,15.52636842105263,0.9673912104924576,0.011661027056386053,16.49375963154509,17.422455193617846,17.461150842037547,False,"SnO2_Rpm=4500, Spiro_Oxid_Dur=12.00",4500.0,12.0,-100.0,-1.0,0.08192690730516801,False,True
4400.0,13.0,15.52636842105263,0.9673912104924576,0.011661027056386053,16.49375963154509,17.422455193617846,17.461150842037547,False,"SnO2_Rpm=4500, Spiro_Oxid_Dur=12.00",4500.0,12.0,-100.0,1.0,0.08192690730516808,False,True
4400.0,13.5,15.52636842105263,0.9673912104924576,0.011661027056386053,16.49375963154509,17.422455193617846,17.461150842037547,False,"SnO2_Rpm=4500, Spiro_Oxid_Dur=12.00",4500.0,12.0,-100.0,1.5,0.09770611680325349,False,True
4400.0,14.0,15.52636842105263,0.9673912104924576,0.011661027056386053,16.49375963154509,17.422455193617846,17.461150842037547,False,"SnO2_Rpm=4500, Spiro_Oxid_Dur=12.00",4500.0,12.0,-100.0,2.0,0.11625291062603538,False,True
4400.0,14.5,15.52636842105263,0.9673912104924576,0.011661027056386053,16.49375963154509,17.422455193617846,17.461150842037547,False,"SnO2_Rpm=4500, Spiro_Oxid_Dur=12.00",4500.0,12.0,-100.0,2.5,0.13644332173232776,False,True
4400.0,15.0,15.52636842105263,0.9673912104924576,0.011661027056386053,16.49375963154509,17.422455193617846,17.461150842037547,False,"SnO2_Rpm=4500, Spiro_Oxid_Dur=18.00",4500.0,18.0,-100.0,-3.0,0.1576470986404462,False,True
4400.0,15.5,15.52636842105263,0.9673912104924576,0.011661027056386053,16.49375963154509,17.422455193617846,17.461150842037547,False,"SnO2_Rpm=4500, Spiro_Oxid_Dur=18.00",4500.0,18.0,-100.0,-2.5,0.13644332173232768,False,True
4400.0,16.0,15.52636842105263,0.9673912104924576,0.011661027056386053,16.49375963154509,17.422455193617846,17.461150842037547,False,"SnO2_Rpm=4500, Spiro_Oxid_Dur=18.00",4500.0,18.0,-100.0,-2.0,0.11625291062603538,False,True
4400.0,16.5,15.52636842105263,0.9673912104924576,0.011661027056386053,16.49375963154509,17.422455193617846,17.461150842037547,False,"SnO2_Rpm=4500, Spiro_Oxid_Dur=18.00",4500.0,18.0,-100.0,-1.5,0.09770611680325342,False,True
4400.0,17.0,15.52636842105263,0.9673912104924576,0.011661027056386053,16.49375963154509,17.422455193617846,17.461150842037547,False,"SnO2_Rpm=4500, Spiro_Oxid_Dur=18.00",4500.0,18.0,-100.0,-1.0,0.08192690730516801,False,True
4400.0,19.0,15.52636842105263,0.9673912104924576,0.011661027056386053,16.49375963154509,17.422455193617846,17.461150842037547,False,"SnO2_Rpm=4500, Spiro_Oxid_Dur=18.00",4500.0,18.0,-100.0,1.0,0.08192690730516808,False,True
4400.0,19.5,15.52636842105263,0.9673912104924576,0.011661027056386053,16.49375963154509,17.422455193617846,17.461150842037547,False,"SnO2_Rpm=4500, Spiro_Oxid_Dur=18.00",4500.0,18.0,-100.0,1.5,0.09770611680325349,False,True
4400.0,20.0,15.52636842105263,0.9673912104924576,0.011661027056386053,16.49375963154509,17.422455193617846,17.461150842037547,False,"SnO2_Rpm=4500, Spiro_Oxid_Dur=18.00",4500.0,18.0,-100.0,2.0,0.11625291062603538,False,True
4400.0,20.5,15.52636842105263,0.9673912104924576,0.011661027056386053,16.49375963154509,17.422455193617846,17.461150842037547,False,"SnO2_Rpm=4500, Spiro_Oxid_Dur=18.00",4500.0,18.0,-100.0,2.5,0.13644332173232776,False,True
4400.0,21.0,15.52636842105263,0.9673912104924576,0.011661027056386053,16.49375963154509,17.422455193617846,17.461150842037547,False,"SnO2_Rpm=4500, Spiro_Oxid_Dur=24.00",4500.0,24.0,-100.0,-3.0,0.1576470986404462,False,True
4400.0,21.5,15.52636842105263,0.9673912104924576,0.011661027056386053,16.49375963154509,17.422455193617846,17.461150842037547,False,"SnO2_Rpm=4500, Spiro_Oxid_Dur=24.00",4500.0,24.0,-100.0,-2.5,0.13644332173232776,False,True
4400.0,22.0,15.52636842105263,0.9673912104924576,0.011661027056386053,16.49375963154509,17.422455193617846,17.461150842037547,False,"SnO2_Rpm=4500, Spiro_Oxid_Dur=24.00",4500.0,24.0,-100.0,-2.0,0.1162529106260353,False,True
4400.0,22.5,15.52636842105263,0.9673912104924576,0.011661027056386053,16.49375963154509,17.422455193617846,17.461150842037547,False,"SnO2_Rpm=4500, Spiro_Oxid_Dur=24.00",4500.0,24.0,-100.0,-1.5,0.09770611680325342,False,True
4400.0,23.0,15.52636842105263,0.9673912104924576,0.011661027056386053,16.49375963154509,17.422455193617846,17.461150842037547,False,"SnO2_Rpm=4500, Spiro_Oxid_Dur=24.00",4500.0,24.0,-100.0,-1.0,0.08192690730516794,False,True
4450.0,4.0,15.52636842105263,0.9673912104924576,0.011661027056386053,16.49375963154509,17.422455193617846,17.461150842037547,False,"SnO2_Rpm=4500, Spiro_Oxid_Dur=3.00",4500.0,3.0,-50.0,1.0,0.058126455313017564,False,True
4450.0,4.5,15.52636842105263,0.9673912104924576,0.011661027056386053,16.49375963154509,17.422455193617846,17.461150842037547,False,"SnO2_Rpm=4500, Spiro_Oxid_Dur=6.00",4500.0,6.0,-50.0,-1.5,0.07882354932022304,False,True
4450.0,5.0,15.52636842105263,0.9673912104924576,0.011661027056386053,16.49375963154509,17.422455193617846,17.461150842037547,False,"SnO2_Rpm=4500, Spiro_Oxid_Dur=6.00",4500.0,6.0,-50.0,-1.0,0.058126455313017564,False,True
4450.0,7.0,15.52636842105263,0.9673912104924576,0.011661027056386053,16.49375963154509,17.422455193617846,17.461150842037547,False,"SnO2_Rpm=4500, Spiro_Oxid_Dur=6.00",4500.0,6.0,-50.0,1.0,0.058126455313017564,False,True
4450.0,7.5,15.52636842105263,0.9673912104924576,0.011661027056386053,16.49375963154509,17.422455193617846,17.461150842037547,False,"SnO2_Rpm=4500, Spiro_Oxid_Dur=6.00",4500.0,6.0,-50.0,1.5,0.07882354932022306,False,True
4450.0,8.0,15.52636842105263,0.9673912104924576,0.011661027056386053,16.49375963154509,17.422455193617846,17.461150842037547,False,"SnO2_Rpm=4500, Spiro_Oxid_Dur=6.00",4500.0,6.0,-50.0,2.0,0.10090295285912895,False,True
4450.0,8.5,15.52636842105263,0.9673912104924576,0.011661027056386053,16.49375963154509,17.422455193617846,17.461150842037547,False,"SnO2_Rpm=4500, Spiro_Oxid_Dur=6.00",4500.0,6.0,-50.0,2.5,0.12362623795949683,False,True
4450.0,9.0,15.52636842105263,0.9673912104924576,0.011661027056386053,16.49375963154509,17.422455193617846,17.461150842037547,False,"SnO2_Rpm=4500, Spiro_Oxid_Dur=6.00",4500.0,6.0,-50.0,3.0,0.1466944933404701,False,True
4450.0,9.5,15.52636842105263,0.9673912104924576,0.011661027056386053,16.49375963154509,17.422455193617846,17.461150842037547,False,"SnO2_Rpm=4500, Spiro_Oxid_Dur=12.00",4500.0,12.0,-50.0,-2.5,0.12362623795949679,False,True
4450.0,10.0,15.52636842105263,0.9673912104924576,0.011661027056386053,16.49375963154509,17.422455193617846,17.461150842037547,False,"SnO2_Rpm=4500, Spiro_Oxid_Dur=12.00",4500.0,12.0,-50.0,-2.0,0.10090295285912895,False,True
4450.0,10.5,15.52636842105263,0.9673912104924576,0.011661027056386053,16.49375963154509,17.422455193617846,17.461150842037547,False,"SnO2_Rpm=4500, Spiro_Oxid_Dur=12.00",4500.0,12.0,-50.0,-1.5,0.07882354932022301,False,True
4450.0,11.0,15.52636842105263,0.9673912104924576,0.011661027056386053,16.49375963154509,17.422455193617846,17.461150842037547,False,"SnO2_Rpm=4500, Spiro_Oxid_Dur=12.00",4500.0,12.0,-50.0,-1.0,0.05812645531301752,False,True
4450.0,13.0,15.52636842105263,0.9673912104924576,0.011661027056386053,16.49375963154509,17.422455193617846,17.461150842037547,False,"SnO2_Rpm=4500, Spiro_Oxid_Dur=12.00",4500.0,12.0,-50.0,1.0,0.05812645531301761,False,True
4450.0,13.5,15.52636842105263,0.9673912104924576,0.011661027056386053,16.49375963154509,17.422455193617846,17.461150842037547,False,"SnO2_Rpm=4500, Spiro_Oxid_Dur=12.00",4500.0,12.0,-50.0,1.5,0.07882354932022312,False,True
4450.0,14.0,15.52636842105263,0.9673912104924576,0.011661027056386053,16.49375963154509,17.422455193617846,17.461150842037547,False,"SnO2_Rpm=4500, Spiro_Oxid_Dur=12.00",4500.0,12.0,-50.0,2.0,0.10090295285912895,False,True
4450.0,14.5,15.52636842105263,0.9673912104924576,0.011661027056386053,16.49375963154509,17.422455193617846,17.461150842037547,False,"SnO2_Rpm=4500, Spiro_Oxid_Dur=12.00",4500.0,12.0,-50.0,2.5,0.12362623795949683,False,True
4450.0,15.0,15.52636842105263,0.9673912104924576,0.011661027056386053,16.49375963154509,17.422455193617846,17.461150842037547,False,"SnO2_Rpm=4500, Spiro_Oxid_Dur=18.00",4500.0,18.0,-50.0,-3.0,0.14669449334047005,False,True
4450.0,15.5,15.52636842105263,0.9673912104924576,0.011661027056386053,16.49375963154509,17.422455193617846,17.461150842037547,False,"SnO2_Rpm=4500, Spiro_Oxid_Dur=18.00",4500.0,18.0,-50.0,-2.5,0.12362623795949673,False,True
4450.0,16.0,15.52636842105263,0.9673912104924576,0.011661027056386053,16.49375963154509,17.422455193617846,17.461150842037547,False,"SnO2_Rpm=4500, Spiro_Oxid_Dur=18.00",4500.0,18.0,-50.0,-2.0,0.10090295285912895,False,True
4450.0,16.5,15.52636842105263,0.9673912104924576,0.011661027056386053,16.49375963154509,17.422455193617846,17.461150842037547,False,"SnO2_Rpm=4500, Spiro_Oxid_Dur=18.00",4500.0,18.0,-50.0,-1.5,0.07882354932022301,False,True
4450.0,17.0,15.52636842105263,0.9673912104924576,0.011661027056386053,16.49375963154509,17.422455193617846,17.461150842037547,False,"SnO2_Rpm=4500, Spiro_Oxid_Dur=18.00",4500.0,18.0,-50.0,-1.0,0.05812645531301752,False,True
4450.0,19.0,15.52636842105263,0.9673912104924576,0.011661027056386053,16.49375963154509,17.422455193617846,17.461150842037547,False,"SnO2_Rpm=4500, Spiro_Oxid_Dur=18.00",4500.0,18.0,-50.0,1.0,0.05812645531301761,False,True
4450.0,19.5,15.52636842105263,0.9673912104924576,0.011661027056386053,16.49375963154509,17.422455193617846,17.461150842037547,False,"SnO2_Rpm=4500, Spiro_Oxid_Dur=18.00",4500.0,18.0,-50.0,1.5,0.07882354932022312,False,True
4450.0,20.0,15.52636842105263,0.9673912104924576,0.011661027056386053,16.49375963154509,17.422455193617846,17.461150842037547,False,"SnO2_Rpm=4500, Spiro_Oxid_Dur=18.00",4500.0,18.0,-50.0,2.0,0.10090295285912895,False,True
4450.0,20.5,15.52636842105263,0.9673912104924576,0.011661027056386053,16.49375963154509,17.422455193617846,17.461150842037547,False,"SnO2_Rpm=4500, Spiro_Oxid_Dur=18.00",4500.0,18.0,-50.0,2.5,0.12362623795949683,False,True
4450.0,21.0,15.52636842105263,0.9673912104924576,0.011661027056386053,16.49375963154509,17.422455193617846,17.461150842037547,False,"SnO2_Rpm=4500, Spiro_Oxid_Dur=24.00",4500.0,24.0,-50.0,-3.0,0.14669449334047005,False,True
4450.0,21.5,15.52636842105263,0.9673912104924576,0.011661027056386053,16.49375963154509,17.422455193617846,17.461150842037547,False,"SnO2_Rpm=4500, Spiro_Oxid_Dur=24.00",4500.0,24.0,-50.0,-2.5,0.12362623795949683,False,True
4450.0,22.0,15.52636842105263,0.9673912104924576,0.011661027056386053,16.49375963154509,17.422455193617846,17.461150842037547,False,"SnO2_Rpm=4500, Spiro_Oxid_Dur=24.00",4500.0,24.0,-50.0,-2.0,0.10090295285912886,False,True
4450.0,22.5,15.52636842105263,0.9673912104924576,0.011661027056386053,16.49375963154509,17.422455193617846,17.461150842037547,False,"SnO2_Rpm=4500, Spiro_Oxid_Dur=24.00",4500.0,24.0,-50.0,-1.5,0.07882354932022301,False,True
4450.0,23.0,15.52636842105263,0.9673912104924576,0.011661027056386053,16.49375963154509,17.422455193617846,17.461150842037547,False,"SnO2_Rpm=4500, Spiro_Oxid_Dur=24.00",4500.0,24.0,-50.0,-1.0,0.05812645531301743,False,True
4500.0,4.0,15.52636842105263,0.9673912104924576,0.011661027056386053,16.49375963154509,17.422455193617846,17.461150842037547,False,"SnO2_Rpm=4500, Spiro_Oxid_Dur=3.00",4500.0,3.0,0.0,1.0,0.047619047619047616,False,True
4500.0,4.5,15.52636842105263,0.9673912104924576,0.011661027056386053,16.49375963154509,17.422455193617846,17.461150842037547,False,"SnO2_Rpm=4500, Spiro_Oxid_Dur=6.00",4500.0,6.0,0.0,-1.5,0.07142857142857142,False,True
4500.0,5.0,15.52636842105263,0.9673912104924576,0.011661027056386053,16.49375963154509,17.422455193617846,17.461150842037547,False,"SnO2_Rpm=4500, Spiro_Oxid_Dur=6.00",4500.0,6.0,0.0,-1.0,0.047619047619047616,False,True
4500.0,7.0,15.52636842105263,0.9673912104924576,0.011661027056386053,16.49375963154509,17.422455193617846,17.461150842037547,False,"SnO2_Rpm=4500, Spiro_Oxid_Dur=6.00",4500.0,6.0,0.0,1.0,0.047619047619047616,False,True
4500.0,7.5,15.52636842105263,0.9673912104924576,0.011661027056386053,16.49375963154509,17.422455193617846,17.461150842037547,False,"SnO2_Rpm=4500, Spiro_Oxid_Dur=6.00",4500.0,6.0,0.0,1.5,0.07142857142857145,False,True
4500.0,8.0,15.52636842105263,0.9673912104924576,0.011661027056386053,16.49375963154509,17.422455193617846,17.461150842037547,False,"SnO2_Rpm=4500, Spiro_Oxid_Dur=6.00",4500.0,6.0,0.0,2.0,0.09523809523809523,False,True
4500.0,8.5,15.52636842105263,0.9673912104924576,0.011661027056386053,16.49375963154509,17.422455193617846,17.461150842037547,False,"SnO2_Rpm=4500, Spiro_Oxid_Dur=6.00",4500.0,6.0,0.0,2.5,0.11904761904761907,False,True
4500.0,9.0,15.52636842105263,0.9673912104924576,0.011661027056386053,16.49375963154509,17.422455193617846,17.461150842037547,False,"SnO2_Rpm=4500, Spiro_Oxid_Dur=6.00",4500.0,6.0,0.0,3.0,0.14285714285714285,False,True
4500.0,9.5,15.52636842105263,0.9673912104924576,0.011661027056386053,16.49375963154509,17.422455193617846,17.461150842037547,False,"SnO2_Rpm=4500, Spiro_Oxid_Dur=12.00",4500.0,12.0,0.0,-2.5,0.11904761904761901,False,True
4500.0,10.0,15.52636842105263,0.9673912104924576,0.011661027056386053,16.49375963154509,17.422455193617846,17.461150842037547,False,"SnO2_Rpm=4500, Spiro_Oxid_Dur=12.00",4500.0,12.0,0.0,-2.0,0.09523809523809523,False,True
4500.0,10.5,15.52636842105263,0.9673912104924576,0.011661027056386053,16.49375963154509,17.422455193617846,17.461150842037547,False,"SnO2_Rpm=4500, Spiro_Oxid_Dur=12.00",4500.0,12.0,0.0,-1.5,0.0714285714285714,False,True
4500.0,11.0,15.52636842105263,0.9673912104924576,0.011661027056386053,16.49375963154509,17.422455193617846,17.461150842037547,False,"SnO2_Rpm=4500, Spiro_Oxid_Dur=12.00",4500.0,12.0,0.0,-1.0,0.04761904761904756,False,True
4500.0,13.0,15.52636842105263,0.9673912104924576,0.011661027056386053,16.49375963154509,17.422455193617846,17.461150842037547,False,"SnO2_Rpm=4500, Spiro_Oxid_Dur=12.00",4500.0,12.0,0.0,1.0,0.04761904761904767,False,True
4500.0,13.5,15.52636842105263,0.9673912104924576,0.011661027056386053,16.49375963154509,17.422455193617846,17.461150842037547,False,"SnO2_Rpm=4500, Spiro_Oxid_Dur=12.00",4500.0,12.0,0.0,1.5,0.07142857142857151,False,True
4500.0,14.0,15.52636842105263,0.9673912104924576,0.011661027056386053,16.49375963154509,17.422455193617846,17.461150842037547,False,"SnO2_Rpm=4500, Spiro_Oxid_Dur=12.00",4500.0,12.0,0.0,2.0,0.09523809523809523,False,True
4500.0,14.5,15.52636842105263,0.9673912104924576,0.011661027056386053,16.49375963154509,17.422455193617846,17.461150842037547,False,"SnO2_Rpm=4500, Spiro_Oxid_Dur=12.00",4500.0,12.0,0.0,2.5,0.11904761904761907,False,True
4500.0,15.0,15.52636842105263,0.9673912104924576,0.011661027056386053,16.49375963154509,17.422455193617846,17.461150842037547,False,"SnO2_Rpm=4500, Spiro_Oxid_Dur=18.00",4500.0,18.0,0.0,-3.0,0.1428571428571428,False,True
4500.0,15.5,15.52636842105263,0.9673912104924576,0.011661027056386053,16.49375963154509,17.422455193617846,17.461150842037547,False,"SnO2_Rpm=4500, Spiro_Oxid_Dur=18.00",4500.0,18.0,0.0,-2.5,0.11904761904761896,False,True
4500.0,16.0,15.52636842105263,0.9673912104924576,0.011661027056386053,16.49375963154509,17.422455193617846,17.461150842037547,False,"SnO2_Rpm=4500, Spiro_Oxid_Dur=18.00",4500.0,18.0,0.0,-2.0,0.09523809523809523,False,True
4500.0,16.5,15.52636842105263,0.9673912104924576,0.011661027056386053,16.49375963154509,17.422455193617846,17.461150842037547,False,"SnO2_Rpm=4500, Spiro_Oxid_Dur=18.00",4500.0,18.0,0.0,-1.5,0.0714285714285714,False,True
4500.0,17.0,15.52636842105263,0.9673912104924576,0.011661027056386053,16.49375963154509,17.422455193617846,17.461150842037547,False,"SnO2_Rpm=4500, Spiro_Oxid_Dur=18.00",4500.0,18.0,0.0,-1.0,0.04761904761904756,False,True
4500.0,19.0,15.52636842105263,0.9673912104924576,0.011661027056386053,16.49375963154509,17.422455193617846,17.461150842037547,False,"SnO2_Rpm=4500, Spiro_Oxid_Dur=18.00",4500.0,18.0,0.0,1.0,0.04761904761904767,False,True
4500.0,19.5,15.52636842105263,0.9673912104924576,0.011661027056386053,16.49375963154509,17.422455193617846,17.461150842037547,False,"SnO2_Rpm=4500, Spiro_Oxid_Dur=18.00",4500.0,18.0,0.0,1.5,0.07142857142857151,False,True
4500.0,20.0,15.52636842105263,0.9673912104924576,0.011661027056386053,16.49375963154509,17.422455193617846,17.461150842037547,False,"SnO2_Rpm=4500, Spiro_Oxid_Dur=18.00",4500.0,18.0,0.0,2.0,0.09523809523809523,False,True
4500.0,20.5,15.52636842105263,0.9673912104924576,0.011661027056386053,16.49375963154509,17.422455193617846,17.461150842037547,False,"SnO2_Rpm=4500, Spiro_Oxid_Dur=18.00",4500.0,18.0,0.0,2.5,0.11904761904761907,False,True
4500.0,21.0,15.52636842105263,0.9673912104924576,0.011661027056386053,16.49375963154509,17.422455193617846,17.461150842037547,False,"SnO2_Rpm=4500, Spiro_Oxid_Dur=24.00",4500.0,24.0,0.0,-3.0,0.1428571428571428,False,True
4500.0,21.5,15.52636842105263,0.9673912104924576,0.011661027056386053,16.49375963154509,17.422455193617846,17.461150842037547,False,"SnO2_Rpm=4500, Spiro_Oxid_Dur=24.00",4500.0,24.0,0.0,-2.5,0.11904761904761907,False,True
4500.0,22.0,15.52636842105263,0.9673912104924576,0.011661027056386053,16.49375963154509,17.422455193617846,17.461150842037547,False,"SnO2_Rpm=4500, Spiro_Oxid_Dur=24.00",4500.0,24.0,0.0,-2.0,0.09523809523809512,False,True
4500.0,22.5,15.52636842105263,0.9673912104924576,0.011661027056386053,16.49375963154509,17.422455193617846,17.461150842037547,False,"SnO2_Rpm=4500, Spiro_Oxid_Dur=24.00",4500.0,24.0,0.0,-1.5,0.0714285714285714,False,True
4500.0,23.0,15.52636842105263,0.9673912104924576,0.011661027056386053,16.49375963154509,17.422455193617846,17.461150842037547,False,"SnO2_Rpm=4500, Spiro_Oxid_Dur=24.00",4500.0,24.0,0.0,-1.0,0.04761904761904745,False,True
4550.0,4.0,15.52636842105263,0.9673912104924576,0.011661027056386053,16.49375963154509,17.422455193617846,17.461150842037547,False,"SnO2_Rpm=4500, Spiro_Oxid_Dur=3.00",4500.0,3.0,50.0,1.0,0.058126455313017564,False,True
4550.0,4.5,15.52636842105263,0.9673912104924576,0.011661027056386053,16.49375963154509,17.422455193617846,17.461150842037547,False,"SnO2_Rpm=4500, Spiro_Oxid_Dur=6.00",4500.0,6.0,50.0,-1.5,0.07882354932022304,False,True
4550.0,5.0,15.52636842105263,0.9673912104924576,0.011661027056386053,16.49375963154509,17.422455193617846,17.461150842037547,False,"SnO2_Rpm=4500, Spiro_Oxid_Dur=6.00",4500.0,6.0,50.0,-1.0,0.058126455313017564,False,True
4550.0,7.0,15.52636842105263,0.9673912104924576,0.011661027056386053,16.49375963154509,17.422455193617846,17.461150842037547,False,"SnO2_Rpm=4500, Spiro_Oxid_Dur=6.00",4500.0,6.0,50.0,1.0,0.058126455313017564,False,True
4550.0,7.5,15.52636842105263,0.9673912104924576,0.011661027056386053,16.49375963154509,17.422455193617846,17.461150842037547,False,"SnO2_Rpm=4500, Spiro_Oxid_Dur=6.00",4500.0,6.0,50.0,1.5,0.07882354932022306,False,True
4550.0,8.0,15.52636842105263,0.9673912104924576,0.011661027056386053,16.49375963154509,17.422455193617846,17.461150842037547,False,"SnO2_Rpm=4500, Spiro_Oxid_Dur=6.00",4500.0,6.0,50.0,2.0,0.10090295285912895,False,True
4550.0,8.5,15.52636842105263,0.9673912104924576,0.011661027056386053,16.49375963154509,17.422455193617846,17.461150842037547,False,"SnO2_Rpm=4500, Spiro_Oxid_Dur=6.00",4500.0,6.0,50.0,2.5,0.12362623795949683,False,True
4550.0,9.0,15.52636842105263,0.9673912104924576,0.011661027056386053,16.49375963154509,17.422455193617846,17.461150842037547,False,"SnO2_Rpm=4500, Spiro_Oxid_Dur=6.00",4500.0,6.0,50.0,3.0,0.1466944933404701,False,True
4550.0,9.5,15.52636842105263,0.9673912104924576,0.011661027056386053,16.49375963154509,17.422455193617846,17.461150842037547,False,"SnO2_Rpm=4500, Spiro_Oxid_Dur=12.00",4500.0,12.0,50.0,-2.5,0.12362623795949679,False,True
4550.0,10.0,15.52636842105263,0.9673912104924576,0.011661027056386053,16.49375963154509,17.422455193617846,17.461150842037547,False,"SnO2_Rpm=4500, Spiro_Oxid_Dur=12.00",4500.0,12.0,50.0,-2.0,0.10090295285912895,False,True
4550.0,10.5,15.52636842105263,0.9673912104924576,0.011661027056386053,16.49375963154509,17.422455193617846,17.461150842037547,False,"SnO2_Rpm=4500, Spiro_Oxid_Dur=12.00",4500.0,12.0,50.0,-1.5,0.07882354932022301,False,True
4550.0,11.0,15.52636842105263,0.9673912104924576,0.011661027056386053,16.49375963154509,17.422455193617846,17.461150842037547,False,"SnO2_Rpm=4500, Spiro_Oxid_Dur=12.00",4500.0,12.0,50.0,-1.0,0.05812645531301752,False,True
4550.0,13.0,15.52636842105263,0.9673912104924576,0.011661027056386053,16.49375963154509,17.422455193617846,17.461150842037547,False,"SnO2_Rpm=4500, Spiro_Oxid_Dur=12.00",4500.0,12.0,50.0,1.0,0.05812645531301761,False,True
4550.0,13.5,15.52636842105263,0.9673912104924576,0.011661027056386053,16.49375963154509,17.422455193617846,17.461150842037547,False,"SnO2_Rpm=4500, Spiro_Oxid_Dur=12.00",4500.0,12.0,50.0,1.5,0.07882354932022312,False,True
4550.0,14.0,15.52636842105263,0.9673912104924576,0.011661027056386053,16.49375963154509,17.422455193617846,17.461150842037547,False,"SnO2_Rpm=4500, Spiro_Oxid_Dur=12.00",4500.0,12.0,50.0,2.0,0.10090295285912895,False,True
4550.0,14.5,15.52636842105263,0.9673912104924576,0.011661027056386053,16.49375963154509,17.422455193617846,17.461150842037547,False,"SnO2_Rpm=4500, Spiro_Oxid_Dur=12.00",4500.0,12.0,50.0,2.5,0.12362623795949683,False,True
4550.0,15.0,15.52636842105263,0.9673912104924576,0.011661027056386053,16.49375963154509,17.422455193617846,17.461150842037547,False,"SnO2_Rpm=4500, Spiro_Oxid_Dur=18.00",4500.0,18.0,50.0,-3.0,0.14669449334047005,False,True
4550.0,15.5,15.52636842105263,0.9673912104924576,0.011661027056386053,16.49375963154509,17.422455193617846,17.461150842037547,False,"SnO2_Rpm=4500, Spiro_Oxid_Dur=18.00",4500.0,18.0,50.0,-2.5,0.12362623795949673,False,True
4550.0,16.0,15.52636842105263,0.9673912104924576,0.011661027056386053,16.49375963154509,17.422455193617846,17.461150842037547,False,"SnO2_Rpm=4500, Spiro_Oxid_Dur=18.00",4500.0,18.0,50.0,-2.0,0.10090295285912895,False,True
4550.0,16.5,15.52636842105263,0.9673912104924576,0.011661027056386053,16.49375963154509,17.422455193617846,17.461150842037547,False,"SnO2_Rpm=4500, Spiro_Oxid_Dur=18.00",4500.0,18.0,50.0,-1.5,0.07882354932022301,False,True
4550.0,17.0,15.52636842105263,0.9673912104924576,0.011661027056386053,16.49375963154509,17.422455193617846,17.461150842037547,False,"SnO2_Rpm=4500, Spiro_Oxid_Dur=18.00",4500.0,18.0,50.0,-1.0,0.05812645531301752,False,True
4550.0,19.0,15.52636842105263,0.9673912104924576,0.011661027056386053,16.49375963154509,17.422455193617846,17.461150842037547,False,"SnO2_Rpm=4500, Spiro_Oxid_Dur=18.00",4500.0,18.0,50.0,1.0,0.05812645531301761,False,True
4550.0,19.5,15.52636842105263,0.9673912104924576,0.011661027056386053,16.49375963154509,17.422455193617846,17.461150842037547,False,"SnO2_Rpm=4500, Spiro_Oxid_Dur=18.00",4500.0,18.0,50.0,1.5,0.07882354932022312,False,True
4550.0,20.0,15.52636842105263,0.9673912104924576,0.011661027056386053,16.49375963154509,17.422455193617846,17.461150842037547,False,"SnO2_Rpm=4500, Spiro_Oxid_Dur=18.00",4500.0,18.0,50.0,2.0,0.10090295285912895,False,True
4550.0,20.5,15.52636842105263,0.9673912104924576,0.011661027056386053,16.49375963154509,17.422455193617846,17.461150842037547,False,"SnO2_Rpm=4500, Spiro_Oxid_Dur=18.00",4500.0,18.0,50.0,2.5,0.12362623795949683,False,True
4550.0,21.0,15.52636842105263,0.9673912104924576,0.011661027056386053,16.49375963154509,17.422455193617846,17.461150842037547,False,"SnO2_Rpm=4500, Spiro_Oxid_Dur=24.00",4500.0,24.0,50.0,-3.0,0.14669449334047005,False,True
4550.0,21.5,15.52636842105263,0.9673912104924576,0.011661027056386053,16.49375963154509,17.422455193617846,17.461150842037547,False,"SnO2_Rpm=4500, Spiro_Oxid_Dur=24.00",4500.0,24.0,50.0,-2.5,0.12362623795949683,False,True
4550.0,22.0,15.52636842105263,0.9673912104924576,0.011661027056386053,16.49375963154509,17.422455193617846,17.461150842037547,False,"SnO2_Rpm=4500, Spiro_Oxid_Dur=24.00",4500.0,24.0,50.0,-2.0,0.10090295285912886,False,True
4550.0,22.5,15.52636842105263,0.9673912104924576,0.011661027056386053,16.49375963154509,17.422455193617846,17.461150842037547,False,"SnO2_Rpm=4500, Spiro_Oxid_Dur=24.00",4500.0,24.0,50.0,-1.5,0.07882354932022301,False,True
4550.0,23.0,15.52636842105263,0.9673912104924576,0.011661027056386053,16.49375963154509,17.422455193617846,17.461150842037547,False,"SnO2_Rpm=4500, Spiro_Oxid_Dur=24.00",4500.0,24.0,50.0,-1.0,0.05812645531301743,False,True
4600.0,4.0,15.52636842105263,0.9673912104924576,0.011661027056386053,16.49375963154509,17.422455193617846,17.461150842037547,False,"SnO2_Rpm=4500, Spiro_Oxid_Dur=3.00",4500.0,3.0,100.0,1.0,0.08192690730516804,False,True
4600.0,4.5,15.52636842105263,0.9673912104924576,0.011661027056386053,16.49375963154509,17.422455193617846,17.461150842037547,False,"SnO2_Rpm=4500, Spiro_Oxid_Dur=6.00",4500.0,6.0,100.0,-1.5,0.09770611680325343,False,True
4600.0,5.0,15.52636842105263,0.9673912104924576,0.011661027056386053,16.49375963154509,17.422455193617846,17.461150842037547,False,"SnO2_Rpm=4500, Spiro_Oxid_Dur=6.00",4500.0,6.0,100.0,-1.0,0.08192690730516804,False,True
4600.0,7.0,15.52636842105263,0.9673912104924576,0.011661027056386053,16.49375963154509,17.422455193617846,17.461150842037547,False,"SnO2_Rpm=4500, Spiro_Oxid_Dur=6.00",4500.0,6.0,100.0,1.0,0.08192690730516804,False,True
4600.0,7.5,15.52636842105263,0.9673912104924576,0.011661027056386053,16.49375963154509,17.422455193617846,17.461150842037547,False,"SnO2_Rpm=4500, Spiro_Oxid_Dur=6.00",4500.0,6.0,100.0,1.5,0.09770611680325345,False,True
4600.0,8.0,15.52636842105263,0.9673912104924576,0.011661027056386053,16.49375963154509,17.422455193617846,17.461150842037547,False,"SnO2_Rpm=4500, Spiro_Oxid_Dur=6.00",4500.0,6.0,100.0,2.0,0.11625291062603538,False,True
4600.0,8.5,15.52636842105263,0.9673912104924576,0.011661027056386053,16.49375963154509,17.422455193617846,17.461150842037547,False,"SnO2_Rpm=4500, Spiro_Oxid_Dur=6.00",4500.0,6.0,100.0,2.5,0.13644332173232776,False,True
4600.0,9.0,15.52636842105263,0.9673912104924576,0.011661027056386053,16.49375963154509,17.422455193617846,17.461150842037547,False,"SnO2_Rpm=4500, Spiro_Oxid_Dur=6.00",4500.0,6.0,100.0,3.0,0.15764709864044626,False,True
4600.0,9.5,15.52636842105263,0.9673912104924576,0.011661027056386053,16.49375963154509,17.422455193617846,17.461150842037547,False,"SnO2_Rpm=4500, Spiro_Oxid_Dur=12.00",4500.0,12.0,100.0,-2.5,0.1364433217323277,False,True
4600.0,10.0,15.52636842105263,0.9673912104924576,0.011661027056386053,16.49375963154509,17.422455193617846,17.461150842037547,False,"SnO2_Rpm=4500, Spiro_Oxid_Dur=12.00",4500.0,12.0,100.0,-2.0,0.11625291062603538,False,True
4600.0,10.5,15.52636842105263,0.9673912104924576,0.011661027056386053,16.49375963154509,17.422455193617846,17.461150842037547,False,"SnO2_Rpm=4500, Spiro_Oxid_Dur=12.00",4500.0,12.0,100.0,-1.5,0.09770611680325342,False,True
4600.0,11.0,15.52636842105263,0.9673912104924576,0.011661027056386053,16.49375963154509,17.422455193617846,17.461150842037547,False,"SnO2_Rpm=4500, Spiro_Oxid_Dur=12.00",4500.0,12.0,100.0,-1.0,0.08192690730516801,False,True
4600.0,13.0,15.52636842105263,0.9673912104924576,0.011661027056386053,16.49375963154509,17.422455193617846,17.461150842037547,False,"SnO2_Rpm=4500, Spiro_Oxid_Dur=12.00",4500.0,12.0,100.0,1.0,0.08192690730516808,False,True
4600.0,13.5,15.52636842105263,0.9673912104924576,0.011661027056386053,16.49375963154509,17.422455193617846,17.461150842037547,False,"SnO2_Rpm=4500, Spiro_Oxid_Dur=12.00",4500.0,12.0,100.0,1.5,0.09770611680325349,False,True
4600.0,14.0,15.52636842105263,0.9673912104924576,0.011661027056386053,16.49375963154509,17.422455193617846,17.461150842037547,False,"SnO2_Rpm=4500, Spiro_Oxid_Dur=12.00",4500.0,12.0,100.0,2.0,0.11625291062603538,False,True
4600.0,14.5,15.52636842105263,0.9673912104924576,0.011661027056386053,16.49375963154509,17.422455193617846,17.461150842037547,False,"SnO2_Rpm=4500, Spiro_Oxid_Dur=12.00",4500.0,12.0,100.0,2.5,0.13644332173232776,False,True
4600.0,15.0,15.52636842105263,0.9673912104924576,0.011661027056386053,16.49375963154509,17.422455193617846,17.461150842037547,False,"SnO2_Rpm=4500, Spiro_Oxid_Dur=18.00",4500.0,18.0,100.0,-3.0,0.1576470986404462,False,True
4600.0,15.5,15.52636842105263,0.9673912104924576,0.011661027056386053,16.49375963154509,17.422455193617846,17.461150842037547,False,"SnO2_Rpm=4500, Spiro_Oxid_Dur=18.00",4500.0,18.0,100.0,-2.5,0.13644332173232768,False,True
4600.0,16.0,15.52636842105263,0.9673912104924576,0.011661027056386053,16.49375963154509,17.422455193617846,17.461150842037547,False,"SnO2_Rpm=4500, Spiro_Oxid_Dur=18.00",4500.0,18.0,100.0,-2.0,0.11625291062603538,False,True
4600.0,16.5,15.52636842105263,0.9673912104924576,0.011661027056386053,16.49375963154509,17.422455193617846,17.461150842037547,False,"SnO2_Rpm=4500, Spiro_Oxid_Dur=18.00",4500.0,18.0,100.0,-1.5,0.09770611680325342,False,True
4600.0,17.0,15.52636842105263,0.9673912104924576,0.011661027056386053,16.49375963154509,17.422455193617846,17.461150842037547,False,"SnO2_Rpm=4500, Spiro_Oxid_Dur=18.00",4500.0,18.0,100.0,-1.0,0.08192690730516801,False,True
4600.0,19.0,15.52636842105263,0.9673912104924576,0.011661027056386053,16.49375963154509,17.422455193617846,17.461150842037547,False,"SnO2_Rpm=4500, Spiro_Oxid_Dur=18.00",4500.0,18.0,100.0,1.0,0.08192690730516808,False,True
4600.0,19.5,15.52636842105263,0.9673912104924576,0.011661027056386053,16.49375963154509,17.422455193617846,17.461150842037547,False,"SnO2_Rpm=4500, Spiro_Oxid_Dur=18.00",4500.0,18.0,100.0,1.5,0.09770611680325349,False,True
4600.0,20.0,15.52636842105263,0.9673912104924576,0.011661027056386053,16.49375963154509,17.422455193617846,17.461150842037547,False,"SnO2_Rpm=4500, Spiro_Oxid_Dur=18.00",4500.0,18.0,100.0,2.0,0.11625291062603538,False,True
4600.0,20.5,15.52636842105263,0.9673912104924576,0.011661027056386053,16.49375963154509,17.422455193617846,17.461150842037547,False,"SnO2_Rpm=4500, Spiro_Oxid_Dur=18.00",4500.0,18.0,100.0,2.5,0.13644332173232776,False,True
4600.0,21.0,15.52636842105263,0.9673912104924576,0.011661027056386053,16.49375963154509,17.422455193617846,17.461150842037547,False,"SnO2_Rpm=4500, Spiro_Oxid_Dur=24.00",4500.0,24.0,100.0,-3.0,0.1576470986404462,False,True
4600.0,21.5,15.52636842105263,0.9673912104924576,0.011661027056386053,16.49375963154509,17.422455193617846,17.461150842037547,False,"SnO2_Rpm=4500, Spiro_Oxid_Dur=24.00",4500.0,24.0,100.0,-2.5,0.13644332173232776,False,True
4600.0,22.0,15.52636842105263,0.9673912104924576,0.011661027056386053,16.49375963154509,17.422455193617846,17.461150842037547,False,"SnO2_Rpm=4500, Spiro_Oxid_Dur=24.00",4500.0,24.0,100.0,-2.0,0.1162529106260353,False,True
4600.0,22.5,15.52636842105263,0.9673912104924576,0.011661027056386053,16.49375963154509,17.422455193617846,17.461150842037547,False,"SnO2_Rpm=4500, Spiro_Oxid_Dur=24.00",4500.0,24.0,100.0,-1.5,0.09770611680325342,False,True
4600.0,23.0,15.52636842105263,0.9673912104924576,0.011661027056386053,16.49375963154509,17.422455193617846,17.461150842037547,False,"SnO2_Rpm=4500, Spiro_Oxid_Dur=24.00",4500.0,24.0,100.0,-1.0,0.08192690730516794,False,True
4650.0,4.0,15.52636842105263,0.9673912104924576,0.011661027056386053,16.49375963154509,17.422455193617846,17.461150842037547,False,"SnO2_Rpm=4750, Spiro_Oxid_Dur=3.00",4750.0,3.0,-100.0,1.0,0.08192690730516768,False,True
4650.0,4.5,15.52636842105263,0.9673912104924576,0.011661027056386053,16.49375963154509,17.422455193617846,17.461150842037547,False,"SnO2_Rpm=4750, Spiro_Oxid_Dur=3.00",4750.0,3.0,-100.0,1.5,0.09770611680325313,False,True
4650.0,5.0,15.52636842105263,0.9673912104924576,0.011661027056386053,16.49375963154509,17.422455193617846,17.461150842037547,False,"SnO2_Rpm=4500, Spiro_Oxid_Dur=6.00",4500.0,6.0,150.0,-1.0,0.11075907952012395,False,True
4650.0,7.0,15.52636842105263,0.9673912104924576,0.011661027056386053,16.49375963154509,17.422455193617846,17.461150842037547,False,"SnO2_Rpm=4500, Spiro_Oxid_Dur=6.00",4500.0,6.0,150.0,1.0,0.11075907952012395,False,True
4650.0,7.5,15.52636842105263,0.9673912104924576,0.011661027056386053,16.49375963154509,17.422455193617846,17.461150842037547,False,"SnO2_Rpm=4500, Spiro_Oxid_Dur=6.00",4500.0,6.0,150.0,1.5,0.1228903609577519,False,True
4650.0,8.0,15.52636842105263,0.9673912104924576,0.011661027056386053,16.49375963154509,17.422455193617846,17.461150842037547,False,"SnO2_Rpm=4500, Spiro_Oxid_Dur=6.00",4500.0,6.0,150.0,2.0,0.13809523809523816,False,True
4650.0,8.5,15.52636842105263,0.9673912104924576,0.011661027056386053,16.49375963154509,17.422455193617846,17.461150842037547,False,"SnO2_Rpm=4500, Spiro_Oxid_Dur=6.00",4500.0,6.0,150.0,2.5,0.15547454968870966,False,True
4650.0,9.0,15.52636842105263,0.9673912104924576,0.011661027056386053,16.49375963154509,17.422455193617846,17.461150842037547,False,"SnO2_Rpm=4500, Spiro_Oxid_Dur=6.00",4500.0,6.0,150.0,3.0,0.17437936593905295,False,True
4650.0,9.5,15.52636842105263,0.9673912104924576,0.011661027056386053,16.49375963154509,17.422455193617846,17.461150842037547,False,"SnO2_Rpm=4500, Spiro_Oxid_Dur=12.00",4500.0,12.0,150.0,-2.5,0.15547454968870963,False,True
4650.0,10.0,15.52636842105263,0.9673912104924576,0.011661027056386053,16.49375963154509,17.422455193617846,17.461150842037547,False,"SnO2_Rpm=4500, Spiro_Oxid_Dur=12.00",4500.0,12.0,150.0,-2.0,0.13809523809523816,False,True
4650.0,10.5,15.52636842105263,0.9673912104924576,0.011661027056386053,16.49375963154509,17.422455193617846,17.461150842037547,False,"SnO2_Rpm=4500, Spiro_Oxid_Dur=12.00",4500.0,12.0,150.0,-1.5,0.12289036095775187,False,True
4650.0,11.0,15.52636842105263,0.9673912104924576,0.011661027056386053,16.49375963154509,17.422455193617846,17.461150842037547,False,"SnO2_Rpm=4500, Spiro_Oxid_Dur=12.00",4500.0,12.0,150.0,-1.0,0.11075907952012393,False,True
4650.0,13.0,15.52636842105263,0.9673912104924576,0.011661027056386053,16.49375963154509,17.422455193617846,17.461150842037547,False,"SnO2_Rpm=4500, Spiro_Oxid_Dur=12.00",4500.0,12.0,150.0,1.0,0.11075907952012398,False,True
4650.0,13.5,15.52636842105263,0.9673912104924576,0.011661027056386053,16.49375963154509,17.422455193617846,17.461150842037547,False,"SnO2_Rpm=4500, Spiro_Oxid_Dur=12.00",4500.0,12.0,150.0,1.5,0.12289036095775192,False,True
4650.0,14.0,15.52636842105263,0.9673912104924576,0.011661027056386053,16.49375963154509,17.422455193617846,17.461150842037547,False,"SnO2_Rpm=4500, Spiro_Oxid_Dur=12.00",4500.0,12.0,150.0,2.0,0.13809523809523816,False,True
4650.0,14.5,15.52636842105263,0.9673912104924576,0.011661027056386053,16.49375963154509,17.422455193617846,17.461150842037547,False,"SnO2_Rpm=4500, Spiro_Oxid_Dur=12.00",4500.0,12.0,150.0,2.5,0.15547454968870966,False,True
4650.0,15.0,15.52636842105263,0.9673912104924576,0.011661027056386053,16.49375963154509,17.422455193617846,17.461150842037547,False,"SnO2_Rpm=4500, Spiro_Oxid_Dur=18.00",4500.0,18.0,150.0,-3.0,0.1743793659390529,False,True
4650.0,15.5,15.52636842105263,0.9673912104924576,0.011661027056386053,16.49375963154509,17.422455193617846,17.461150842037547,False,"SnO2_Rpm=4500, Spiro_Oxid_Dur=18.00",4500.0,18.0,150.0,-2.5,0.15547454968870958,False,True
4650.0,16.0,15.52636842105263,0.9673912104924576,0.011661027056386053,16.49375963154509,17.422455193617846,17.461150842037547,False,"SnO2_Rpm=4500, Spiro_Oxid_Dur=18.00",4500.0,18.0,150.0,-2.0,0.13809523809523816,False,True
4650.0,16.5,15.52636842105263,0.9673912104924576,0.011661027056386053,16.49375963154509,17.422455193617846,17.461150842037547,False,"SnO2_Rpm=4500, Spiro_Oxid_Dur=18.00",4500.0,18.0,150.0,-1.5,0.12289036095775187,False,True
4650.0,17.0,15.52636842105263,0.9673912104924576,0.011661027056386053,16.49375963154509,17.422455193617846,17.461150842037547,False,"SnO2_Rpm=4500, Spiro_Oxid_Dur=18.00",4500.0,18.0,150.0,-1.0,0.11075907952012393,False,True
4650.0,19.0,15.52636842105263,0.9673912104924576,0.011661027056386053,16.49375963154509,17.422455193617846,17.461150842037547,False,"SnO2_Rpm=4500, Spiro_Oxid_Dur=18.00",4500.0,18.0,150.0,1.0,0.11075907952012398,False,True
4650.0,19.5,15.52636842105263,0.9673912104924576,0.011661027056386053,16.49375963154509,17.422455193617846,17.461150842037547,False,"SnO2_Rpm=4500, Spiro_Oxid_Dur=18.00",4500.0,18.0,150.0,1.5,0.12289036095775192,False,True
4650.0,20.0,15.52636842105263,0.9673912104924576,0.011661027056386053,16.49375963154509,17.422455193617846,17.461150842037547,False,"SnO2_Rpm=4500, Spiro_Oxid_Dur=18.00",4500.0,18.0,150.0,2.0,0.13809523809523816,False,True
4650.0,20.5,15.52636842105263,0.9673912104924576,0.011661027056386053,16.49375963154509,17.422455193617846,17.461150842037547,False,"SnO2_Rpm=4500, Spiro_Oxid_Dur=18.00",4500.0,18.0,150.0,2.5,0.15547454968870966,False,True
4650.0,21.0,15.52636842105263,0.9673912104924576,0.011661027056386053,16.49375963154509,17.422455193617846,17.461150842037547,False,"SnO2_Rpm=4500, Spiro_Oxid_Dur=24.00",4500.0,24.0,150.0,-3.0,0.1743793659390529,False,True
4650.0,21.5,15.52636842105263,0.9673912104924576,0.011661027056386053,16.49375963154509,17.422455193617846,17.461150842037547,False,"SnO2_Rpm=4500, Spiro_Oxid_Dur=24.00",4500.0,24.0,150.0,-2.5,0.15547454968870966,False,True
4650.0,22.0,15.52636842105263,0.9673912104924576,0.011661027056386053,16.49375963154509,17.422455193617846,17.461150842037547,False,"SnO2_Rpm=4500, Spiro_Oxid_Dur=24.00",4500.0,24.0,150.0,-2.0,0.13809523809523808,False,True
4650.0,22.5,15.52636842105263,0.9673912104924576,0.011661027056386053,16.49375963154509,17.422455193617846,17.461150842037547,False,"SnO2_Rpm=4500, Spiro_Oxid_Dur=24.00",4500.0,24.0,150.0,-1.5,0.12289036095775187,False,True
4650.0,23.0,15.52636842105263,0.9673912104924576,0.011661027056386053,16.49375963154509,17.422455193617846,17.461150842037547,False,"SnO2_Rpm=4500, Spiro_Oxid_Dur=24.00",4500.0,24.0,150.0,-1.0,0.11075907952012388,False,True
4700.0,4.0,15.52636842105263,0.9673912104924576,0.011661027056386053,16.49375963154509,17.422455193617846,17.461150842037547,False,"SnO2_Rpm=4750, Spiro_Oxid_Dur=3.00",4750.0,3.0,-50.0,1.0,0.058126455313017564,False,True
4700.0,4.5,15.52636842105263,0.9673912104924576,0.011661027056386053,16.49375963154509,17.422455193617846,17.461150842037547,False,"SnO2_Rpm=4750, Spiro_Oxid_Dur=3.00",4750.0,3.0,-50.0,1.5,0.07882354932022304,False,True
4700.0,5.0,15.52636842105263,0.9673912104924576,0.011661027056386053,16.49375963154509,17.422455193617846,17.461150842037547,False,"SnO2_Rpm=4750, Spiro_Oxid_Dur=3.00",4750.0,3.0,-50.0,2.0,0.10090295285912895,False,True
4700.0,7.0,15.52636842105263,0.9673912104924576,0.011661027056386053,16.49375963154509,17.422455193617846,17.461150842037547,False,"SnO2_Rpm=4500, Spiro_Oxid_Dur=6.00",4500.0,6.0,200.0,1.0,0.14158160711731907,False,True
4700.0,7.5,15.52636842105263,0.9673912104924576,0.011661027056386053,16.49375963154509,17.422455193617846,17.461150842037547,False,"SnO2_Rpm=4500, Spiro_Oxid_Dur=6.00",4500.0,6.0,200.0,1.5,0.15126076356446275,False,True
4700.0,8.0,15.52636842105263,0.9673912104924576,0.011661027056386053,16.49375963154509,17.422455193617846,17.461150842037547,False,"SnO2_Rpm=4500, Spiro_Oxid_Dur=6.00",4500.0,6.0,200.0,2.0,0.1638538146103357,False,True
4700.0,8.5,15.52636842105263,0.9673912104924576,0.011661027056386053,16.49375963154509,17.422455193617846,17.461150842037547,False,"SnO2_Rpm=4500, Spiro_Oxid_Dur=6.00",4500.0,6.0,200.0,2.5,0.17874594646784248,False,True
4700.0,9.0,15.52636842105263,0.9673912104924576,0.011661027056386053,16.49375963154509,17.422455193617846,17.461150842037547,False,"SnO2_Rpm=4500, Spiro_Oxid_Dur=6.00",4500.0,6.0,200.0,3.0,0.19541223360650656,False,True
4700.0,9.5,15.52636842105263,0.9673912104924576,0.011661027056386053,16.49375963154509,17.422455193617846,17.461150842037547,False,"SnO2_Rpm=4500, Spiro_Oxid_Dur=12.00",4500.0,12.0,200.0,-2.5,0.17874594646784245,False,True
4700.0,10.0,15.52636842105263,0.9673912104924576,0.011661027056386053,16.49375963154509,17.422455193617846,17.461150842037547,False,"SnO2_Rpm=4500, Spiro_Oxid_Dur=12.00",4500.0,12.0,200.0,-2.0,0.1638538146103357,False,True
4700.0,10.5,15.52636842105263,0.9673912104924576,0.011661027056386053,16.49375963154509,17.422455193617846,17.461150842037547,False,"SnO2_Rpm=4500, Spiro_Oxid_Dur=12.00",4500.0,12.0,200.0,-1.5,0.15126076356446275,False,True
4700.0,11.0,15.52636842105263,0.9673912104924576,0.011661027056386053,16.49375963154509,17.422455193617846,17.461150842037547,False,"SnO2_Rpm=4500, Spiro_Oxid_Dur=12.00",4500.0,12.0,200.0,-1.0,0.14158160711731907,False,True
4700.0,13.0,15.52636842105263,0.9673912104924576,0.011661027056386053,16.49375963154509,17.422455193617846,17.461150842037547,False,"SnO2_Rpm=4500, Spiro_Oxid_Dur=12.00",4500.0,12.0,200.0,1.0,0.1415816071173191,False,True
4700.0,13.5,15.52636842105263,0.9673912104924576,0.011661027056386053,16.49375963154509,17.422455193617846,17.461150842037547,False,"SnO2_Rpm=4500, Spiro_Oxid_Dur=12.00",4500.0,12.0,200.0,1.5,0.1512607635644628,False,True
4700.0,14.0,15.52636842105263,0.9673912104924576,0.011661027056386053,16.49375963154509,17.422455193617846,17.461150842037547,False,"SnO2_Rpm=4500, Spiro_Oxid_Dur=12.00",4500.0,12.0,200.0,2.0,0.1638538146103357,False,True
4700.0,14.5,15.52636842105263,0.9673912104924576,0.011661027056386053,16.49375963154509,17.422455193617846,17.461150842037547,False,"SnO2_Rpm=4500, Spiro_Oxid_Dur=12.00",4500.0,12.0,200.0,2.5,0.17874594646784248,False,True
4700.0,15.0,15.52636842105263,0.9673912104924576,0.011661027056386053,16.49375963154509,17.422455193617846,17.461150842037547,False,"SnO2_Rpm=4500, Spiro_Oxid_Dur=18.00",4500.0,18.0,200.0,-3.0,0.1954122336065065,False,True
4700.0,15.5,15.52636842105263,0.9673912104924576,0.011661027056386053,16.49375963154509,17.422455193617846,17.461150842037547,False,"SnO2_Rpm=4500, Spiro_Oxid_Dur=18.00",4500.0,18.0,200.0,-2.5,0.1787459464678424,False,True
4700.0,16.0,15.52636842105263,0.9673912104924576,0.011661027056386053,16.49375963154509,17.422455193617846,17.461150842037547,False,"SnO2_Rpm=4500, Spiro_Oxid_Dur=18.00",4500.0,18.0,200.0,-2.0,0.1638538146103357,False,True
4700.0,16.5,15.52636842105263,0.9673912104924576,0.011661027056386053,16.49375963154509,17.422455193617846,17.461150842037547,False,"SnO2_Rpm=4500, Spiro_Oxid_Dur=18.00",4500.0,18.0,200.0,-1.5,0.15126076356446275,False,True
4700.0,17.0,15.52636842105263,0.9673912104924576,0.011661027056386053,16.49375963154509,17.422455193617846,17.461150842037547,False,"SnO2_Rpm=4500, Spiro_Oxid_Dur=18.00",4500.0,18.0,200.0,-1.0,0.14158160711731907,False,True
4700.0,19.0,15.52636842105263,0.9673912104924576,0.011661027056386053,16.49375963154509,17.422455193617846,17.461150842037547,False,"SnO2_Rpm=4500, Spiro_Oxid_Dur=18.00",4500.0,18.0,200.0,1.0,0.1415816071173191,False,True
4700.0,19.5,15.52636842105263,0.9673912104924576,0.011661027056386053,16.49375963154509,17.422455193617846,17.461150842037547,False,"SnO2_Rpm=4500, Spiro_Oxid_Dur=18.00",4500.0,18.0,200.0,1.5,0.1512607635644628,False,True
4700.0,20.0,15.52636842105263,0.9673912104924576,0.011661027056386053,16.49375963154509,17.422455193617846,17.461150842037547,False,"SnO2_Rpm=4500, Spiro_Oxid_Dur=18.00",4500.0,18.0,200.0,2.0,0.1638538146103357,False,True
4700.0,20.5,15.52636842105263,0.9673912104924576,0.011661027056386053,16.49375963154509,17.422455193617846,17.461150842037547,False,"SnO2_Rpm=4500, Spiro_Oxid_Dur=18.00",4500.0,18.0,200.0,2.5,0.17874594646784248,False,True
4700.0,21.0,15.52636842105263,0.9673912104924576,0.011661027056386053,16.49375963154509,17.422455193617846,17.461150842037547,False,"SnO2_Rpm=4500, Spiro_Oxid_Dur=24.00",4500.0,24.0,200.0,-3.0,0.1954122336065065,False,True
4700.0,21.5,15.52636842105263,0.9673912104924576,0.011661027056386053,16.49375963154509,17.422455193617846,17.461150842037547,False,"SnO2_Rpm=4500, Spiro_Oxid_Dur=24.00",4500.0,24.0,200.0,-2.5,0.17874594646784248,False,True
4700.0,22.0,15.52636842105263,0.9673912104924576,0.011661027056386053,16.49375963154509,17.422455193617846,17.461150842037547,False,"SnO2_Rpm=4500, Spiro_Oxid_Dur=24.00",4500.0,24.0,200.0,-2.0,0.16385381461033566,False,True
4700.0,22.5,15.52636842105263,0.9673912104924576,0.011661027056386053,16.49375963154509,17.422455193617846,17.461150842037547,False,"SnO2_Rpm=4500, Spiro_Oxid_Dur=24.00",4500.0,24.0,200.0,-1.5,0.15126076356446275,False,True
4700.0,23.0,15.52636842105263,0.9673912104924576,0.011661027056386053,16.49375963154509,17.422455193617846,17.461150842037547,False,"SnO2_Rpm=4500, Spiro_Oxid_Dur=24.00",4500.0,24.0,200.0,-1.0,0.141581607117319,False,True
4750.0,4.0,15.52636842105263,0.9673912104924576,0.011661027056386053,16.49375963154509,17.422455193617846,17.461150842037547,False,"SnO2_Rpm=4750, Spiro_Oxid_Dur=3.00",4750.0,3.0,0.0,1.0,0.047619047619047616,False,True
4750.0,4.5,15.52636842105263,0.9673912104924576,0.011661027056386053,16.49375963154509,17.422455193617846,17.461150842037547,False,"SnO2_Rpm=4750, Spiro_Oxid_Dur=3.00",4750.0,3.0,0.0,1.5,0.07142857142857142,False,True
4750.0,5.0,15.52636842105263,0.9673912104924576,0.011661027056386053,16.49375963154509,17.422455193617846,17.461150842037547,False,"SnO2_Rpm=4750, Spiro_Oxid_Dur=3.00",4750.0,3.0,0.0,2.0,0.09523809523809523,False,True
4750.0,7.0,15.52636842105263,0.9673912104924576,0.011661027056386053,16.49375963154509,17.422455193617846,17.461150842037547,False,"SnO2_Rpm=4500, Spiro_Oxid_Dur=6.00",4500.0,6.0,250.0,1.0,0.1733359497447741,False,True
4750.0,7.5,15.52636842105263,0.9673912104924576,0.011661027056386053,16.49375963154509,17.422455193617846,17.461150842037547,False,"SnO2_Rpm=4500, Spiro_Oxid_Dur=6.00",4500.0,6.0,250.0,1.5,0.18132793109199768,False,True
4750.0,8.0,15.52636842105263,0.9673912104924576,0.011661027056386053,16.49375963154509,17.422455193617846,17.461150842037547,False,"SnO2_Rpm=4500, Spiro_Oxid_Dur=6.00",4500.0,6.0,250.0,2.0,0.191958517816632,False,True
4750.0,8.5,15.52636842105263,0.9673912104924576,0.011661027056386053,16.49375963154509,17.422455193617846,17.461150842037547,False,"SnO2_Rpm=4500, Spiro_Oxid_Dur=6.00",4500.0,6.0,250.0,2.5,0.20481726826291957,False,True
4750.0,9.0,15.52636842105263,0.9673912104924576,0.011661027056386053,16.49375963154509,17.422455193617846,17.461150842037547,False,"SnO2_Rpm=4500, Spiro_Oxid_Dur=6.00",4500.0,6.0,250.0,3.0,0.21951296326887815,False,True
4750.0,9.5,15.52636842105263,0.9673912104924576,0.011661027056386053,16.49375963154509,17.422455193617846,17.461150842037547,False,"SnO2_Rpm=4500, Spiro_Oxid_Dur=12.00",4500.0,12.0,250.0,-2.5,0.20481726826291954,False,True
4750.0,10.0,15.52636842105263,0.9673912104924576,0.011661027056386053,16.49375963154509,17.422455193617846,17.461150842037547,False,"SnO2_Rpm=4500, Spiro_Oxid_Dur=12.00",4500.0,12.0,250.0,-2.0,0.191958517816632,False,True
4750.0,10.5,15.52636842105263,0.9673912104924576,0.011661027056386053,16.49375963154509,17.422455193617846,17.461150842037547,False,"SnO2_Rpm=4500, Spiro_Oxid_Dur=12.00",4500.0,12.0,250.0,-1.5,0.18132793109199768,False,True
4750.0,11.0,15.52636842105263,0.9673912104924576,0.011661027056386053,16.49375963154509,17.422455193617846,17.461150842037547,False,"SnO2_Rpm=4500, Spiro_Oxid_Dur=12.00",4500.0,12.0,250.0,-1.0,0.1733359497447741,False,True
4750.0,13.0,15.52636842105263,0.9673912104924576,0.011661027056386053,16.49375963154509,17.422455193617846,17.461150842037547,False,"SnO2_Rpm=4500, Spiro_Oxid_Dur=12.00",4500.0,12.0,250.0,1.0,0.17333594974477412,False,True
4750.0,13.5,15.52636842105263,0.9673912104924576,0.011661027056386053,16.49375963154509,17.422455193617846,17.461150842037547,False,"SnO2_Rpm=4500, Spiro_Oxid_Dur=12.00",4500.0,12.0,250.0,1.5,0.1813279310919977,False,True
4750.0,14.0,15.52636842105263,0.9673912104924576,0.011661027056386053,16.49375963154509,17.422455193617846,17.461150842037547,False,"SnO2_Rpm=4500, Spiro_Oxid_Dur=12.00",4500.0,12.0,250.0,2.0,0.191958517816632,False,True
4750.0,14.5,15.52636842105263,0.9673912104924576,0.011661027056386053,16.49375963154509,17.422455193617846,17.461150842037547,False,"SnO2_Rpm=4500, Spiro_Oxid_Dur=12.00",4500.0,12.0,250.0,2.5,0.20481726826291957,False,True
4750.0,15.0,15.52636842105263,0.9673912104924576,0.011661027056386053,16.49375963154509,17.422455193617846,17.461150842037547,False,"SnO2_Rpm=4500, Spiro_Oxid_Dur=18.00",4500.0,18.0,250.0,-3.0,0.21951296326887812,False,True
4750.0,15.5,15.52636842105263,0.9673912104924576,0.011661027056386053,16.49375963154509,17.422455193617846,17.461150842037547,False,"SnO2_Rpm=4500, Spiro_Oxid_Dur=18.00",4500.0,18.0,250.0,-2.5,0.20481726826291952,False,True
4750.0,16.0,15.52636842105263,0.9673912104924576,0.011661027056386053,16.49375963154509,17.422455193617846,17.461150842037547,False,"SnO2_Rpm=4500, Spiro_Oxid_Dur=18.00",4500.0,18.0,250.0,-2.0,0.191958517816632,False,True
4750.0,16.5,15.52636842105263,0.9673912104924576,0.011661027056386053,16.49375963154509,17.422455193617846,17.461150842037547,False,"SnO2_Rpm=4500, Spiro_Oxid_Dur=18.00",4500.0,18.0,250.0,-1.5,0.18132793109199768,False,True
4750.0,17.0,15.52636842105263,0.9673912104924576,0.011661027056386053,16.49375963154509,17.422455193617846,17.461150842037547,False,"SnO2_Rpm=4500, Spiro_Oxid_Dur=18.00",4500.0,18.0,250.0,-1.0,0.1733359497447741,False,True
4750.0,19.0,15.52636842105263,0.9673912104924576,0.011661027056386053,16.49375963154509,17.422455193617846,17.461150842037547,False,"SnO2_Rpm=4500, Spiro_Oxid_Dur=18.00",4500.0,18.0,250.0,1.0,0.17333594974477412,False,True
4750.0,19.5,15.52636842105263,0.9673912104924576,0.011661027056386053,16.49375963154509,17.422455193617846,17.461150842037547,False,"SnO2_Rpm=4500, Spiro_Oxid_Dur=18.00",4500.0,18.0,250.0,1.5,0.1813279310919977,False,True
4750.0,20.0,15.52636842105263,0.9673912104924576,0.011661027056386053,16.49375963154509,17.422455193617846,17.461150842037547,False,"SnO2_Rpm=4500, Spiro_Oxid_Dur=18.00",4500.0,18.0,250.0,2.0,0.191958517816632,False,True
4750.0,20.5,15.52636842105263,0.9673912104924576,0.011661027056386053,16.49375963154509,17.422455193617846,17.461150842037547,False,"SnO2_Rpm=4500, Spiro_Oxid_Dur=18.00",4500.0,18.0,250.0,2.5,0.20481726826291957,False,True
4750.0,21.0,15.52636842105263,0.9673912104924576,0.011661027056386053,16.49375963154509,17.422455193617846,17.461150842037547,False,"SnO2_Rpm=4500, Spiro_Oxid_Dur=24.00",4500.0,24.0,250.0,-3.0,0.21951296326887812,False,True
4750.0,21.5,15.52636842105263,0.9673912104924576,0.011661027056386053,16.49375963154509,17.422455193617846,17.461150842037547,False,"SnO2_Rpm=4500, Spiro_Oxid_Dur=24.00",4500.0,24.0,250.0,-2.5,0.20481726826291957,False,True
4750.0,22.0,15.52636842105263,0.9673912104924576,0.011661027056386053,16.49375963154509,17.422455193617846,17.461150842037547,False,"SnO2_Rpm=4500, Spiro_Oxid_Dur=24.00",4500.0,24.0,250.0,-2.0,0.19195851781663195,False,True
4750.0,22.5,15.52636842105263,0.9673912104924576,0.011661027056386053,16.49375963154509,17.422455193617846,17.461150842037547,False,"SnO2_Rpm=4500, Spiro_Oxid_Dur=24.00",4500.0,24.0,250.0,-1.5,0.18132793109199768,False,True
4750.0,23.0,15.52636842105263,0.9673912104924576,0.011661027056386053,16.49375963154509,17.422455193617846,17.461150842037547,False,"SnO2_Rpm=4500, Spiro_Oxid_Dur=24.00",4500.0,24.0,250.0,-1.0,0.17333594974477406,False,True
4800.0,4.0,15.52636842105263,0.9673912104924576,0.011661027056386053,16.49375963154509,17.422455193617846,17.461150842037547,False,"SnO2_Rpm=4750, Spiro_Oxid_Dur=3.00",4750.0,3.0,50.0,1.0,0.05812645531301782,False,True
4800.0,4.5,15.52636842105263,0.9673912104924576,0.011661027056386053,16.49375963154509,17.422455193617846,17.461150842037547,False,"SnO2_Rpm=4750, Spiro_Oxid_Dur=3.00",4750.0,3.0,50.0,1.5,0.07882354932022323,False,True
4800.0,5.0,15.52636842105263,0.9673912104924576,0.011661027056386053,16.49375963154509,17.422455193617846,17.461150842037547,False,"SnO2_Rpm=4750, Spiro_Oxid_Dur=3.00",4750.0,3.0,50.0,2.0,0.1009029528591291,False,True
4800.0,7.0,15.52636842105263,0.9673912104924576,0.011661027056386053,16.49375963154509,17.422455193617846,17.461150842037547,False,"SnO2_Rpm=5000, Spiro_Oxid_Dur=6.00",5000.0,6.0,-200.0,1.0,0.14158160711731907,False,True
4800.0,7.5,15.52636842105263,0.9673912104924576,0.011661027056386053,16.49375963154509,17.422455193617846,17.461150842037547,False,"SnO2_Rpm=5000, Spiro_Oxid_Dur=6.00",5000.0,6.0,-200.0,1.5,0.15126076356446275,False,True
4800.0,8.0,15.52636842105263,0.9673912104924576,0.011661027056386053,16.49375963154509,17.422455193617846,17.461150842037547,False,"SnO2_Rpm=5000, Spiro_Oxid_Dur=6.00",5000.0,6.0,-200.0,2.0,0.1638538146103357,False,True
4800.0,8.5,15.52636842105263,0.9673912104924576,0.011661027056386053,16.49375963154509,17.422455193617846,17.461150842037547,False,"SnO2_Rpm=5000, Spiro_Oxid_Dur=6.00",5000.0,6.0,-200.0,2.5,0.17874594646784248,False,True
4800.0,9.0,15.52636842105263,0.9673912104924576,0.011661027056386053,16.49375963154509,17.422455193617846,17.461150842037547,False,"SnO2_Rpm=5000, Spiro_Oxid_Dur=6.00",5000.0,6.0,-200.0,3.0,0.19541223360650656,False,True
4800.0,9.5,15.52636842105263,0.9673912104924576,0.011661027056386053,16.49375963154509,17.422455193617846,17.461150842037547,False,"SnO2_Rpm=5000, Spiro_Oxid_Dur=12.00",5000.0,12.0,-200.0,-2.5,0.17874594646784245,False,True
4800.0,10.0,15.52636842105263,0.9673912104924576,0.011661027056386053,16.49375963154509,17.422455193617846,17.461150842037547,False,"SnO2_Rpm=5000, Spiro_Oxid_Dur=12.00",5000.0,12.0,-200.0,-2.0,0.1638538146103357,False,True
4800.0,10.5,15.52636842105263,0.9673912104924576,0.011661027056386053,16.49375963154509,17.422455193617846,17.461150842037547,False,"SnO2_Rpm=5000, Spiro_Oxid_Dur=12.00",5000.0,12.0,-200.0,-1.5,0.15126076356446275,False,True
4800.0,11.0,15.52636842105263,0.9673912104924576,0.011661027056386053,16.49375963154509,17.422455193617846,17.461150842037547,False,"SnO2_Rpm=5000, Spiro_Oxid_Dur=12.00",5000.0,12.0,-200.0,-1.0,0.14158160711731907,False,True
4800.0,13.0,15.52636842105263,0.9673912104924576,0.011661027056386053,16.49375963154509,17.422455193617846,17.461150842037547,False,"SnO2_Rpm=5000, Spiro_Oxid_Dur=12.00",5000.0,12.0,-200.0,1.0,0.1415816071173191,False,True
4800.0,13.5,15.52636842105263,0.9673912104924576,0.011661027056386053,16.49375963154509,17.422455193617846,17.461150842037547,False,"SnO2_Rpm=5000, Spiro_Oxid_Dur=12.00",5000.0,12.0,-200.0,1.5,0.1512607635644628,False,True
4800.0,14.0,15.52636842105263,0.9673912104924576,0.011661027056386053,16.49375963154509,17.422455193617846,17.461150842037547,False,"SnO2_Rpm=5000, Spiro_Oxid_Dur=12.00",5000.0,12.0,-200.0,2.0,0.1638538146103357,False,True
4800.0,14.5,15.52636842105263,0.9673912104924576,0.011661027056386053,16.49375963154509,17.422455193617846,17.461150842037547,False,"SnO2_Rpm=5000, Spiro_Oxid_Dur=12.00",5000.0,12.0,-200.0,2.5,0.17874594646784248,False,True
4800.0,15.0,15.52636842105263,0.9673912104924576,0.011661027056386053,16.49375963154509,17.422455193617846,17.461150842037547,False,"SnO2_Rpm=5000, Spiro_Oxid_Dur=18.00",5000.0,18.0,-200.0,-3.0,0.1954122336065065,False,True
4800.0,15.5,15.52636842105263,0.9673912104924576,0.011661027056386053,16.49375963154509,17.422455193617846,17.461150842037547,False,"SnO2_Rpm=5000, Spiro_Oxid_Dur=18.00",5000.0,18.0,-200.0,-2.5,0.1787459464678424,False,True
4800.0,16.0,15.52636842105263,0.9673912104924576,0.011661027056386053,16.49375963154509,17.422455193617846,17.461150842037547,False,"SnO2_Rpm=5000, Spiro_Oxid_Dur=18.00",5000.0,18.0,-200.0,-2.0,0.1638538146103357,False,True
4800.0,16.5,15.52636842105263,0.9673912104924576,0.011661027056386053,16.49375963154509,17.422455193617846,17.461150842037547,False,"SnO2_Rpm=5000, Spiro_Oxid_Dur=18.00",5000.0,18.0,-200.0,-1.5,0.15126076356446275,False,True
4800.0,17.0,15.52636842105263,0.9673912104924576,0.011661027056386053,16.49375963154509,17.422455193617846,17.461150842037547,False,"SnO2_Rpm=5000, Spiro_Oxid_Dur=18.00",5000.0,18.0,-200.0,-1.0,0.14158160711731907,False,True
4800.0,19.0,15.52636842105263,0.9673912104924576,0.011661027056386053,16.49375963154509,17.422455193617846,17.461150842037547,False,"SnO2_Rpm=5000, Spiro_Oxid_Dur=18.00",5000.0,18.0,-200.0,1.0,0.1415816071173191,False,True
4800.0,19.5,15.52636842105263,0.9673912104924576,0.011661027056386053,16.49375963154509,17.422455193617846,17.461150842037547,False,"SnO2_Rpm=5000, Spiro_Oxid_Dur=18.00",5000.0,18.0,-200.0,1.5,0.1512607635644628,False,True
4800.0,20.0,15.52636842105263,0.9673912104924576,0.011661027056386053,16.49375963154509,17.422455193617846,17.461150842037547,False,"SnO2_Rpm=5000, Spiro_Oxid_Dur=18.00",5000.0,18.0,-200.0,2.0,0.1638538146103357,False,True
4800.0,20.5,15.52636842105263,0.9673912104924576,0.011661027056386053,16.49375963154509,17.422455193617846,17.461150842037547,False,"SnO2_Rpm=5000, Spiro_Oxid_Dur=18.00",5000.0,18.0,-200.0,2.5,0.17874594646784248,False,True
4800.0,21.0,15.52636842105263,0.9673912104924576,0.011661027056386053,16.49375963154509,17.422455193617846,17.461150842037547,False,"SnO2_Rpm=5000, Spiro_Oxid_Dur=24.00",5000.0,24.0,-200.0,-3.0,0.1954122336065065,False,True
4800.0,21.5,15.52636842105263,0.9673912104924576,0.011661027056386053,16.49375963154509,17.422455193617846,17.461150842037547,False,"SnO2_Rpm=5000, Spiro_Oxid_Dur=24.00",5000.0,24.0,-200.0,-2.5,0.17874594646784248,False,True
4800.0,22.0,15.52636842105263,0.9673912104924576,0.011661027056386053,16.49375963154509,17.422455193617846,17.461150842037547,False,"SnO2_Rpm=5000, Spiro_Oxid_Dur=24.00",5000.0,24.0,-200.0,-2.0,0.16385381461033566,False,True
4800.0,22.5,15.52636842105263,0.9673912104924576,0.011661027056386053,16.49375963154509,17.422455193617846,17.461150842037547,False,"SnO2_Rpm=5000, Spiro_Oxid_Dur=24.00",5000.0,24.0,-200.0,-1.5,0.15126076356446275,False,True
4800.0,23.0,15.52636842105263,0.9673912104924576,0.011661027056386053,16.49375963154509,17.422455193617846,17.461150842037547,False,"SnO2_Rpm=5000, Spiro_Oxid_Dur=24.00",5000.0,24.0,-200.0,-1.0,0.141581607117319,False,True
4850.0,4.0,15.52636842105263,0.9673912104924576,0.011661027056386053,16.49375963154509,17.422455193617846,17.461150842037547,False,"SnO2_Rpm=4750, Spiro_Oxid_Dur=3.00",4750.0,3.0,100.0,1.0,0.08192690730516804,False,True
4850.0,4.5,15.52636842105263,0.9673912104924576,0.011661027056386053,16.49375963154509,17.422455193617846,17.461150842037547,False,"SnO2_Rpm=4750, Spiro_Oxid_Dur=3.00",4750.0,3.0,100.0,1.5,0.09770611680325343,False,True
4850.0,5.0,15.52636842105263,0.9673912104924576,0.011661027056386053,16.49375963154509,17.422455193617846,17.461150842037547,False,"SnO2_Rpm=5000, Spiro_Oxid_Dur=6.00",5000.0,6.0,-150.0,-1.0,0.11075907952012395,False,True
4850.0,7.0,15.52636842105263,0.9673912104924576,0.011661027056386053,16.49375963154509,17.422455193617846,17.461150842037547,False,"SnO2_Rpm=5000, Spiro_Oxid_Dur=6.00",5000.0,6.0,-150.0,1.0,0.11075907952012395,False,True
4850.0,7.5,15.52636842105263,0.9673912104924576,0.011661027056386053,16.49375963154509,17.422455193617846,17.461150842037547,False,"SnO2_Rpm=5000, Spiro_Oxid_Dur=6.00",5000.0,6.0,-150.0,1.5,0.1228903609577519,False,True
4850.0,8.0,15.52636842105263,0.9673912104924576,0.011661027056386053,16.49375963154509,17.422455193617846,17.461150842037547,False,"SnO2_Rpm=5000, Spiro_Oxid_Dur=6.00",5000.0,6.0,-150.0,2.0,0.13809523809523816,False,True
4850.0,8.5,15.52636842105263,0.9673912104924576,0.011661027056386053,16.49375963154509,17.422455193617846,17.461150842037547,False,"SnO2_Rpm=5000, Spiro_Oxid_Dur=6.00",5000.0,6.0,-150.0,2.5,0.15547454968870966,False,True
4850.0,9.0,15.52636842105263,0.9673912104924576,0.011661027056386053,16.49375963154509,17.422455193617846,17.461150842037547,False,"SnO2_Rpm=5000, Spiro_Oxid_Dur=6.00",5000.0,6.0,-150.0,3.0,0.17437936593905295,False,True
4850.0,9.5,15.52636842105263,0.9673912104924576,0.011661027056386053,16.49375963154509,17.422455193617846,17.461150842037547,False,"SnO2_Rpm=5000, Spiro_Oxid_Dur=12.00",5000.0,12.0,-150.0,-2.5,0.15547454968870963,False,True
4850.0,10.0,15.52636842105263,0.9673912104924576,0.011661027056386053,16.49375963154509,17.422455193617846,17.461150842037547,False,"SnO2_Rpm=5000, Spiro_Oxid_Dur=12.00",5000.0,12.0,-150.0,-2.0,0.13809523809523816,False,True
4850.0,10.5,15.52636842105263,0.9673912104924576,0.011661027056386053,16.49375963154509,17.422455193617846,17.461150842037547,False,"SnO2_Rpm=5000, Spiro_Oxid_Dur=12.00",5000.0,12.0,-150.0,-1.5,0.12289036095775187,False,True
4850.0,11.0,15.52636842105263,0.9673912104924576,0.011661027056386053,16.49375963154509,17.422455193617846,17.461150842037547,False,"SnO2_Rpm=5000, Spiro_Oxid_Dur=12.00",5000.0,12.0,-150.0,-1.0,0.11075907952012393,False,True
4850.0,13.0,15.52636842105263,0.9673912104924576,0.011661027056386053,16.49375963154509,17.422455193617846,17.461150842037547,False,"SnO2_Rpm=5000, Spiro_Oxid_Dur=12.00",5000.0,12.0,-150.0,1.0,0.11075907952012398,False,True
4850.0,13.5,15.52636842105263,0.9673912104924576,0.011661027056386053,16.49375963154509,17.422455193617846,17.461150842037547,False,"SnO2_Rpm=5000, Spiro_Oxid_Dur=12.00",5000.0,12.0,-150.0,1.5,0.12289036095775192,False,True
4850.0,14.0,15.52636842105263,0.9673912104924576,0.011661027056386053,16.49375963154509,17.422455193617846,17.461150842037547,False,"SnO2_Rpm=5000, Spiro_Oxid_Dur=12.00",5000.0,12.0,-150.0,2.0,0.13809523809523816,False,True
4850.0,14.5,15.52636842105263,0.9673912104924576,0.011661027056386053,16.49375963154509,17.422455193617846,17.461150842037547,False,"SnO2_Rpm=5000, Spiro_Oxid_Dur=12.00",5000.0,12.0,-150.0,2.5,0.15547454968870966,False,True
4850.0,15.0,15.52636842105263,0.9673912104924576,0.011661027056386053,16.49375963154509,17.422455193617846,17.461150842037547,False,"SnO2_Rpm=5000, Spiro_Oxid_Dur=18.00",5000.0,18.0,-150.0,-3.0,0.1743793659390529,False,True
4850.0,15.5,15.52636842105263,0.9673912104924576,0.011661027056386053,16.49375963154509,17.422455193617846,17.461150842037547,False,"SnO2_Rpm=5000, Spiro_Oxid_Dur=18.00",5000.0,18.0,-150.0,-2.5,0.15547454968870958,False,True
4850.0,16.0,15.52636842105263,0.9673912104924576,0.011661027056386053,16.49375963154509,17.422455193617846,17.461150842037547,False,"SnO2_Rpm=5000, Spiro_Oxid_Dur=18.00",5000.0,18.0,-150.0,-2.0,0.13809523809523816,False,True
4850.0,16.5,15.52636842105263,0.9673912104924576,0.011661027056386053,16.49375963154509,17.422455193617846,17.461150842037547,False,"SnO2_Rpm=5000, Spiro_Oxid_Dur=18.00",5000.0,18.0,-150.0,-1.5,0.12289036095775187,False,True
4850.0,17.0,15.52636842105263,0.9673912104924576,0.011661027056386053,16.49375963154509,17.422455193617846,17.461150842037547,False,"SnO2_Rpm=5000, Spiro_Oxid_Dur=18.00",5000.0,18.0,-150.0,-1.0,0.11075907952012393,False,True
4850.0,19.0,15.52636842105263,0.9673912104924576,0.011661027056386053,16.49375963154509,17.422455193617846,17.461150842037547,False,"SnO2_Rpm=5000, Spiro_Oxid_Dur=18.00",5000.0,18.0,-150.0,1.0,0.11075907952012398,False,True
4850.0,19.5,15.52636842105263,0.9673912104924576,0.011661027056386053,16.49375963154509,17.422455193617846,17.461150842037547,False,"SnO2_Rpm=5000, Spiro_Oxid_Dur=18.00",5000.0,18.0,-150.0,1.5,0.12289036095775192,False,True
4850.0,20.0,15.52636842105263,0.9673912104924576,0.011661027056386053,16.49375963154509,17.422455193617846,17.461150842037547,False,"SnO2_Rpm=5000, Spiro_Oxid_Dur=18.00",5000.0,18.0,-150.0,2.0,0.13809523809523816,False,True
4850.0,20.5,15.52636842105263,0.9673912104924576,0.011661027056386053,16.49375963154509,17.422455193617846,17.461150842037547,False,"SnO2_Rpm=5000, Spiro_Oxid_Dur=18.00",5000.0,18.0,-150.0,2.5,0.15547454968870966,False,True
4850.0,21.0,15.52636842105263,0.9673912104924576,0.011661027056386053,16.49375963154509,17.422455193617846,17.461150842037547,False,"SnO2_Rpm=5000, Spiro_Oxid_Dur=24.00",5000.0,24.0,-150.0,-3.0,0.1743793659390529,False,True
4850.0,21.5,15.52636842105263,0.9673912104924576,0.011661027056386053,16.49375963154509,17.422455193617846,17.461150842037547,False,"SnO2_Rpm=5000, Spiro_Oxid_Dur=24.00",5000.0,24.0,-150.0,-2.5,0.15547454968870966,False,True
4850.0,22.0,15.52636842105263,0.9673912104924576,0.011661027056386053,16.49375963154509,17.422455193617846,17.461150842037547,False,"SnO2_Rpm=5000, Spiro_Oxid_Dur=24.00",5000.0,24.0,-150.0,-2.0,0.13809523809523808,False,True
4850.0,22.5,15.52636842105263,0.9673912104924576,0.011661027056386053,16.49375963154509,17.422455193617846,17.461150842037547,False,"SnO2_Rpm=5000, Spiro_Oxid_Dur=24.00",5000.0,24.0,-150.0,-1.5,0.12289036095775187,False,True
4850.0,23.0,15.52636842105263,0.9673912104924576,0.011661027056386053,16.49375963154509,17.422455193617846,17.461150842037547,False,"SnO2_Rpm=5000, Spiro_Oxid_Dur=24.00",5000.0,24.0,-150.0,-1.0,0.11075907952012388,False,True
4900.0,4.0,15.52636842105263,0.9673912104924576,0.011661027056386053,16.49375963154509,17.422455193617846,17.461150842037547,False,"SnO2_Rpm=4750, Spiro_Oxid_Dur=3.00",4750.0,3.0,150.0,1.0,0.11075907952012395,False,True
4900.0,4.5,15.52636842105263,0.9673912104924576,0.011661027056386053,16.49375963154509,17.422455193617846,17.461150842037547,False,"SnO2_Rpm=5000, Spiro_Oxid_Dur=6.00",5000.0,6.0,-100.0,-1.5,0.09770611680325343,False,True
4900.0,5.0,15.52636842105263,0.9673912104924576,0.011661027056386053,16.49375963154509,17.422455193617846,17.461150842037547,False,"SnO2_Rpm=5000, Spiro_Oxid_Dur=6.00",5000.0,6.0,-100.0,-1.0,0.08192690730516804,False,True
4900.0,7.0,15.52636842105263,0.9673912104924576,0.011661027056386053,16.49375963154509,17.422455193617846,17.461150842037547,False,"SnO2_Rpm=5000, Spiro_Oxid_Dur=6.00",5000.0,6.0,-100.0,1.0,0.08192690730516804,False,True
4900.0,7.5,15.52636842105263,0.9673912104924576,0.011661027056386053,16.49375963154509,17.422455193617846,17.461150842037547,False,"SnO2_Rpm=5000, Spiro_Oxid_Dur=6.00",5000.0,6.0,-100.0,1.5,0.09770611680325345,False,True
4900.0,8.0,15.52636842105263,0.9673912104924576,0.011661027056386053,16.49375963154509,17.422455193617846,17.461150842037547,False,"SnO2_Rpm=5000, Spiro_Oxid_Dur=6.00",5000.0,6.0,-100.0,2.0,0.11625291062603538,False,True
4900.0,8.5,15.52636842105263,0.9673912104924576,0.011661027056386053,16.49375963154509,17.422455193617846,17.461150842037547,False,"SnO2_Rpm=5000, Spiro_Oxid_Dur=6.00",5000.0,6.0,-100.0,2.5,0.13644332173232776,False,True
4900.0,9.0,15.52636842105263,0.9673912104924576,0.011661027056386053,16.49375963154509,17.422455193617846,17.461150842037547,False,"SnO2_Rpm=5000, Spiro_Oxid_Dur=6.00",5000.0,6.0,-100.0,3.0,0.15764709864044626,False,True
4900.0,9.5,15.52636842105263,0.9673912104924576,0.011661027056386053,16.49375963154509,17.422455193617846,17.461150842037547,False,"SnO2_Rpm=5000, Spiro_Oxid_Dur=12.00",5000.0,12.0,-100.0,-2.5,0.1364433217323277,False,True
4900.0,10.0,15.52636842105263,0.9673912104924576,0.011661027056386053,16.49375963154509,17.422455193617846,17.461150842037547,False,"SnO2_Rpm=5000, Spiro_Oxid_Dur=12.00",5000.0,12.0,-100.0,-2.0,0.11625291062603538,False,True
4900.0,10.5,15.52636842105263,0.9673912104924576,0.011661027056386053,16.49375963154509,17.422455193617846,17.461150842037547,False,"SnO2_Rpm=5000, Spiro_Oxid_Dur=12.00",5000.0,12.0,-100.0,-1.5,0.09770611680325342,False,True
4900.0,11.0,15.52636842105263,0.9673912104924576,0.011661027056386053,16.49375963154509,17.422455193617846,17.461150842037547,False,"SnO2_Rpm=5000, Spiro_Oxid_Dur=12.00",5000.0,12.0,-100.0,-1.0,0.08192690730516801,False,True
4900.0,13.0,15.52636842105263,0.9673912104924576,0.011661027056386053,16.49375963154509,17.422455193617846,17.461150842037547,False,"SnO2_Rpm=5000, Spiro_Oxid_Dur=12.00",5000.0,12.0,-100.0,1.0,0.08192690730516808,False,True
4900.0,13.5,15.52636842105263,0.9673912104924576,0.011661027056386053,16.49375963154509,17.422455193617846,17.461150842037547,False,"SnO2_Rpm=5000, Spiro_Oxid_Dur=12.00",5000.0,12.0,-100.0,1.5,0.09770611680325349,False,True
4900.0,14.0,15.52636842105263,0.9673912104924576,0.011661027056386053,16.49375963154509,17.422455193617846,17.461150842037547,False,"SnO2_Rpm=5000, Spiro_Oxid_Dur=12.00",5000.0,12.0,-100.0,2.0,0.11625291062603538,False,True
4900.0,14.5,15.52636842105263,0.9673912104924576,0.011661027056386053,16.49375963154509,17.422455193617846,17.461150842037547,False,"SnO2_Rpm=5000, Spiro_Oxid_Dur=12.00",5000.0,12.0,-100.0,2.5,0.13644332173232776,False,True
4900.0,15.0,15.52636842105263,0.9673912104924576,0.011661027056386053,16.49375963154509,17.422455193617846,17.461150842037547,False,"SnO2_Rpm=5000, Spiro_Oxid_Dur=18.00",5000.0,18.0,-100.0,-3.0,0.1576470986404462,False,True
4900.0,15.5,15.52636842105263,0.9673912104924576,0.011661027056386053,16.49375963154509,17.422455193617846,17.461150842037547,False,"SnO2_Rpm=5000, Spiro_Oxid_Dur=18.00",5000.0,18.0,-100.0,-2.5,0.13644332173232768,False,True
4900.0,16.0,15.52636842105263,0.9673912104924576,0.011661027056386053,16.49375963154509,17.422455193617846,17.461150842037547,False,"SnO2_Rpm=5000, Spiro_Oxid_Dur=18.00",5000.0,18.0,-100.0,-2.0,0.11625291062603538,False,True
4900.0,16.5,15.52636842105263,0.9673912104924576,0.011661027056386053,16.49375963154509,17.422455193617846,17.461150842037547,False,"SnO2_Rpm=5000, Spiro_Oxid_Dur=18.00",5000.0,18.0,-100.0,-1.5,0.09770611680325342,False,True
4900.0,17.0,15.52636842105263,0.9673912104924576,0.011661027056386053,16.49375963154509,17.422455193617846,17.461150842037547,False,"SnO2_Rpm=5000, Spiro_Oxid_Dur=18.00",5000.0,18.0,-100.0,-1.0,0.08192690730516801,False,True
4900.0,19.0,15.52636842105263,0.9673912104924576,0.011661027056386053,16.49375963154509,17.422455193617846,17.461150842037547,False,"SnO2_Rpm=5000, Spiro_Oxid_Dur=18.00",5000.0,18.0,-100.0,1.0,0.08192690730516808,False,True
4900.0,19.5,15.52636842105263,0.9673912104924576,0.011661027056386053,16.49375963154509,17.422455193617846,17.461150842037547,False,"SnO2_Rpm=5000, Spiro_Oxid_Dur=18.00",5000.0,18.0,-100.0,1.5,0.09770611680325349,False,True
4900.0,20.0,15.52636842105263,0.9673912104924576,0.011661027056386053,16.49375963154509,17.422455193617846,17.461150842037547,False,"SnO2_Rpm=5000, Spiro_Oxid_Dur=18.00",5000.0,18.0,-100.0,2.0,0.11625291062603538,False,True
4900.0,20.5,15.52636842105263,0.9673912104924576,0.011661027056386053,16.49375963154509,17.422455193617846,17.461150842037547,False,"SnO2_Rpm=5000, Spiro_Oxid_Dur=18.00",5000.0,18.0,-100.0,2.5,0.13644332173232776,False,True
4900.0,21.0,15.52636842105263,0.9673912104924576,0.011661027056386053,16.49375963154509,17.422455193617846,17.461150842037547,False,"SnO2_Rpm=5000, Spiro_Oxid_Dur=24.00",5000.0,24.0,-100.0,-3.0,0.1576470986404462,False,True
4900.0,21.5,15.52636842105263,0.9673912104924576,0.011661027056386053,16.49375963154509,17.422455193617846,17.461150842037547,False,"SnO2_Rpm=5000, Spiro_Oxid_Dur=24.00",5000.0,24.0,-100.0,-2.5,0.13644332173232776,False,True
4900.0,22.0,15.52636842105263,0.9673912104924576,0.011661027056386053,16.49375963154509,17.422455193617846,17.461150842037547,False,"SnO2_Rpm=5000, Spiro_Oxid_Dur=24.00",5000.0,24.0,-100.0,-2.0,0.1162529106260353,False,True
4900.0,22.5,15.52636842105263,0.9673912104924576,0.011661027056386053,16.49375963154509,17.422455193617846,17.461150842037547,False,"SnO2_Rpm=5000, Spiro_Oxid_Dur=24.00",5000.0,24.0,-100.0,-1.5,0.09770611680325342,False,True
4900.0,23.0,15.52636842105263,0.9673912104924576,0.011661027056386053,16.49375963154509,17.422455193617846,17.461150842037547,False,"SnO2_Rpm=5000, Spiro_Oxid_Dur=24.00",5000.0,24.0,-100.0,-1.0,0.08192690730516794,False,True
4950.0,4.0,15.52636842105263,0.9673912104924576,0.011661027056386053,16.49375963154509,17.422455193617846,17.461150842037547,False,"SnO2_Rpm=5000, Spiro_Oxid_Dur=6.00",5000.0,6.0,-50.0,-2.0,0.1009029528591291,False,True
4950.0,4.5,15.52636842105263,0.9673912104924576,0.011661027056386053,16.49375963154509,17.422455193617846,17.461150842037547,False,"SnO2_Rpm=5000, Spiro_Oxid_Dur=6.00",5000.0,6.0,-50.0,-1.5,0.07882354932022323,False,True
4950.0,5.0,15.52636842105263,0.9673912104924576,0.011661027056386053,16.49375963154509,17.422455193617846,17.461150842037547,False,"SnO2_Rpm=5000, Spiro_Oxid_Dur=6.00",5000.0,6.0,-50.0,-1.0,0.05812645531301782,False,True
4950.0,7.0,15.52636842105263,0.9673912104924576,0.011661027056386053,16.49375963154509,17.422455193617846,17.461150842037547,False,"SnO2_Rpm=5000, Spiro_Oxid_Dur=6.00",5000.0,6.0,-50.0,1.0,0.05812645531301782,False,True
4950.0,7.5,15.52636842105263,0.9673912104924576,0.011661027056386053,16.49375963154509,17.422455193617846,17.461150842037547,False,"SnO2_Rpm=5000, Spiro_Oxid_Dur=6.00",5000.0,6.0,-50.0,1.5,0.07882354932022324,False,True
4950.0,8.0,15.52636842105263,0.9673912104924576,0.011661027056386053,16.49375963154509,17.422455193617846,17.461150842037547,False,"SnO2_Rpm=5000, Spiro_Oxid_Dur=6.00",5000.0,6.0,-50.0,2.0,0.1009029528591291,False,True
4950.0,8.5,15.52636842105263,0.9673912104924576,0.011661027056386053,16.49375963154509,17.422455193617846,17.461150842037547,False,"SnO2_Rpm=5000, Spiro_Oxid_Dur=6.00",5000.0,6.0,-50.0,2.5,0.12362623795949695,False,True
4950.0,9.0,15.52636842105263,0.9673912104924576,0.011661027056386053,16.49375963154509,17.422455193617846,17.461150842037547,False,"SnO2_Rpm=5000, Spiro_Oxid_Dur=6.00",5000.0,6.0,-50.0,3.0,0.1466944933404702,False,True
4950.0,9.5,15.52636842105263,0.9673912104924576,0.011661027056386053,16.49375963154509,17.422455193617846,17.461150842037547,False,"SnO2_Rpm=5000, Spiro_Oxid_Dur=12.00",5000.0,12.0,-50.0,-2.5,0.12362623795949691,False,True
4950.0,10.0,15.52636842105263,0.9673912104924576,0.011661027056386053,16.49375963154509,17.422455193617846,17.461150842037547,False,"SnO2_Rpm=5000, Spiro_Oxid_Dur=12.00",5000.0,12.0,-50.0,-2.0,0.1009029528591291,False,True
4950.0,10.5,15.52636842105263,0.9673912104924576,0.011661027056386053,16.49375963154509,17.422455193617846,17.461150842037547,False,"SnO2_Rpm=5000, Spiro_Oxid_Dur=12.00",5000.0,12.0,-50.0,-1.5,0.0788235493202232,False,True
4950.0,11.0,15.52636842105263,0.9673912104924576,0.011661027056386053,16.49375963154509,17.422455193617846,17.461150842037547,False,"SnO2_Rpm=5000, Spiro_Oxid_Dur=12.00",5000.0,12.0,-50.0,-1.0,0.05812645531301777,False,True
4950.0,13.0,15.52636842105263,0.9673912104924576,0.011661027056386053,16.49375963154509,17.422455193617846,17.461150842037547,False,"SnO2_Rpm=5000, Spiro_Oxid_Dur=12.00",5000.0,12.0,-50.0,1.0,0.05812645531301786,False,True
4950.0,13.5,15.52636842105263,0.9673912104924576,0.011661027056386053,16.49375963154509,17.422455193617846,17.461150842037547,False,"SnO2_Rpm=5000, Spiro_Oxid_Dur=12.00",5000.0,12.0,-50.0,1.5,0.0788235493202233,False,True
4950.0,14.0,15.52636842105263,0.9673912104924576,0.011661027056386053,16.49375963154509,17.422455193617846,17.461150842037547,False,"SnO2_Rpm=5000, Spiro_Oxid_Dur=12.00",5000.0,12.0,-50.0,2.0,0.1009029528591291,False,True
4950.0,14.5,15.52636842105263,0.9673912104924576,0.011661027056386053,16.49375963154509,17.422455193617846,17.461150842037547,False,"SnO2_Rpm=5000, Spiro_Oxid_Dur=12.00",5000.0,12.0,-50.0,2.5,0.12362623795949695,False,True
4950.0,15.0,15.52636842105263,0.9673912104924576,0.011661027056386053,16.49375963154509,17.422455193617846,17.461150842037547,False,"SnO2_Rpm=5000, Spiro_Oxid_Dur=18.00",5000.0,18.0,-50.0,-3.0,0.14669449334047013,False,True
4950.0,15.5,15.52636842105263,0.9673912104924576,0.011661027056386053,16.49375963154509,17.422455193617846,17.461150842037547,False,"SnO2_Rpm=5000, Spiro_Oxid_Dur=18.00",5000.0,18.0,-50.0,-2.5,0.12362623795949684,False,True
4950.0,16.0,15.52636842105263,0.9673912104924576,0.011661027056386053,16.49375963154509,17.422455193617846,17.461150842037547,False,"SnO2_Rpm=5000, Spiro_Oxid_Dur=18.00",5000.0,18.0,-50.0,-2.0,0.1009029528591291,False,True
4950.0,16.5,15.52636842105263,0.9673912104924576,0.011661027056386053,16.49375963154509,17.422455193617846,17.461150842037547,False,"SnO2_Rpm=5000, Spiro_Oxid_Dur=18.00",5000.0,18.0,-50.0,-1.5,0.0788235493202232,False,True
4950.0,17.0,15.52636842105263,0.9673912104924576,0.011661027056386053,16.49375963154509,17.422455193617846,17.461150842037547,False,"SnO2_Rpm=5000, Spiro_Oxid_Dur=18.00",5000.0,18.0,-50.0,-1.0,0.05812645531301777,False,True
4950.0,19.0,15.52636842105263,0.9673912104924576,0.011661027056386053,16.49375963154509,17.422455193617846,17.461150842037547,False,"SnO2_Rpm=5000, Spiro_Oxid_Dur=18.00",5000.0,18.0,-50.0,1.0,0.05812645531301786,False,True
4950.0,19.5,15.52636842105263,0.9673912104924576,0.011661027056386053,16.49375963154509,17.422455193617846,17.461150842037547,False,"SnO2_Rpm=5000, Spiro_Oxid_Dur=18.00",5000.0,18.0,-50.0,1.5,0.0788235493202233,False,True
4950.0,20.0,15.52636842105263,0.9673912104924576,0.011661027056386053,16.49375963154509,17.422455193617846,17.461150842037547,False,"SnO2_Rpm=5000, Spiro_Oxid_Dur=18.00",5000.0,18.0,-50.0,2.0,0.1009029528591291,False,True
4950.0,20.5,15.52636842105263,0.9673912104924576,0.011661027056386053,16.49375963154509,17.422455193617846,17.461150842037547,False,"SnO2_Rpm=5000, Spiro_Oxid_Dur=18.00",5000.0,18.0,-50.0,2.5,0.12362623795949695,False,True
4950.0,21.0,15.52636842105263,0.9673912104924576,0.011661027056386053,16.49375963154509,17.422455193617846,17.461150842037547,False,"SnO2_Rpm=5000, Spiro_Oxid_Dur=24.00",5000.0,24.0,-50.0,-3.0,0.14669449334047013,False,True
4950.0,21.5,15.52636842105263,0.9673912104924576,0.011661027056386053,16.49375963154509,17.422455193617846,17.461150842037547,False,"SnO2_Rpm=5000, Spiro_Oxid_Dur=24.00",5000.0,24.0,-50.0,-2.5,0.12362623795949695,False,True
4950.0,22.0,15.52636842105263,0.9673912104924576,0.011661027056386053,16.49375963154509,17.422455193617846,17.461150842037547,False,"SnO2_Rpm=5000, Spiro_Oxid_Dur=24.00",5000.0,24.0,-50.0,-2.0,0.100902952859129,False,True
4950.0,22.5,15.52636842105263,0.9673912104924576,0.011661027056386053,16.49375963154509,17.422455193617846,17.461150842037547,False,"SnO2_Rpm=5000, Spiro_Oxid_Dur=24.00",5000.0,24.0,-50.0,-1.5,0.0788235493202232,False,True
4950.0,23.0,15.52636842105263,0.9673912104924576,0.011661027056386053,16.49375963154509,17.422455193617846,17.461150842037547,False,"SnO2_Rpm=5000, Spiro_Oxid_Dur=24.00",5000.0,24.0,-50.0,-1.0,0.05812645531301768,False,True
5000.0,4.0,15.52636842105263,0.9673912104924576,0.011661027056386053,16.49375963154509,17.422455193617846,17.461150842037547,False,"SnO2_Rpm=5000, Spiro_Oxid_Dur=6.00",5000.0,6.0,0.0,-2.0,0.09523809523809523,False,True
5000.0,4.5,15.52636842105263,0.9673912104924576,0.011661027056386053,16.49375963154509,17.422455193617846,17.461150842037547,False,"SnO2_Rpm=5000, Spiro_Oxid_Dur=6.00",5000.0,6.0,0.0,-1.5,0.07142857142857142,False,True
5000.0,5.0,15.52636842105263,0.9673912104924576,0.011661027056386053,16.49375963154509,17.422455193617846,17.461150842037547,False,"SnO2_Rpm=5000, Spiro_Oxid_Dur=6.00",5000.0,6.0,0.0,-1.0,0.047619047619047616,False,True
5000.0,7.0,15.52636842105263,0.9673912104924576,0.011661027056386053,16.49375963154509,17.422455193617846,17.461150842037547,False,"SnO2_Rpm=5000, Spiro_Oxid_Dur=6.00",5000.0,6.0,0.0,1.0,0.047619047619047616,False,True
5000.0,7.5,15.52636842105263,0.9673912104924576,0.011661027056386053,16.49375963154509,17.422455193617846,17.461150842037547,False,"SnO2_Rpm=5000, Spiro_Oxid_Dur=6.00",5000.0,6.0,0.0,1.5,0.07142857142857145,False,True
5000.0,8.0,15.52636842105263,0.9673912104924576,0.011661027056386053,16.49375963154509,17.422455193617846,17.461150842037547,False,"SnO2_Rpm=5000, Spiro_Oxid_Dur=6.00",5000.0,6.0,0.0,2.0,0.09523809523809523,False,True
5000.0,8.5,15.52636842105263,0.9673912104924576,0.011661027056386053,16.49375963154509,17.422455193617846,17.461150842037547,False,"SnO2_Rpm=5000, Spiro_Oxid_Dur=6.00",5000.0,6.0,0.0,2.5,0.11904761904761907,False,True
5000.0,9.0,15.52636842105263,0.9673912104924576,0.011661027056386053,16.49375963154509,17.422455193617846,17.461150842037547,False,"SnO2_Rpm=5000, Spiro_Oxid_Dur=6.00",5000.0,6.0,0.0,3.0,0.14285714285714285,False,True
5000.0,9.5,15.52636842105263,0.9673912104924576,0.011661027056386053,16.49375963154509,17.422455193617846,17.461150842037547,False,"SnO2_Rpm=5000, Spiro_Oxid_Dur=12.00",5000.0,12.0,0.0,-2.5,0.11904761904761901,False,True
5000.0,10.0,15.52636842105263,0.9673912104924576,0.011661027056386053,16.49375963154509,17.422455193617846,17.461150842037547,False,"SnO2_Rpm=5000, Spiro_Oxid_Dur=12.00",5000.0,12.0,0.0,-2.0,0.09523809523809523,False,True
5000.0,10.5,15.52636842105263,0.9673912104924576,0.011661027056386053,16.49375963154509,17.422455193617846,17.461150842037547,False,"SnO2_Rpm=5000, Spiro_Oxid_Dur=12.00",5000.0,12.0,0.0,-1.5,0.0714285714285714,False,True
5000.0,11.0,15.52636842105263,0.9673912104924576,0.011661027056386053,16.49375963154509,17.422455193617846,17.461150842037547,False,"SnO2_Rpm=5000, Spiro_Oxid_Dur=12.00",5000.0,12.0,0.0,-1.0,0.04761904761904756,False,True
5000.0,13.0,15.52636842105263,0.9673912104924576,0.011661027056386053,16.49375963154509,17.422455193617846,17.461150842037547,False,"SnO2_Rpm=5000, Spiro_Oxid_Dur=12.00",5000.0,12.0,0.0,1.0,0.04761904761904767,False,True
5000.0,13.5,15.52636842105263,0.9673912104924576,0.011661027056386053,16.49375963154509,17.422455193617846,17.461150842037547,False,"SnO2_Rpm=5000, Spiro_Oxid_Dur=12.00",5000.0,12.0,0.0,1.5,0.07142857142857151,False,True
5000.0,14.0,15.52636842105263,0.9673912104924576,0.011661027056386053,16.49375963154509,17.422455193617846,17.461150842037547,False,"SnO2_Rpm=5000, Spiro_Oxid_Dur=12.00",5000.0,12.0,0.0,2.0,0.09523809523809523,False,True
5000.0,14.5,15.52636842105263,0.9673912104924576,0.011661027056386053,16.49375963154509,17.422455193617846,17.461150842037547,False,"SnO2_Rpm=5000, Spiro_Oxid_Dur=12.00",5000.0,12.0,0.0,2.5,0.11904761904761907,False,True
5000.0,15.0,15.52636842105263,0.9673912104924576,0.011661027056386053,16.49375963154509,17.422455193617846,17.461150842037547,False,"SnO2_Rpm=5000, Spiro_Oxid_Dur=18.00",5000.0,18.0,0.0,-3.0,0.1428571428571428,False,True
5000.0,15.5,15.52636842105263,0.9673912104924576,0.011661027056386053,16.49375963154509,17.422455193617846,17.461150842037547,False,"SnO2_Rpm=5000, Spiro_Oxid_Dur=18.00",5000.0,18.0,0.0,-2.5,0.11904761904761896,False,True
5000.0,16.0,15.52636842105263,0.9673912104924576,0.011661027056386053,16.49375963154509,17.422455193617846,17.461150842037547,False,"SnO2_Rpm=5000, Spiro_Oxid_Dur=18.00",5000.0,18.0,0.0,-2.0,0.09523809523809523,False,True
5000.0,16.5,15.52636842105263,0.9673912104924576,0.011661027056386053,16.49375963154509,17.422455193617846,17.461150842037547,False,"SnO2_Rpm=5000, Spiro_Oxid_Dur=18.00",5000.0,18.0,0.0,-1.5,0.0714285714285714,False,True
5000.0,17.0,15.52636842105263,0.9673912104924576,0.011661027056386053,16.49375963154509,17.422455193617846,17.461150842037547,False,"SnO2_Rpm=5000, Spiro_Oxid_Dur=18.00",5000.0,18.0,0.0,-1.0,0.04761904761904756,False,True
5000.0,19.0,15.52636842105263,0.9673912104924576,0.011661027056386053,16.49375963154509,17.422455193617846,17.461150842037547,False,"SnO2_Rpm=5000, Spiro_Oxid_Dur=18.00",5000.0,18.0,0.0,1.0,0.04761904761904767,False,True
5000.0,19.5,15.52636842105263,0.9673912104924576,0.011661027056386053,16.49375963154509,17.422455193617846,17.461150842037547,False,"SnO2_Rpm=5000, Spiro_Oxid_Dur=18.00",5000.0,18.0,0.0,1.5,0.07142857142857151,False,True
5000.0,20.0,15.52636842105263,0.9673912104924576,0.011661027056386053,16.49375963154509,17.422455193617846,17.461150842037547,False,"SnO2_Rpm=5000, Spiro_Oxid_Dur=18.00",5000.0,18.0,0.0,2.0,0.09523809523809523,False,True
5000.0,20.5,15.52636842105263,0.9673912104924576,0.011661027056386053,16.49375963154509,17.422455193617846,17.461150842037547,False,"SnO2_Rpm=5000, Spiro_Oxid_Dur=18.00",5000.0,18.0,0.0,2.5,0.11904761904761907,False,True
5000.0,21.0,15.52636842105263,0.9673912104924576,0.011661027056386053,16.49375963154509,17.422455193617846,17.461150842037547,False,"SnO2_Rpm=5000, Spiro_Oxid_Dur=24.00",5000.0,24.0,0.0,-3.0,0.1428571428571428,False,True
5000.0,21.5,15.52636842105263,0.9673912104924576,0.011661027056386053,16.49375963154509,17.422455193617846,17.461150842037547,False,"SnO2_Rpm=5000, Spiro_Oxid_Dur=24.00",5000.0,24.0,0.0,-2.5,0.11904761904761907,False,True
5000.0,22.0,15.52636842105263,0.9673912104924576,0.011661027056386053,16.49375963154509,17.422455193617846,17.461150842037547,False,"SnO2_Rpm=5000, Spiro_Oxid_Dur=24.00",5000.0,24.0,0.0,-2.0,0.09523809523809512,False,True
5000.0,22.5,15.52636842105263,0.9673912104924576,0.011661027056386053,16.49375963154509,17.422455193617846,17.461150842037547,False,"SnO2_Rpm=5000, Spiro_Oxid_Dur=24.00",5000.0,24.0,0.0,-1.5,0.0714285714285714,False,True
5000.0,23.0,15.52636842105263,0.9673912104924576,0.011661027056386053,16.49375963154509,17.422455193617846,17.461150842037547,False,"SnO2_Rpm=5000, Spiro_Oxid_Dur=24.00",5000.0,24.0,0.0,-1.0,0.04761904761904745,False,True
5000.0,23.5,15.52636813226377,0.9673912104922429,0.01166101810795682,16.49375934275601,17.422454904828566,17.461150553248256,False,"SnO2_Rpm=5000, Spiro_Oxid_Dur=24.00",5000.0,24.0,0.0,-0.5,0.023809523809523725,False,True
4950.0,23.5,15.526368132263658,0.9673912104922429,0.01166101810795335,16.4937593427559,17.422454904828452,17.461150553248142,False,"SnO2_Rpm=5000, Spiro_Oxid_Dur=24.00",5000.0,24.0,-50.0,-0.5,0.04096345365258415,False,True
4900.0,23.5,15.52636813226355,0.9673912104922429,0.01166101810794997,16.49375934275579,17.422454904828346,17.461150553248036,False,"SnO2_Rpm=5000, Spiro_Oxid_Dur=24.00",5000.0,24.0,-100.0,-0.5,0.07079080355865972,False,True
4850.0,23.5,15.526368132263443,0.9673912104922429,0.011661018107946688,16.493759342755684,17.42245490482824,17.46115055324793,False,"SnO2_Rpm=5000, Spiro_Oxid_Dur=24.00",5000.0,24.0,-150.0,-0.5,0.10279539592820437,False,True
4800.0,23.5,15.52636813226334,0.9673912104922429,0.011661018107943476,16.49375934275558,17.422454904828136,17.461150553247826,False,"SnO2_Rpm=5000, Spiro_Oxid_Dur=24.00",5000.0,24.0,-200.0,-0.5,0.1354425014602656,False,True
4750.0,23.5,15.526368132263238,0.9673912104922429,0.01166101810794036,16.49375934275548,17.422454904828033,17.461150553247723,False,"SnO2_Rpm=4500, Spiro_Oxid_Dur=24.00",4500.0,24.0,250.0,-0.5,0.1683587574253683,False,True
4700.0,23.5,15.52636813226314,0.9673912104922429,0.011661018107937314,16.493759342755382,17.422454904827937,17.461150553247627,False,"SnO2_Rpm=4500, Spiro_Oxid_Dur=24.00",4500.0,24.0,200.0,-0.5,0.1354425014602656,False,True
4650.0,23.5,15.526368132263045,0.9673912104922429,0.011661018107934344,16.493759342755286,17.42245490482784,17.46115055324753,False,"SnO2_Rpm=4500, Spiro_Oxid_Dur=24.00",4500.0,24.0,150.0,-0.5,0.10279539592820437,False,True
4600.0,23.5,15.526368132262952,0.9673912104922429,0.011661018107931465,16.493759342755194,17.42245490482775,17.46115055324744,False,"SnO2_Rpm=4500, Spiro_Oxid_Dur=24.00",4500.0,24.0,100.0,-0.5,0.07079080355865972,False,True
4550.0,23.5,15.526368132262862,0.9673912104922429,0.011661018107928703,16.493759342755105,17.422454904827656,17.461150553247347,False,"SnO2_Rpm=4500, Spiro_Oxid_Dur=24.00",4500.0,24.0,50.0,-0.5,0.040963453652583796,False,True
4500.0,23.5,15.526368132262773,0.9673912104922429,0.011661018107925969,16.493759342755016,17.422454904827568,17.461150553247258,False,"SnO2_Rpm=4500, Spiro_Oxid_Dur=24.00",4500.0,24.0,0.0,-0.5,0.023809523809523725,False,True
4450.0,23.5,15.526368132262688,0.9673912104922429,0.011661018107923325,16.49375934275493,17.422454904827482,17.461150553247172,False,"SnO2_Rpm=4500, Spiro_Oxid_Dur=24.00",4500.0,24.0,-50.0,-0.5,0.040963453652583796,False,True
4400.0,23.5,15.526368132262604,0.9673912104922429,0.01166101810792073,16.493759342754846,17.4224549048274,17.46115055324709,False,"SnO2_Rpm=4500, Spiro_Oxid_Dur=24.00",4500.0,24.0,-100.0,-0.5,0.07079080355865972,False,True
4350.0,23.5,15.526368132262524,0.9673912104922429,0.011661018107918253,16.493759342754768,17.42245490482732,17.46115055324701,False,"SnO2_Rpm=4500, Spiro_Oxid_Dur=24.00",4500.0,24.0,-150.0,-0.5,0.10279539592820437,False,True
4300.0,23.5,15.526368132262446,0.9673912104922429,0.011661018107915803,16.49375934275469,17.42245490482724,17.46115055324693,False,"SnO2_Rpm=4500, Spiro_Oxid_Dur=24.00",4500.0,24.0,-200.0,-0.5,0.1354425014602656,False,True
4250.0,23.5,15.526368132262371,0.9673912104922429,0.011661018107913472,16.493759342754615,17.422454904827166,17.461150553246856,False,"SnO2_Rpm=4500, Spiro_Oxid_Dur=24.00",4500.0,24.0,-250.0,-0.5,0.1683587574253683,False,True
4200.0,23.5,15.526368132262299,0.9673912104922429,0.011661018107911238,16.49375934275454,17.422454904827095,17.461150553246785,False,"SnO2_Rpm=4000, Spiro_Oxid_Dur=24.00",4000.0,24.0,200.0,-0.5,0.1354425014602656,False,True
4150.0,23.5,15.52636813226223,0.9673912104922429,0.011661018107909128,16.493759342754473,17.422454904827024,17.461150553246714,False,"SnO2_Rpm=4000, Spiro_Oxid_Dur=24.00",4000.0,24.0,150.0,-0.5,0.10279539592820437,False,True
4100.0,23.5,15.526368132262162,0.9673912104922429,0.011661018107907026,16.493759342754405,17.422454904826957,17.461150553246647,False,"SnO2_Rpm=4000, Spiro_Oxid_Dur=24.00",4000.0,24.0,100.0,-0.5,0.07079080355865972,False,True
4050.0,23.5,15.526368132262098,0.9673912104922429,0.011661018107905013,16.49375934275434,17.422454904826893,17.461150553246583,False,"SnO2_Rpm=4000, Spiro_Oxid_Dur=24.00",4000.0,24.0,50.0,-0.5,0.04096345365258415,False,True
4000.0,23.5,15.526368132262036,0.9673912104922429,0.011661018107903105,16.493759342754277,17.422454904826832,17.461150553246522,False,"SnO2_Rpm=4000, Spiro_Oxid_Dur=24.00",4000.0,24.0,0.0,-0.5,0.023809523809523725,False,True
3950.0,23.5,15.526368132261977,0.9673912104922429,0.011661018107901294,16.49375934275422,17.422454904826772,17.461150553246462,False,"SnO2_Rpm=4000, Spiro_Oxid_Dur=24.00",4000.0,24.0,-50.0,-0.5,0.040963453652583796,False,True
3900.0,23.5,15.52636813226192,0.9673912104922429,0.011661018107899532,16.493759342754164,17.422454904826715,17.461150553246405,False,"SnO2_Rpm=4000, Spiro_Oxid_Dur=24.00",4000.0,24.0,-100.0,-0.5,0.0707908035586593,False,True
3850.0,23.5,15.526368132261865,0.9673912104922429,0.011661018107897797,16.493759342754107,17.42245490482666,17.461150553246352,False,"SnO2_Rpm=4000, Spiro_Oxid_Dur=24.00",4000.0,24.0,-150.0,-0.5,0.10279539592820394,False,True
3800.0,23.5,15.526368132261814,0.9673912104922429,0.011661018107896243,16.493759342754057,17.42245490482661,17.4611505532463,False,"SnO2_Rpm=4000, Spiro_Oxid_Dur=24.00",4000.0,24.0,-200.0,-0.5,0.1354425014602656,False,True
3750.0,23.5,15.526368132261764,0.9673912104922429,0.011661018107894668,16.493759342754007,17.42245490482656,17.46115055324625,False,"SnO2_Rpm=3500, Spiro_Oxid_Dur=24.00",3500.0,24.0,250.0,-0.5,0.1683587574253683,False,True
3700.0,23.5,15.526368132261718,0.9673912104922429,0.011661018107893231,16.49375934275396,17.422454904826512,17.461150553246203,False,"SnO2_Rpm=3500, Spiro_Oxid_Dur=24.00",3500.0,24.0,200.0,-0.5,0.1354425014602656,False,True
3650.0,23.5,15.526368132261675,0.9673912104922429,0.01166101810789194,16.49375934275392,17.42245490482647,17.46115055324616,False,"SnO2_Rpm=3500, Spiro_Oxid_Dur=24.00",3500.0,24.0,150.0,-0.5,0.10279539592820394,False,True
3600.0,23.5,15.526368132261632,0.9673912104922429,0.011661018107890608,16.493759342753876,17.422454904826427,17.461150553246117,False,"SnO2_Rpm=3500, Spiro_Oxid_Dur=24.00",3500.0,24.0,100.0,-0.5,0.0707908035586593,False,True
3550.0,23.5,15.526368132261595,0.9673912104922429,0.011661018107889456,16.493759342753837,17.42245490482639,17.461150553246082,False,"SnO2_Rpm=3500, Spiro_Oxid_Dur=24.00",3500.0,24.0,50.0,-0.5,0.040963453652583796,False,True
3500.0,23.5,15.526368132261558,0.9673912104922429,0.011661018107888312,16.4937593427538,17.422454904826353,17.461150553246043,False,"SnO2_Rpm=3500, Spiro_Oxid_Dur=24.00",3500.0,24.0,0.0,-0.5,0.023809523809523725,False,True
5000.0,11.5,15.526367409221935,0.9673912104922429,0.01166099570380253,16.49375861971418,17.42245418178673,17.46114983020642,False,"SnO2_Rpm=5000, Spiro_Oxid_Dur=12.00",5000.0,12.0,0.0,-0.5,0.023809523809523725,False,True
5000.0,12.5,15.526367409221935,0.9673912104922429,0.01166099570380253,16.49375861971418,17.42245418178673,17.46114983020642,False,"SnO2_Rpm=5000, Spiro_Oxid_Dur=12.00",5000.0,12.0,0.0,0.5,0.023809523809523836,False,True
4950.0,11.5,15.526367409221791,0.9673912104922429,0.011660995703798034,16.493758619714033,17.422454181786588,17.461149830206278,False,"SnO2_Rpm=5000, Spiro_Oxid_Dur=12.00",5000.0,12.0,-50.0,-0.5,0.04096345365258415,False,True
4950.0,12.5,15.526367409221791,0.9673912104922429,0.011660995703798034,16.493758619714033,17.422454181786588,17.461149830206278,False,"SnO2_Rpm=5000, Spiro_Oxid_Dur=12.00",5000.0,12.0,-50.0,0.5,0.04096345365258422,False,True
4900.0,11.5,15.526367409221658,0.9673912104922429,0.011660995703793968,16.4937586197139,17.422454181786453,17.461149830206143,False,"SnO2_Rpm=5000, Spiro_Oxid_Dur=12.00",5000.0,12.0,-100.0,-0.5,0.07079080355865972,False,True
4900.0,12.5,15.526367409221658,0.9673912104922429,0.011660995703793968,16.4937586197139,17.422454181786453,17.461149830206143,False,"SnO2_Rpm=5000, Spiro_Oxid_Dur=12.00",5000.0,12.0,-100.0,0.5,0.07079080355865976,False,True
3500.0,11.5,15.526367409221585,0.9673912104922429,0.011660995703791657,16.493758619713827,17.42245418178638,17.46114983020607,False,"SnO2_Rpm=3500, Spiro_Oxid_Dur=12.00",3500.0,12.0,0.0,-0.5,0.023809523809523725,False,True
3500.0,12.5,15.526367409221585,0.9673912104922429,0.011660995703791657,16.493758619713827,17.42245418178638,17.46114983020607,False,"SnO2_Rpm=3500, Spiro_Oxid_Dur=12.00",3500.0,12.0,0.0,0.5,0.023809523809523836,False,True
4850.0,11.5,15.526367409221532,0.9673912104922429,0.011660995703790047,16.493758619713773,17.42245418178633,17.46114983020602,False,"SnO2_Rpm=5000, Spiro_Oxid_Dur=12.00",5000.0,12.0,-150.0,-0.5,0.10279539592820437,False,True
4850.0,12.5,15.526367409221532,0.9673912104922429,0.011660995703790047,16.493758619713773,17.42245418178633,17.46114983020602,False,"SnO2_Rpm=5000, Spiro_Oxid_Dur=12.00",5000.0,12.0,-150.0,0.5,0.10279539592820439,False,True
3550.0,11.5,15.526367409221466,0.9673912104922429,0.011660995703787973,16.49375861971371,17.42245418178626,17.46114983020595,False,"SnO2_Rpm=3500, Spiro_Oxid_Dur=12.00",3500.0,12.0,50.0,-0.5,0.040963453652583796,False,True
3550.0,12.5,15.526367409221466,0.9673912104922429,0.011660995703787973,16.49375861971371,17.42245418178626,17.46114983020595,False,"SnO2_Rpm=3500, Spiro_Oxid_Dur=12.00",3500.0,12.0,50.0,0.5,0.04096345365258386,False,True
4800.0,11.5,15.526367409221416,0.9673912104922429,0.011660995703786432,16.49375861971366,17.42245418178621,17.4611498302059,False,"SnO2_Rpm=5000, Spiro_Oxid_Dur=12.00",5000.0,12.0,-200.0,-0.5,0.1354425014602656,False,True
4800.0,12.5,15.526367409221416,0.9673912104922429,0.011660995703786432,16.49375861971366,17.42245418178621,17.4611498302059,False,"SnO2_Rpm=5000, Spiro_Oxid_Dur=12.00",5000.0,12.0,-200.0,0.5,0.1354425014602656,False,True
3600.0,11.5,15.526367409221354,0.9673912104922429,0.011660995703784559,16.493758619713596,17.42245418178615,17.46114983020584,False,"SnO2_Rpm=3500, Spiro_Oxid_Dur=12.00",3500.0,12.0,100.0,-0.5,0.0707908035586593,False,True
3600.0,12.5,15.526367409221354,0.9673912104922429,0.011660995703784559,16.493758619713596,17.42245418178615,17.46114983020584,False,"SnO2_Rpm=3500, Spiro_Oxid_Dur=12.00",3500.0,12.0,100.0,0.5,0.07079080355865934,False,True
4750.0,11.5,15.526367409221308,0.9673912104922429,0.011660995703783109,16.49375861971355,17.422454181786104,17.461149830205795,False,"SnO2_Rpm=4500, Spiro_Oxid_Dur=12.00",4500.0,12.0,250.0,-0.5,0.1683587574253683,False,True
4750.0,12.5,15.526367409221308,0.9673912104922429,0.011660995703783109,16.49375861971355,17.422454181786104,17.461149830205795,False,"SnO2_Rpm=4500, Spiro_Oxid_Dur=12.00",4500.0,12.0,250.0,0.5,0.16835875742536832,False,True
3650.0,11.5,15.526367409221253,0.9673912104922429,0.011660995703781388,16.493758619713496,17.422454181786048,17.461149830205738,False,"SnO2_Rpm=3500, Spiro_Oxid_Dur=12.00",3500.0,12.0,150.0,-0.5,0.10279539592820394,False,True
3650.0,12.5,15.526367409221253,0.9673912104922429,0.011660995703781388,16.493758619713496,17.422454181786048,17.461149830205738,False,"SnO2_Rpm=3500, Spiro_Oxid_Dur=12.00",3500.0,12.0,150.0,0.5,0.10279539592820396,False,True
4700.0,11.5,15.52636740922121,0.9673912104922429,0.011660995703780042,16.493758619713454,17.422454181786005,17.461149830205695,False,"SnO2_Rpm=4500, Spiro_Oxid_Dur=12.00",4500.0,12.0,200.0,-0.5,0.1354425014602656,False,True
4700.0,12.5,15.52636740922121,0.9673912104922429,0.011660995703780042,16.493758619713454,17.422454181786005,17.461149830205695,False,"SnO2_Rpm=4500, Spiro_Oxid_Dur=12.00",4500.0,12.0,200.0,0.5,0.1354425014602656,False,True
3700.0,11.5,15.526367409221159,0.9673912104922429,0.011660995703778453,16.4937586197134,17.422454181785955,17.461149830205645,False,"SnO2_Rpm=3500, Spiro_Oxid_Dur=12.00",3500.0,12.0,200.0,-0.5,0.1354425014602656,False,True
3700.0,12.5,15.526367409221159,0.9673912104922429,0.011660995703778453,16.4937586197134,17.422454181785955,17.461149830205645,False,"SnO2_Rpm=3500, Spiro_Oxid_Dur=12.00",3500.0,12.0,200.0,0.5,0.1354425014602656,False,True
4650.0,11.5,15.526367409221121,0.9673912104922429,0.011660995703777308,16.493758619713365,17.422454181785916,17.461149830205606,False,"SnO2_Rpm=4500, Spiro_Oxid_Dur=12.00",4500.0,12.0,150.0,-0.5,0.10279539592820437,False,True
4650.0,12.5,15.526367409221121,0.9673912104922429,0.011660995703777308,16.493758619713365,17.422454181785916,17.461149830205606,False,"SnO2_Rpm=4500, Spiro_Oxid_Dur=12.00",4500.0,12.0,150.0,0.5,0.10279539592820439,False,True
3750.0,11.5,15.526367409221075,0.9673912104922429,0.011660995703775864,16.49375861971332,17.42245418178587,17.46114983020556,False,"SnO2_Rpm=3500, Spiro_Oxid_Dur=12.00",3500.0,12.0,250.0,-0.5,0.1683587574253683,False,True
3750.0,12.5,15.526367409221075,0.9673912104922429,0.011660995703775864,16.49375861971332,17.42245418178587,17.46114983020556,False,"SnO2_Rpm=3500, Spiro_Oxid_Dur=12.00",3500.0,12.0,250.0,0.5,0.16835875742536832,False,True
4600.0,11.5,15.526367409221042,0.9673912104922429,0.01166099570377481,16.493758619713283,17.422454181785838,17.461149830205528,False,"SnO2_Rpm=4500, Spiro_Oxid_Dur=12.00",4500.0,12.0,100.0,-0.5,0.07079080355865972,False,True
4600.0,12.5,15.526367409221042,0.9673912104922429,0.01166099570377481,16.493758619713283,17.422454181785838,17.461149830205528,False,"SnO2_Rpm=4500, Spiro_Oxid_Dur=12.00",4500.0,12.0,100.0,0.5,0.07079080355865976,False,True
3800.0,11.5,15.526367409221,0.9673912104922429,0.01166099570377356,16.493758619713244,17.422454181785795,17.461149830205486,False,"SnO2_Rpm=4000, Spiro_Oxid_Dur=12.00",4000.0,12.0,-200.0,-0.5,0.1354425014602656,False,True
3800.0,12.5,15.526367409221,0.9673912104922429,0.01166099570377356,16.493758619713244,17.422454181785795,17.461149830205486,False,"SnO2_Rpm=4000, Spiro_Oxid_Dur=12.00",4000.0,12.0,-200.0,0.5,0.1354425014602656,False,True
4550.0,11.5,15.52636740922097,0.9673912104922429,0.01166099570377263,16.493758619713212,17.422454181785767,17.461149830205457,False,"SnO2_Rpm=4500, Spiro_Oxid_Dur=12.00",4500.0,12.0,50.0,-0.5,0.040963453652583796,False,True
4550.0,12.5,15.52636740922097,0.9673912104922429,0.01166099570377263,16.493758619713212,17.422454181785767,17.461149830205457,False,"SnO2_Rpm=4500, Spiro_Oxid_Dur=12.00",4500.0,12.0,50.0,0.5,0.04096345365258386,False,True
3850.0,11.5,15.526367409220935,0.9673912104922429,0.011660995703771534,16.493758619713176,17.42245418178573,17.46114983020542,False,"SnO2_Rpm=4000, Spiro_Oxid_Dur=12.00",4000.0,12.0,-150.0,-0.5,0.10279539592820394,False,True
3850.0,12.5,15.526367409220935,0.9673912104922429,0.011660995703771534,16.493758619713176,17.42245418178573,17.46114983020542,False,"SnO2_Rpm=4000, Spiro_Oxid_Dur=12.00",4000.0,12.0,-150.0,0.5,0.10279539592820396,False,True
4500.0,11.5,15.526367409220908,0.9673912104922429,0.011660995703770688,16.49375861971315,17.422454181785703,17.461149830205393,False,"SnO2_Rpm=4500, Spiro_Oxid_Dur=12.00",4500.0,12.0,0.0,-0.5,0.023809523809523725,False,True
4500.0,12.5,15.526367409220908,0.9673912104922429,0.011660995703770688,16.49375861971315,17.422454181785703,17.461149830205393,False,"SnO2_Rpm=4500, Spiro_Oxid_Dur=12.00",4500.0,12.0,0.0,0.5,0.023809523809523836,False,True
3900.0,11.5,15.526367409220878,0.9673912104922429,0.011660995703769765,16.49375861971312,17.422454181785675,17.461149830205365,False,"SnO2_Rpm=4000, Spiro_Oxid_Dur=12.00",4000.0,12.0,-100.0,-0.5,0.0707908035586593,False,True
3900.0,12.5,15.526367409220878,0.9673912104922429,0.011660995703769765,16.49375861971312,17.422454181785675,17.461149830205365,False,"SnO2_Rpm=4000, Spiro_Oxid_Dur=12.00",4000.0,12.0,-100.0,0.5,0.07079080355865934,False,True
4450.0,11.5,15.526367409220857,0.9673912104922429,0.011660995703769099,16.4937586197131,17.422454181785653,17.461149830205343,False,"SnO2_Rpm=4500, Spiro_Oxid_Dur=12.00",4500.0,12.0,-50.0,-0.5,0.040963453652583796,False,True
4450.0,12.5,15.526367409220857,0.9673912104922429,0.011660995703769099,16.4937586197131,17.422454181785653,17.461149830205343,False,"SnO2_Rpm=4500, Spiro_Oxid_Dur=12.00",4500.0,12.0,-50.0,0.5,0.04096345365258386,False,True
3950.0,11.5,15.52636740922083,0.9673912104922429,0.011660995703768294,16.493758619713073,17.422454181785625,17.461149830205315,False,"SnO2_Rpm=4000, Spiro_Oxid_Dur=12.00",4000.0,12.0,-50.0,-0.5,0.040963453652583796,False,True
3950.0,12.5,15.52636740922083,0.9673912104922429,0.011660995703768294,16.493758619713073,17.422454181785625,17.461149830205315,False,"SnO2_Rpm=4000, Spiro_Oxid_Dur=12.00",4000.0,12.0,-50.0,0.5,0.04096345365258386,False,True
4400.0,11.5,15.526367409220812,0.9673912104922429,0.011660995703767753,16.493758619713056,17.422454181785607,17.461149830205297,False,"SnO2_Rpm=4500, Spiro_Oxid_Dur=12.00",4500.0,12.0,-100.0,-0.5,0.07079080355865972,False,True
4400.0,12.5,15.526367409220812,0.9673912104922429,0.011660995703767753,16.493758619713056,17.422454181785607,17.461149830205297,False,"SnO2_Rpm=4500, Spiro_Oxid_Dur=12.00",4500.0,12.0,-100.0,0.5,0.07079080355865976,False,True
4000.0,11.5,15.526367409220793,0.9673912104922429,0.011660995703767121,16.493758619713034,17.42245418178559,17.46114983020528,False,"SnO2_Rpm=4000, Spiro_Oxid_Dur=12.00",4000.0,12.0,0.0,-0.5,0.023809523809523725,False,True
4000.0,12.5,15.526367409220793,0.9673912104922429,0.011660995703767121,16.493758619713034,17.42245418178559,17.46114983020528,False,"SnO2_Rpm=4000, Spiro_Oxid_Dur=12.00",4000.0,12.0,0.0,0.5,0.023809523809523836,False,True
4350.0,11.5,15.526367409220779,0.9673912104922429,0.011660995703766705,16.49375861971302,17.422454181785575,17.461149830205265,False,"SnO2_Rpm=4500, Spiro_Oxid_Dur=12.00",4500.0,12.0,-150.0,-0.5,0.10279539592820437,False,True
4350.0,12.5,15.526367409220779,0.9673912104922429,0.011660995703766705,16.49375861971302,17.422454181785575,17.461149830205265,False,"SnO2_Rpm=4500, Spiro_Oxid_Dur=12.00",4500.0,12.0,-150.0,0.5,0.10279539592820439,False,True
4050.0,11.5,15.526367409220763,0.9673912104922429,0.011660995703766185,16.493758619713006,17.422454181785557,17.461149830205247,False,"SnO2_Rpm=4000, Spiro_Oxid_Dur=12.00",4000.0,12.0,50.0,-0.5,0.04096345365258415,False,True
4050.0,12.5,15.526367409220763,0.9673912104922429,0.011660995703766185,16.493758619713006,17.422454181785557,17.461149830205247,False,"SnO2_Rpm=4000, Spiro_Oxid_Dur=12.00",4000.0,12.0,50.0,0.5,0.04096345365258422,False,True
4300.0,11.5,15.526367409220754,0.9673912104922429,0.011660995703765921,16.493758619712995,17.42245418178555,17.46114983020524,False,"SnO2_Rpm=4500, Spiro_Oxid_Dur=12.00",4500.0,12.0,-200.0,-0.5,0.1354425014602656,False,True
4300.0,12.5,15.526367409220754,0.9673912104922429,0.011660995703765921,16.493758619712995,17.42245418178555,17.46114983020524,False,"SnO2_Rpm=4500, Spiro_Oxid_Dur=12.00",4500.0,12.0,-200.0,0.5,0.1354425014602656,False,True
4100.0,11.5,15.526367409220743,0.9673912104922429,0.011660995703765574,16.493758619712985,17.42245418178554,17.46114983020523,False,"SnO2_Rpm=4000, Spiro_Oxid_Dur=12.00",4000.0,12.0,100.0,-0.5,0.07079080355865972,False,True
4100.0,12.5,15.526367409220743,0.9673912104922429,0.011660995703765574,16.493758619712985,17.42245418178554,17.46114983020523,False,"SnO2_Rpm=4000, Spiro_Oxid_Dur=12.00",4000.0,12.0,100.0,0.5,0.07079080355865976,False,True
4250.0,11.5,15.526367409220738,0.9673912104922429,0.011660995703765442,16.49375861971298,17.422454181785533,17.461149830205223,False,"SnO2_Rpm=4500, Spiro_Oxid_Dur=12.00",4500.0,12.0,-250.0,-0.5,0.1683587574253683,False,True
4250.0,12.5,15.526367409220738,0.9673912104922429,0.011660995703765442,16.49375861971298,17.422454181785533,17.461149830205223,False,"SnO2_Rpm=4500, Spiro_Oxid_Dur=12.00",4500.0,12.0,-250.0,0.5,0.16835875742536832,False,True
4150.0,11.5,15.526367409220732,0.9673912104922429,0.011660995703765262,16.493758619712974,17.42245418178553,17.46114983020522,False,"SnO2_Rpm=4000, Spiro_Oxid_Dur=12.00",4000.0,12.0,150.0,-0.5,0.10279539592820437,False,True
4150.0,12.5,15.526367409220732,0.9673912104922429,0.011660995703765262,16.493758619712974,17.42245418178553,17.46114983020522,False,"SnO2_Rpm=4000, Spiro_Oxid_Dur=12.00",4000.0,12.0,150.0,0.5,0.10279539592820439,False,True
4200.0,11.5,15.52636740922073,0.9673912104922429,0.0116609957037652,16.493758619712974,17.422454181785525,17.461149830205215,False,"SnO2_Rpm=4000, Spiro_Oxid_Dur=12.00",4000.0,12.0,200.0,-0.5,0.1354425014602656,False,True
4200.0,12.5,15.52636740922073,0.9673912104922429,0.0116609957037652,16.493758619712974,17.422454181785525,17.461149830205215,False,"SnO2_Rpm=4000, Spiro_Oxid_Dur=12.00",4000.0,12.0,200.0,0.5,0.1354425014602656,False,True
5000.0,18.0,15.608906262456014,0.8014736258921777,0.0045120188849692815,16.410379888348192,17.17979456920468,17.211853514240367,True,"SnO2_Rpm=5000, Spiro_Oxid_Dur=18.00",5000.0,18.0,0.0,0.0,0.0,False,False
3500.0,18.0,15.608906233981575,0.8014736258921777,0.004512018435606002,16.410379859873753,17.179794540730242,17.21185348576593,True,"SnO2_Rpm=3500, Spiro_Oxid_Dur=18.00",3500.0,18.0,0.0,0.0,0.0,False,False
4950.0,18.0,15.608906272267669,0.8014735781518764,0.004512017151301461,16.410379850419545,17.179794485445345,17.211853428571423,False,"SnO2_Rpm=5000, Spiro_Oxid_Dur=18.00",5000.0,18.0,-50.0,0.0,0.03333333333333366,False,False
3550.0,18.0,15.608906245691525,0.8014735781518764,0.004512016731895847,16.410379823843403,17.179794458869203,17.211853401995278,False,"SnO2_Rpm=3500, Spiro_Oxid_Dur=18.00",3500.0,18.0,50.0,0.0,0.033333333333333215,False,False
4900.0,18.0,15.608906281337203,0.8014735337039958,0.004512015536163816,16.4103798150412,17.179794407397036,17.211853348745194,False,"SnO2_Rpm=5000, Spiro_Oxid_Dur=18.00",5000.0,18.0,-100.0,0.0,0.06666666666666687,False,False
3600.0,18.0,15.60890625665935,0.8014735337039958,0.004512015146715766,16.410379790363347,17.179794382719184,17.21185332406734,False,"SnO2_Rpm=3500, Spiro_Oxid_Dur=18.00",3500.0,18.0,100.0,0.0,0.06666666666666643,False,False
4850.0,18.0,15.608906289664613,0.801473492548539,0.004512014039556325,16.410379782213152,17.17979433505975,17.21185327476169,False,"SnO2_Rpm=5000, Spiro_Oxid_Dur=18.00",5000.0,18.0,-150.0,0.0,0.10000000000000009,False,False
3650.0,18.0,15.608906266885054,0.8014734925485391,0.004512013680065877,16.410379759433592,17.17979431228019,17.21185325198213,False,"SnO2_Rpm=3500, Spiro_Oxid_Dur=18.00",3500.0,18.0,150.0,0.0,0.09999999999999964,False,False
4800.0,18.0,15.608906297249899,0.8014734546855088,0.004512012661479013,16.41037975193541,17.179794268433497,17.211853206620916,False,"SnO2_Rpm=5000, Spiro_Oxid_Dur=18.00",5000.0,18.0,-200.0,0.0,0.1333333333333333,False,False
3700.0,18.0,15.608906276368636,0.8014734546855088,0.004512012331946164,16.410379731054146,17.179794247552234,17.211853185739653,False,"SnO2_Rpm=3500, Spiro_Oxid_Dur=18.00",3500.0,18.0,200.0,0.0,0.1333333333333333,False,False
4750.0,18.0,15.608906304093061,0.8014734201149076,0.004512011401931963,16.410379724207967,17.17979420751828,17.211853144322877,False,"SnO2_Rpm=4500, Spiro_Oxid_Dur=18.00",4500.0,18.0,250.0,0.0,0.16666666666666652,False,False
3750.0,18.0,15.608906285110091,0.8014734201149076,0.004512011102356654,16.410379705224997,17.17979418853531,17.211853125339907,False,"SnO2_Rpm=3500, Spiro_Oxid_Dur=18.00",3500.0,18.0,250.0,0.0,0.16666666666666652,False,False
4700.0,18.0,15.608906310194097,0.8014733888367376,0.004512010260915102,16.410379699030834,17.179794152314102,17.211853087867574,False,"SnO2_Rpm=4500, Spiro_Oxid_Dur=18.00",4500.0,18.0,200.0,0.0,0.1333333333333333,False,False
3800.0,18.0,15.608906293109424,0.8014733888367377,0.004512009991297351,16.41037968194616,17.17979413522943,17.2118530707829,False,"SnO2_Rpm=4000, Spiro_Oxid_Dur=18.00",4000.0,18.0,-200.0,0.0,0.1333333333333333,False,False
4650.0,18.0,15.60890631555301,0.8014733608510011,0.004512009238428552,16.410379676404013,17.179794102820974,17.21185303725501,False,"SnO2_Rpm=4500, Spiro_Oxid_Dur=18.00",4500.0,18.0,150.0,0.0,0.10000000000000009,False,False
3850.0,18.0,15.608906300366632,0.8014733608510011,0.004512008998768344,16.410379661217632,17.179794087634594,17.211853022068635,False,"SnO2_Rpm=4000, Spiro_Oxid_Dur=18.00",4000.0,18.0,-150.0,0.0,0.09999999999999964,False,False
4600.0,18.0,15.6089063201698,0.8014733361576998,0.004512008334472257,16.4103796563275,17.17979405903889,17.2118529924852,False,"SnO2_Rpm=4500, Spiro_Oxid_Dur=18.00",4500.0,18.0,100.0,0.0,0.06666666666666687,False,False
3900.0,18.0,15.608906306881718,0.8014733361576998,0.004512008124769613,16.410379643039416,17.17979404575081,17.21185297919712,False,"SnO2_Rpm=4000, Spiro_Oxid_Dur=18.00",4000.0,18.0,-100.0,0.0,0.06666666666666643,False,False
4550.0,18.0,15.608906324044462,0.8014733147568353,0.004512007549046262,16.410379638801295,17.179794020967858,17.211852953558132,False,"SnO2_Rpm=4500, Spiro_Oxid_Dur=18.00",4500.0,18.0,50.0,0.0,0.033333333333333215,False,False
3950.0,18.0,15.608906312654678,0.8014733147568353,0.004512007369301151,16.410379627411512,17.179794009578075,17.21185294216835,False,"SnO2_Rpm=4000, Spiro_Oxid_Dur=18.00",4000.0,18.0,-50.0,0.0,0.033333333333333215,False,False
4500.0,18.0,15.608906327177001,0.801473296648409,0.0045120068821506085,16.41037962382541,17.179793988607884,17.21185292047382,True,"SnO2_Rpm=4500, Spiro_Oxid_Dur=18.00",4500.0,18.0,0.0,0.0,0.0,False,False
4000.0,18.0,15.608906317685513,0.801473296648409,0.0045120067323630025,16.410379614333923,17.179793979116393,17.21185291098233,True,"SnO2_Rpm=4000, Spiro_Oxid_Dur=18.00",4000.0,18.0,0.0,0.0,0.0,False,False
4450.0,18.0,15.608906329567414,0.8014732818324224,0.004512006333785245,16.410379611399836,17.179793961958964,17.21185289323226,False,"SnO2_Rpm=4500, Spiro_Oxid_Dur=18.00",4500.0,18.0,-50.0,0.0,0.033333333333333215,False,False
4050.0,18.0,15.608906321974224,0.8014732818324224,0.0045120062139552,16.410379603806646,17.17979395436577,17.21185288563907,False,"SnO2_Rpm=4000, Spiro_Oxid_Dur=18.00",4000.0,18.0,50.0,0.0,0.03333333333333366,False,False
4400.0,18.0,15.608906331215703,0.8014732703088762,0.004512005903950275,16.41037960152458,17.1797939410211,17.211852871833454,False,"SnO2_Rpm=4500, Spiro_Oxid_Dur=18.00",4500.0,18.0,-100.0,0.0,0.06666666666666687,False,False
4100.0,18.0,15.608906325520811,0.8014732703088762,0.004512005814077749,16.41037959582969,17.17979393532621,17.211852866138564,False,"SnO2_Rpm=4000, Spiro_Oxid_Dur=18.00",4000.0,18.0,100.0,0.0,0.06666666666666687,False,False
4350.0,18.0,15.608906332121867,0.8014732620777711,0.0045120055926456265,16.41037959419964,17.1797939257943,17.21185285627741,False,"SnO2_Rpm=4500, Spiro_Oxid_Dur=18.00",4500.0,18.0,-150.0,0.0,0.10000000000000009,False,False
4150.0,18.0,15.608906328325272,0.8014732620777711,0.004512005532730606,16.410379590403043,17.179793921997703,17.211852852480813,False,"SnO2_Rpm=4000, Spiro_Oxid_Dur=18.00",4000.0,18.0,150.0,0.0,0.10000000000000009,False,False
4300.0,18.0,15.608906332285907,0.8014732571391079,0.00451200539987132,16.410379589425013,17.17979391627856,17.21185284656412,False,"SnO2_Rpm=4500, Spiro_Oxid_Dur=18.00",4500.0,18.0,-200.0,0.0,0.1333333333333333,False,False
4200.0,18.0,15.608906330387608,0.8014732571391079,0.004512005369913814,16.410379587526716,17.17979391438026,17.211852844665824,False,"SnO2_Rpm=4000, Spiro_Oxid_Dur=18.00",4000.0,18.0,200.0,0.0,0.1333333333333333,False,False
4250.0,18.0,15.60890633170782,0.8014732554928868,0.004512005325627386,16.410379587200705,17.179793912473876,17.21185284269359,False,"SnO2_Rpm=4500, Spiro_Oxid_Dur=18.00",4500.0,18.0,-250.0,0.0,0.16666666666666652,False,False
5000.0,24.0,15.28361404825694,0.8014736258921777,0.0013495439995542292,16.08508767414912,16.854502355005607,16.886561300041294,True,"SnO2_Rpm=5000, Spiro_Oxid_Dur=24.00",5000.0,24.0,0.0,0.0,0.0,False,False
4950.0,24.0,15.283613954653234,0.8014735781518764,0.0013495427769177736,16.08508753280511,16.854502167830912,16.886561110956986,False,"SnO2_Rpm=5000, Spiro_Oxid_Dur=24.00",5000.0,24.0,-50.0,0.0,0.03333333333333366,False,False
4900.0,24.0,15.283613863232182,0.8014735337039958,0.0013495416159663015,16.085087396936178,16.854501989292014,16.886560930640172,False,"SnO2_Rpm=5000, Spiro_Oxid_Dur=24.00",5000.0,24.0,-100.0,0.0,0.06666666666666687,False,False
4850.0,24.0,15.283613773993787,0.801473492548539,0.0013495405166997609,16.085087266542327,16.854501819388922,16.886560759090866,False,"SnO2_Rpm=5000, Spiro_Oxid_Dur=24.00",5000.0,24.0,-150.0,0.0,0.10000000000000009,False,False
4800.0,24.0,15.283613686938054,0.8014734546855088,0.0013495394791180962,16.085087141623564,16.854501658121652,16.88656059630907,False,"SnO2_Rpm=5000, Spiro_Oxid_Dur=24.00",5000.0,24.0,-200.0,0.0,0.1333333333333333,False,False
4750.0,24.0,15.283613602064982,0.8014734201149076,0.0013495385032212173,16.085087022179888,16.8545015054902,16.886560442294797,False,"SnO2_Rpm=4500, Spiro_Oxid_Dur=24.00",4500.0,24.0,250.0,0.0,0.16666666666666652,False,False
4700.0,24.0,15.283613519374574,0.8014733888367376,0.0013495375890090842,16.085086908211313,16.85450136149458,16.88656029704805,False,"SnO2_Rpm=4500, Spiro_Oxid_Dur=24.00",4500.0,24.0,200.0,0.0,0.1333333333333333,False,False
4650.0,24.0,15.283613438866835,0.8014733608510011,0.001349536736481645,16.085086799717836,16.854501226134797,16.886560160568838,False,"SnO2_Rpm=4500, Spiro_Oxid_Dur=24.00",4500.0,24.0,150.0,0.0,0.10000000000000009,False,False
4600.0,24.0,15.283613360541763,0.8014733361576998,0.001349535945638844,16.085086696699463,16.854501099410854,16.88656003285716,False,"SnO2_Rpm=4500, Spiro_Oxid_Dur=24.00",4500.0,24.0,100.0,0.0,0.06666666666666687,False,False
4550.0,24.0,15.283613284399364,0.8014733147568353,0.0013495352164806396,16.0850865991562,16.85450098132276,16.886559913913032,False,"SnO2_Rpm=4500, Spiro_Oxid_Dur=24.00",4500.0,24.0,50.0,0.0,0.033333333333333215,False,False
4500.0,24.0,15.283613210439636,0.801473296648409,0.0013495345490069695,16.085086507088047,16.854500871870517,16.886559803736453,True,"SnO2_Rpm=4500, Spiro_Oxid_Dur=24.00",4500.0,24.0,0.0,0.0,0.0,False,False
3500.0,24.0,15.283612189609126,0.8014736258921777,0.001349534153240451,16.085085815501305,16.854500496357794,16.88655944139348,True,"SnO2_Rpm=3500, Spiro_Oxid_Dur=24.00",3500.0,24.0,0.0,0.0,0.0,False,False
4450.0,24.0,15.283613138662586,0.8014732818324224,0.0013495339432178077,16.08508642049501,16.854500771054134,16.886559702327432,False,"SnO2_Rpm=4500, Spiro_Oxid_Dur=24.00",4500.0,24.0,-50.0,0.0,0.033333333333333215,False,False
3550.0,24.0,15.283612219915048,0.8014735781518764,0.0013495335870287693,16.085085798066924,16.854500433092724,16.886559376218802,False,"SnO2_Rpm=3500, Spiro_Oxid_Dur=24.00",3500.0,24.0,50.0,0.0,0.033333333333333215,False,False
4400.0,24.0,15.283613069068211,0.8014732703088762,0.0013495333991130898,16.08508633937709,16.85450067887361,16.886559609685964,False,"SnO2_Rpm=4500, Spiro_Oxid_Dur=24.00",4500.0,24.0,-100.0,0.0,0.06666666666666687,False,False
3600.0,24.0,15.28361225240367,0.8014735337039958,0.00134953308250128,16.085085786107665,16.854500378463502,16.88655931981166,False,"SnO2_Rpm=3500, Spiro_Oxid_Dur=24.00",3500.0,24.0,100.0,0.0,0.06666666666666643,False,False
4350.0,24.0,15.283613001656516,0.8014732620777711,0.0013495329166928003,16.085086263734286,16.854500595328947,16.886559525812057,False,"SnO2_Rpm=4500, Spiro_Oxid_Dur=24.00",4500.0,24.0,-150.0,0.0,0.10000000000000009,False,False
3650.0,24.0,15.283612287074995,0.801473492548539,0.0013495326396579937,16.085085779623533,16.85450033247013,16.88655927217207,False,"SnO2_Rpm=3500, Spiro_Oxid_Dur=24.00",3500.0,24.0,150.0,0.0,0.09999999999999964,False,False
4300.0,24.0,15.283612936427502,0.8014732571391079,0.0013495324959568941,16.08508619356661,16.854500520420153,16.886559450705718,False,"SnO2_Rpm=4500, Spiro_Oxid_Dur=24.00",4500.0,24.0,-200.0,0.0,0.1333333333333333,False,False
3700.0,24.0,15.283612323929018,0.8014734546855088,0.0013495322584988634,16.085085778614527,16.854500295112615,16.886559233300037,False,"SnO2_Rpm=3500, Spiro_Oxid_Dur=24.00",3500.0,24.0,200.0,0.0,0.1333333333333333,False,False
4250.0,24.0,15.28361287338117,0.8014732554928868,0.0013495321369053417,16.085086128874057,16.854500454147228,16.886559384366944,False,"SnO2_Rpm=4500, Spiro_Oxid_Dur=24.00",4500.0,24.0,-250.0,0.0,0.16666666666666652,False,False
3750.0,24.0,15.283612362965743,0.8014734201149076,0.0013495319390239274,16.08508578308065,16.85450026639096,16.886559203195556,False,"SnO2_Rpm=3500, Spiro_Oxid_Dur=24.00",3500.0,24.0,250.0,0.0,0.16666666666666652,False,False
4200.0,24.0,15.283612812517523,0.8014732571391079,0.0013495318395381171,16.085086069656633,16.854500396510176,16.88655932679574,False,"SnO2_Rpm=4000, Spiro_Oxid_Dur=24.00",4000.0,24.0,200.0,0.0,0.1333333333333333,False,False
3800.0,24.0,15.283612404185163,0.8014733888367376,0.0013495316812331438,16.0850857930219,16.854500246305168,16.886559181858637,False,"SnO2_Rpm=4000, Spiro_Oxid_Dur=24.00",4000.0,24.0,-200.0,0.0,0.1333333333333333,False,False
4150.0,24.0,15.283612753836561,0.8014732620777711,0.0013495316038551787,16.08508601591433,16.854500347508992,16.886559277992102,False,"SnO2_Rpm=4000, Spiro_Oxid_Dur=24.00",4000.0,24.0,150.0,0.0,0.10000000000000009,False,False
3850.0,24.0,15.283612447587283,0.8014733608510011,0.0013495314851265528,16.085085808438283,16.854500234855244,16.886559169289285,False,"SnO2_Rpm=4000, Spiro_Oxid_Dur=24.00",4000.0,24.0,-150.0,0.0,0.09999999999999964,False,False
4100.0,24.0,15.283612697338286,0.8014732703088762,0.0013495314298565073,16.085085967647164,16.854500307143685,16.88655923795604,False,"SnO2_Rpm=4000, Spiro_Oxid_Dur=24.00",4000.0,24.0,100.0,0.0,0.06666666666666687,False,False
3900.0,24.0,15.283612493172097,0.8014733361576998,0.0013495313507041438,16.085085829329795,16.85450023204119,16.886559165487498,False,"SnO2_Rpm=4000, Spiro_Oxid_Dur=24.00",4000.0,24.0,-100.0,0.0,0.06666666666666643,False,False
4050.0,24.0,15.283612643022703,0.8014732818324224,0.0013495313175420909,16.085085924855125,16.854500275414253,16.886559206687547,False,"SnO2_Rpm=4000, Spiro_Oxid_Dur=24.00",4000.0,24.0,50.0,0.0,0.03333333333333366,False,False
3950.0,24.0,15.283612540939606,0.8014733147568353,0.0013495312779659204,16.08508585569644,16.854500237863004,16.886559170453275,False,"SnO2_Rpm=4000, Spiro_Oxid_Dur=24.00",4000.0,24.0,-50.0,0.0,0.033333333333333215,False,False
4000.0,24.0,15.283612590889808,0.801473296648409,0.0013495312669118912,16.085085887538217,16.85450025232069,16.886559184186627,True,"SnO2_Rpm=4000, Spiro_Oxid_Dur=24.00",4000.0,24.0,0.0,0.0,0.0,False,False
5000.0,12.0,14.675828947723305,0.8014736258921777,9.667166562411442e-05,15.477302573615482,16.246717254471974,16.27877619950766,True,"SnO2_Rpm=5000, Spiro_Oxid_Dur=12.00",5000.0,12.0,0.0,0.0,0.0,False,False
4950.0,12.0,14.675828827049633,0.8014735781518764,9.667153166614383e-05,15.47730240520151,16.24671704022731,16.278775983353388,False,"SnO2_Rpm=5000, Spiro_Oxid_Dur=12.00",5000.0,12.0,-50.0,0.0,0.03333333333333366,False,False
3500.0,12.0,14.675828654147095,0.8014736258921777,9.667153067364608e-05,15.477302280039272,16.246716960895764,16.27877590593145,True,"SnO2_Rpm=3500, Spiro_Oxid_Dur=12.00",3500.0,12.0,0.0,0.0,0.0,False,False
4900.0,12.0,14.67582871402338,0.8014735337039958,9.667140663653846e-05,15.477302247727376,16.246716840083213,16.27877578143137,False,"SnO2_Rpm=5000, Spiro_Oxid_Dur=12.00",5000.0,12.0,-100.0,0.0,0.06666666666666687,False,False
3550.0,12.0,14.675828553045134,0.8014735781518764,9.66714057125072e-05,15.47730213119701,16.24671676622281,16.27877570934889,False,"SnO2_Rpm=3500, Spiro_Oxid_Dur=12.00",3500.0,12.0,50.0,0.0,0.033333333333333215,False,False
4850.0,12.0,14.675828608644547,0.801473492548539,9.667129053527314e-05,15.477302101193086,16.246716654039684,16.278775593741624,False,"SnO2_Rpm=5000, Spiro_Oxid_Dur=12.00",5000.0,12.0,-150.0,0.0,0.10000000000000009,False,False
3600.0,12.0,14.6758284595906,0.8014735337039958,9.667128967970774e-05,15.477301993294596,16.246716585650432,16.27877552699859,False,"SnO2_Rpm=3500, Spiro_Oxid_Dur=12.00",3500.0,12.0,100.0,0.0,0.06666666666666643,False,False
4800.0,12.0,14.675828510913142,0.8014734546855088,9.667118336232705e-05,15.47730196559865,16.24671648209674,16.27877542028416,False,"SnO2_Rpm=5000, Spiro_Oxid_Dur=12.00",5000.0,12.0,-200.0,0.0,0.1333333333333333,False,False
3650.0,12.0,14.675828373783494,0.801473492548539,9.667118257522186e-05,15.477301866332033,16.24671641917863,16.278775358880573,False,"SnO2_Rpm=3500, Spiro_Oxid_Dur=12.00",3500.0,12.0,150.0,0.0,0.09999999999999964,False,False
4750.0,12.0,14.675828420829163,0.8014734201149076,9.667108511768004e-05,15.47730184094407,16.246716324254383,16.27877526105898,False,"SnO2_Rpm=4500, Spiro_Oxid_Dur=12.00",4500.0,12.0,250.0,0.0,0.16666666666666652,False,False
3700.0,12.0,14.67582829562382,0.8014734546855088,9.66710843990316e-05,15.477301750309328,16.246716266807418,16.278775204994837,False,"SnO2_Rpm=3500, Spiro_Oxid_Dur=12.00",3500.0,12.0,200.0,0.0,0.1333333333333333,False,False
4700.0,12.0,14.675828338392613,0.8014733888367376,9.667099580131107e-05,15.47730172722935,16.246716180512617,16.278775116066086,False,"SnO2_Rpm=4500, Spiro_Oxid_Dur=12.00",4500.0,12.0,200.0,0.0,0.1333333333333333,False,False
3750.0,12.0,14.675828225111578,0.8014734201149076,9.667099515111612e-05,15.477301645226486,16.246716128536796,16.278775065341392,False,"SnO2_Rpm=3500, Spiro_Oxid_Dur=12.00",3500.0,12.0,250.0,0.0,0.16666666666666652,False,False
4650.0,12.0,14.675828263603496,0.8014733608510011,9.667091541320735e-05,15.477301624454496,16.24671605087146,16.278774985305496,False,"SnO2_Rpm=4500, Spiro_Oxid_Dur=12.00",4500.0,12.0,150.0,0.0,0.10000000000000009,False,False
3800.0,12.0,14.675828162246773,0.8014733888367376,9.667091483146024e-05,15.47730155108351,16.246716004366778,16.278774939920247,False,"SnO2_Rpm=4000, Spiro_Oxid_Dur=12.00",4000.0,12.0,-200.0,0.0,0.1333333333333333,False,False
4600.0,12.0,14.675828196461813,0.8014733361576998,9.667084395335087e-05,15.477301532619514,16.246715935330904,16.278774868777212,False,"SnO2_Rpm=4500, Spiro_Oxid_Dur=12.00",4500.0,12.0,100.0,0.0,0.06666666666666687,False,False
3850.0,12.0,14.675828107029403,0.8014733608510011,9.667084344005183e-05,15.477301467880404,16.246715894297367,16.278774828731404,False,"SnO2_Rpm=4000, Spiro_Oxid_Dur=12.00",4000.0,12.0,-150.0,0.0,0.09999999999999964,False,False
4550.0,12.0,14.675828136967565,0.8014733147568353,9.667078142172711e-05,15.4773014517244,16.246715833890963,16.278774766481234,False,"SnO2_Rpm=4500, Spiro_Oxid_Dur=12.00",4500.0,12.0,50.0,0.0,0.033333333333333215,False,False
3900.0,12.0,14.675828059459473,0.8014733361576998,9.66707809768744e-05,15.477301395617173,16.246715798328566,16.278774731774874,False,"SnO2_Rpm=4000, Spiro_Oxid_Dur=12.00",4000.0,12.0,-100.0,0.0,0.06666666666666643,False,False
4500.0,12.0,14.675828085120756,0.8014732966484092,9.667072781832826e-05,15.477301381769164,16.246715746551637,16.278774678417573,True,"SnO2_Rpm=4500, Spiro_Oxid_Dur=12.00",4500.0,12.0,0.0,0.0,0.0,False,False
3950.0,12.0,14.675828019536981,0.8014733147568353,9.667072744191842e-05,15.477301334293816,16.24671571646038,16.27877464905065,False,"SnO2_Rpm=4000, Spiro_Oxid_Dur=12.00",4000.0,12.0,-50.0,0.0,0.033333333333333215,False,False
4450.0,12.0,14.675828040921386,0.8014732818324224,9.667068314314262e-05,15.477301322753808,16.246715673312934,16.278774604586232,False,"SnO2_Rpm=4500, Spiro_Oxid_Dur=12.00",4500.0,12.0,-50.0,0.0,0.033333333333333215,False,False
4000.0,12.0,14.67582798726193,0.801473296648409,9.667068283517131e-05,15.47730128391034,16.246715648692813,16.27877458055875,True,"SnO2_Rpm=4000, Spiro_Oxid_Dur=12.00",4000.0,12.0,0.0,0.0,0.0,False,False
4400.0,12.0,14.675828004369455,0.8014732703088762,9.667064739616086e-05,15.47730127467833,16.246715614174853,16.278774544987208,False,"SnO2_Rpm=4500, Spiro_Oxid_Dur=12.00",4500.0,12.0,-100.0,0.0,0.06666666666666687,False,False
4050.0,12.0,14.675827962634322,0.8014732818324224,9.667064715662959e-05,15.477301244466744,16.24671559502587,16.278774526299166,False,"SnO2_Rpm=4000, Spiro_Oxid_Dur=12.00",4000.0,12.0,50.0,0.0,0.03333333333333366,False,False
4350.0,12.0,14.675827975464966,0.8014732620777711,9.667062057737473e-05,15.477301237542736,16.246715569137397,16.278774499620507,False,"SnO2_Rpm=4500, Spiro_Oxid_Dur=12.00",4500.0,12.0,-150.0,0.0,0.10000000000000009,False,False
4100.0,12.0,14.675827945654156,0.8014732703088762,9.667062040627961e-05,15.477301215963031,16.246715555459552,16.278774486271907,False,"SnO2_Rpm=4000, Spiro_Oxid_Dur=12.00",4000.0,12.0,100.0,0.0,0.06666666666666687,False,False
4300.0,12.0,14.675827954207918,0.801473257139108,9.667060268677991e-05,15.477301211347026,16.24671553820057,16.278774468486134,False,"SnO2_Rpm=4500, Spiro_Oxid_Dur=12.00",4500.0,12.0,-200.0,0.0,0.1333333333333333,False,False
4150.0,12.0,14.675827936321433,0.8014732620777711,9.667060258412483e-05,15.477301198399203,16.246715529993864,16.278774460476974,False,"SnO2_Rpm=4000, Spiro_Oxid_Dur=12.00",4000.0,12.0,150.0,0.0,0.10000000000000009,False,False
4250.0,12.0,14.675827940598314,0.8014732554928868,9.667059372437401e-05,15.4773011960912,16.246715521364372,16.278774451584088,False,"SnO2_Rpm=4500, Spiro_Oxid_Dur=12.00",4500.0,12.0,-250.0,0.0,0.16666666666666652,False,False
4200.0,12.0,14.675827934636152,0.8014732571391079,9.667059369015745e-05,15.47730119177526,16.246715518628804,16.27877444891437,False,"SnO2_Rpm=4000, Spiro_Oxid_Dur=12.00",4000.0,12.0,200.0,0.0,0.1333333333333333,False,False
